  0
SECTION
  2
HEADER
  9
$ACADVER
  1
AC1014
  9
$ACADMAINTVER
 70
     9
  9
$DWGCODEPAGE
  3
CNT
  9
$INSBASE
 10
0.0
 20
0.0
 30
0.0
  9
$EXTMIN
 10
1.000000000000000E+20
 20
1.000000000000000E+20
 30
1.000000000000000E+20
  9
$EXTMAX
 10
-1.000000000000000E+20
 20
-1.000000000000000E+20
 30
-1.000000000000000E+20
  9
$LIMMIN
 10
0.0
 20
0.0
  9
$LIMMAX
 10
12.0
 20
9.0
  9
$ORTHOMODE
 70
     0
  9
$REGENMODE
 70
     1
  9
$FILLMODE
 70
     1
  9
$QTEXTMODE
 70
     0
  9
$MIRRTEXT
 70
     1
  9
$DRAGMODE
 70
     2
  9
$LTSCALE
 40
1.0
  9
$OSMODE
 70
    37
  9
$ATTMODE
 70
     1
  9
$TEXTSIZE
 40
0.2
  9
$TRACEWID
 40
0.05
  9
$TEXTSTYLE
  7
STANDARD
  9
$CLAYER
  8
0
  9
$CELTYPE
  6
BYLAYER
  9
$CECOLOR
 62
   256
  9
$CELTSCALE
 40
1.0
  9
$DELOBJ
 70
     1
  9
$DISPSILH
 70
     0
  9
$DIMSCALE
 40
1.0
  9
$DIMASZ
 40
0.18
  9
$DIMEXO
 40
0.0625
  9
$DIMDLI
 40
0.38
  9
$DIMRND
 40
0.0
  9
$DIMDLE
 40
0.0
  9
$DIMEXE
 40
0.18
  9
$DIMTP
 40
0.0
  9
$DIMTM
 40
0.0
  9
$DIMTXT
 40
0.18
  9
$DIMCEN
 40
0.09
  9
$DIMTSZ
 40
0.0
  9
$DIMTOL
 70
     0
  9
$DIMLIM
 70
     0
  9
$DIMTIH
 70
     1
  9
$DIMTOH
 70
     1
  9
$DIMSE1
 70
     0
  9
$DIMSE2
 70
     0
  9
$DIMTAD
 70
     0
  9
$DIMZIN
 70
     0
  9
$DIMBLK
  1

  9
$DIMASO
 70
     1
  9
$DIMSHO
 70
     1
  9
$DIMPOST
  1

  9
$DIMAPOST
  1

  9
$DIMALT
 70
     0
  9
$DIMALTD
 70
     2
  9
$DIMALTF
 40
25.4
  9
$DIMLFAC
 40
1.0
  9
$DIMTOFL
 70
     0
  9
$DIMTVP
 40
0.0
  9
$DIMTIX
 70
     0
  9
$DIMSOXD
 70
     0
  9
$DIMSAH
 70
     0
  9
$DIMBLK1
  1

  9
$DIMBLK2
  1

  9
$DIMSTYLE
  2
STANDARD
  9
$DIMCLRD
 70
     0
  9
$DIMCLRE
 70
     0
  9
$DIMCLRT
 70
     0
  9
$DIMTFAC
 40
1.0
  9
$DIMGAP
 40
0.09
  9
$DIMJUST
 70
     0
  9
$DIMSD1
 70
     0
  9
$DIMSD2
 70
     0
  9
$DIMTOLJ
 70
     1
  9
$DIMTZIN
 70
     0
  9
$DIMALTZ
 70
     0
  9
$DIMALTTZ
 70
     0
  9
$DIMFIT
 70
     3
  9
$DIMUPT
 70
     0
  9
$DIMUNIT
 70
     2
  9
$DIMDEC
 70
     4
  9
$DIMTDEC
 70
     4
  9
$DIMALTU
 70
     2
  9
$DIMALTTD
 70
     2
  9
$DIMTXSTY
  7
STANDARD
  9
$DIMAUNIT
 70
     0
  9
$LUNITS
 70
     2
  9
$LUPREC
 70
     4
  9
$SKETCHINC
 40
0.1
  9
$FILLETRAD
 40
0.0
  9
$AUNITS
 70
     0
  9
$AUPREC
 70
     0
  9
$MENU
  1
.
  9
$ELEVATION
 40
0.0
  9
$PELEVATION
 40
0.0
  9
$THICKNESS
 40
0.0
  9
$LIMCHECK
 70
     0
  9
$CHAMFERA
 40
0.0
  9
$CHAMFERB
 40
0.0
  9
$CHAMFERC
 40
0.0
  9
$CHAMFERD
 40
0.0
  9
$SKPOLY
 70
     0
  9
$TDCREATE
 40
2461185.720975267
  9
$TDUPDATE
 40
2461185.720975776
  9
$TDINDWG
 40
0.0000000116
  9
$TDUSRTIMER
 40
0.0000000116
  9
$USRTIMER
 70
     1
  9
$ANGBASE
 50
0.0
  9
$ANGDIR
 70
     0
  9
$PDMODE
 70
     0
  9
$PDSIZE
 40
0.0
  9
$PLINEWID
 40
0.0
  9
$COORDS
 70
     1
  9
$SPLFRAME
 70
     0
  9
$SPLINETYPE
 70
     6
  9
$SPLINESEGS
 70
     8
  9
$ATTDIA
 70
     1
  9
$ATTREQ
 70
     1
  9
$HANDLING
 70
     1
  9
$HANDSEED
  5
76D
  9
$SURFTAB1
 70
     6
  9
$SURFTAB2
 70
     6
  9
$SURFTYPE
 70
     6
  9
$SURFU
 70
     6
  9
$SURFV
 70
     6
  9
$UCSNAME
  2

  9
$UCSORG
 10
0.0
 20
0.0
 30
0.0
  9
$UCSXDIR
 10
1.0
 20
0.0
 30
0.0
  9
$UCSYDIR
 10
0.0
 20
1.0
 30
0.0
  9
$PUCSNAME
  2

  9
$PUCSORG
 10
0.0
 20
0.0
 30
0.0
  9
$PUCSXDIR
 10
1.0
 20
0.0
 30
0.0
  9
$PUCSYDIR
 10
0.0
 20
1.0
 30
0.0
  9
$USERI1
 70
     0
  9
$USERI2
 70
     0
  9
$USERI3
 70
     0
  9
$USERI4
 70
     0
  9
$USERI5
 70
     0
  9
$USERR1
 40
0.0
  9
$USERR2
 40
0.0
  9
$USERR3
 40
0.0
  9
$USERR4
 40
0.0
  9
$USERR5
 40
0.0
  9
$WORLDVIEW
 70
     1
  9
$SHADEDGE
 70
     3
  9
$SHADEDIF
 70
    70
  9
$TILEMODE
 70
     1
  9
$MAXACTVP
 70
    64
  9
$PINSBASE
 10
0.0
 20
0.0
 30
0.0
  9
$PLIMCHECK
 70
     0
  9
$PEXTMIN
 10
1.000000000000000E+20
 20
1.000000000000000E+20
 30
1.000000000000000E+20
  9
$PEXTMAX
 10
-1.000000000000000E+20
 20
-1.000000000000000E+20
 30
-1.000000000000000E+20
  9
$PLIMMIN
 10
0.0
 20
0.0
  9
$PLIMMAX
 10
12.0
 20
9.0
  9
$UNITMODE
 70
     0
  9
$VISRETAIN
 70
     1
  9
$PLINEGEN
 70
     0
  9
$PSLTSCALE
 70
     1
  9
$TREEDEPTH
 70
  3020
  9
$PICKSTYLE
 70
     1
  9
$CMLSTYLE
  2
STANDARD
  9
$CMLJUST
 70
     0
  9
$CMLSCALE
 40
1.0
  9
$PROXYGRAPHICS
 70
     1
  9
$MEASUREMENT
 70
     1
  0
ENDSEC
  0
SECTION
  2
CLASSES
  0
CLASS
  1
ACDBDICTIONARYWDFLT
  2
AcDbDictionaryWithDefault
  3
ObjectDBX Classes
 90
        0
280
     0
281
     0
  0
CLASS
  1
VISUALSTYLE
  2
AcDbVisualStyle
  3
ObjectDBX Classes
 90
     4095
280
     0
281
     0
  0
CLASS
  1
MATERIAL
  2
AcDbMaterial
  3
ObjectDBX Classes
 90
     1153
280
     0
281
     0
  0
CLASS
  1
SCALE
  2
AcDbScale
  3
ObjectDBX Classes
 90
     1153
280
     0
281
     0
  0
CLASS
  1
TABLESTYLE
  2
AcDbTableStyle
  3
ObjectDBX Classes
 90
     4095
280
     0
281
     0
  0
CLASS
  1
MLEADERSTYLE
  2
AcDbMLeaderStyle
  3
ACDB_MLEADERSTYLE_CLASS
 90
     4095
280
     0
281
     0
  0
CLASS
  1
SUN
  2
AcDbSun
  3
SCENEOE
 90
     1153
280
     0
281
     0
  0
CLASS
  1
DICTIONARYVAR
  2
AcDbDictionaryVar
  3
ObjectDBX Classes
 90
        0
280
     0
281
     0
  0
CLASS
  1
XRECORD
  2
AcDbXrecord
  3
ObjectDBX Classes
 90
        0
280
     0
281
     0
  0
CLASS
  1
LWPOLYLINE
  2
AcDbPolyline
  3
ObjectDBX Classes
 90
        0
280
     0
281
     1
  0
CLASS
  1
HATCH
  2
AcDbHatch
  3
ObjectDBX Classes
 90
        0
280
     0
281
     1
  0
CLASS
  1
ACDBPLACEHOLDER
  2
AcDbPlaceHolder
  3
ObjectDBX Classes
 90
        0
280
     0
281
     0
  0
CLASS
  1
LAYOUT
  2
AcDbLayout
  3
ObjectDBX Classes
 90
        0
280
     0
281
     0
  0
ENDSEC
  0
SECTION
  2
TABLES
  0
TABLE
  2
VPORT
  5
8
102
{ACAD_XDICTIONARY
360
762
102
}
330
0
100
AcDbSymbolTable
 70
     1
  0
VPORT
  5
29
330
8
100
AcDbSymbolTableRecord
100
AcDbViewportTableRecord
  2
*ACTIVE
 70
     0
 10
0.0
 20
0.0
 11
1.0
 21
1.0
 12
0.0
 22
0.0
 13
0.0
 23
0.0
 14
0.5
 24
0.5
 15
0.5
 25
0.5
 16
0.0
 26
0.0
 36
1.0
 17
0.0
 27
0.0
 37
-1000.0
 40
27.25765538354171
 41
1.333333333333333
 42
50.0
 43
294.8650121863886
 44
342.3748746727439
 50
0.0
 51
0.0
 71
     0
 72
   100
 73
     1
 74
     3
 75
     0
 76
     0
 77
     0
 78
     0
  0
ENDTAB
  0
TABLE
  2
LTYPE
  5
5
330
0
100
AcDbSymbolTable
 70
     1
  0
LTYPE
  5
14
330
5
100
AcDbSymbolTableRecord
100
AcDbLinetypeTableRecord
  2
BYBLOCK
 70
     0
  3

 72
    65
 73
     0
 40
0.0
  0
LTYPE
  5
15
330
5
100
AcDbSymbolTableRecord
100
AcDbLinetypeTableRecord
  2
BYLAYER
 70
     0
  3

 72
    65
 73
     0
 40
0.0
  0
LTYPE
  5
16
330
5
100
AcDbSymbolTableRecord
100
AcDbLinetypeTableRecord
  2
CONTINUOUS
 70
     0
  3
Solid line
 72
    65
 73
     0
 40
0.0
  0
ENDTAB
  0
TABLE
  2
LAYER
  5
2
330
0
100
AcDbSymbolTable
 70
     3
  0
LAYER
  5
10
330
2
100
AcDbSymbolTableRecord
100
AcDbLayerTableRecord
  2
0
 70
     0
 62
     7
  6
CONTINUOUS
  0
LAYER
  5
5E
330
2
100
AcDbSymbolTableRecord
100
AcDbLayerTableRecord
  2
PROFILEEDGES
 70
     0
 62
     7
  6
CONTINUOUS
  0
LAYER
  5
5F
330
2
100
AcDbSymbolTableRecord
100
AcDbLayerTableRecord
  2
SECTIONCUTEDGES
 70
     0
 62
     7
  6
CONTINUOUS
  0
ENDTAB
  0
TABLE
  2
STYLE
  5
3
330
0
100
AcDbSymbolTable
 70
     2
  0
STYLE
  5
11
330
3
100
AcDbSymbolTableRecord
100
AcDbTextStyleTableRecord
  2
STANDARD
 70
     0
 40
0.0
 41
1.0
 50
0.0
 71
     0
 42
0.2
  3
txt
  4

  0
STYLE
  5
709
330
3
100
AcDbSymbolTableRecord
100
AcDbTextStyleTableRecord
  2
TAHOMA
 70
     0
 40
0.0
 41
1.0
 50
0.0
 71
     0
 42
0.2
  3

  4

1001
ACAD
1000
Tahoma
1071
       34
  0
ENDTAB
  0
TABLE
  2
VIEW
  5
6
330
0
100
AcDbSymbolTable
 70
     0
  0
ENDTAB
  0
TABLE
  2
UCS
  5
7
330
0
100
AcDbSymbolTable
 70
     0
  0
ENDTAB
  0
TABLE
  2
APPID
  5
9
330
0
100
AcDbSymbolTable
 70
     2
  0
APPID
  5
12
330
9
100
AcDbSymbolTableRecord
100
AcDbRegAppTableRecord
  2
ACAD
 70
     0
  0
APPID
  5
76C
330
9
100
AcDbSymbolTableRecord
100
AcDbRegAppTableRecord
  2
ACAD_MLEADERVER
 70
     0
  0
ENDTAB
  0
TABLE
  2
DIMSTYLE
  5
A
330
0
100
AcDbSymbolTable
 70
     1
  0
DIMSTYLE
105
27
330
A
100
AcDbSymbolTableRecord
100
AcDbDimStyleTableRecord
  2
STANDARD
 70
     0
  3

  4

  5

  6

  7

 40
1.0
 41
0.18
 42
0.0625
 43
0.38
 44
0.18
 45
0.0
 46
0.0
 47
0.0
 48
0.0
140
0.18
141
0.09
142
0.0
143
25.4
144
1.0
145
0.0
146
1.0
147
0.09
 71
     0
 72
     0
 73
     1
 74
     1
 75
     0
 76
     0
 77
     0
 78
     0
170
     0
171
     2
172
     0
173
     0
174
     0
175
     0
176
     0
177
     0
178
     0
270
     2
271
     4
272
     4
273
     2
274
     2
340
11
275
     0
280
     0
281
     0
282
     0
283
     1
284
     0
285
     0
286
     0
287
     3
288
     0
  0
ENDTAB
  0
TABLE
  2
BLOCK_RECORD
  5
1
330
0
100
AcDbSymbolTable
 70
     0
  0
BLOCK_RECORD
  5
1F
330
1
100
AcDbSymbolTableRecord
100
AcDbBlockTableRecord
  2
*MODEL_SPACE
  0
BLOCK_RECORD
  5
1B
330
1
100
AcDbSymbolTableRecord
100
AcDbBlockTableRecord
  2
*PAPER_SPACE
  0
ENDTAB
  0
ENDSEC
  0
SECTION
  2
BLOCKS
  0
BLOCK
  5
20
330
1F
100
AcDbEntity
  8
0
100
AcDbBlockBegin
  2
*MODEL_SPACE
 70
     0
 10
0.0
 20
0.0
 30
0.0
  3
*MODEL_SPACE
  1

  0
ENDBLK
  5
21
330
1F
100
AcDbEntity
  8
0
100
AcDbBlockEnd
  0
BLOCK
  5
1C
330
1B
100
AcDbEntity
 67
     1
  8
0
100
AcDbBlockBegin
  2
*PAPER_SPACE
 70
     0
 10
0.0
 20
0.0
 30
0.0
  3
*PAPER_SPACE
  1

  0
ENDBLK
  5
1D
330
1B
100
AcDbEntity
 67
     1
  8
0
100
AcDbBlockEnd
  0
ENDSEC
  0
SECTION
  2
ENTITIES
  0
LINE
  5
60
330
1F
100
AcDbEntity
  8
0
100
AcDbLine
 10
-2.613588340320919
 20
-10.05184342688749
 30
0.0
 11
-2.613588340320921
 21
-8.670154855357001
 31
0.0
  0
LINE
  5
61
330
1F
100
AcDbEntity
  8
0
100
AcDbLine
 10
-2.613588340320921
 20
-8.670154855357001
 30
0.0
 11
-2.670281514768607
 21
-8.55084306950422
 31
0.0
  0
LINE
  5
62
330
1F
100
AcDbEntity
  8
0
100
AcDbLine
 10
-6.428359462630026
 20
-3.676701457113146
 30
0.0
 11
-6.456895026760267
 21
-3.616647858233912
 31
0.0
  0
LINE
  5
63
330
1F
100
AcDbEntity
  8
0
100
AcDbLine
 10
-7.012488136717019
 20
-2.521047557524529
 30
0.0
 11
-7.013521063262007
 21
-2.518873745389495
 31
0.0
  0
LINE
  5
64
330
1F
100
AcDbEntity
  8
0
100
AcDbLine
 10
-6.984985498845505
 20
-3.605517100685862
 30
0.0
 11
-6.984985498845507
 21
-2.578927344285573
 31
0.0
  0
LINE
  5
65
330
1F
100
AcDbEntity
  8
0
100
AcDbLine
 10
-1.428863369014459
 20
-0.3660673131665981
 30
0.0
 11
-1.466658818646243
 21
-0.2865261807562442
 31
0.0
  0
LINE
  5
66
330
1F
100
AcDbEntity
  8
0
100
AcDbLine
 10
-7.479767428048283
 20
0.1649998994428775
 30
0.0
 11
-7.479767428048281
 21
1.265244856606016
 31
0.0
  0
LINE
  5
67
330
1F
100
AcDbEntity
  8
0
100
AcDbLine
 10
-7.479767428048281
 20
1.265244856606016
 30
0.0
 11
-7.507805738812466
 21
1.324251976284196
 31
0.0
  0
LINE
  5
68
330
1F
100
AcDbEntity
  8
0
100
AcDbLine
 10
-2.520542908501009
 20
-5.668729786236321
 30
0.0
 11
-2.520542908501009
 21
-5.138355523780671
 31
0.0
  0
LINE
  5
69
330
1F
100
AcDbEntity
  8
0
100
AcDbLine
 10
-2.520542908501009
 20
-5.138355523780671
 30
0.0
 11
-2.450643183463894
 21
-5.113839499694969
 31
0.0
  0
LINE
  5
6A
330
1F
100
AcDbEntity
  8
0
100
AcDbLine
 10
6.4862924775994
 20
2.411599006639965
 30
0.0
 11
6.473908420573048
 21
2.437661473141647
 31
0.0
  0
LINE
  5
6B
330
1F
100
AcDbEntity
  8
0
100
AcDbLine
 10
9.867801388293243
 20
-1.906847633887267
 30
0.0
 11
9.867801388293241
 21
-0.8066023656488578
 31
0.0
  0
LINE
  5
6C
330
1F
100
AcDbEntity
  8
0
100
AcDbLine
 10
9.867801388293241
 20
-0.8066023656488578
 30
0.0
 11
9.817578794822525
 21
-0.7009080316214066
 31
0.0
  0
LINE
  5
6D
330
1F
100
AcDbEntity
  8
0
100
AcDbLine
 10
8.19906719705192
 20
3.012322775627347
 30
0.0
 11
8.18668314002557
 21
3.038385242129031
 31
0.0
  0
LINE
  5
6E
330
1F
100
AcDbEntity
  8
0
100
AcDbLine
 10
13.14465085476638
 20
2.942753563982814
 30
0.0
 11
13.14465085476638
 21
4.349530425010199
 31
0.0
  0
LINE
  5
6F
330
1F
100
AcDbEntity
  8
0
100
AcDbLine
 10
13.14465085476638
 20
4.349530425010199
 30
0.0
 11
13.17498640960831
 21
4.360170054747844
 31
0.0
  0
LINE
  5
70
330
1F
100
AcDbEntity
  8
0
100
AcDbLine
 10
6.038951640390824
 20
-4.174818160330629
 30
0.0
 11
7.940213249707106
 21
-3.507986132272413
 31
0.0
  0
LINE
  5
71
330
1F
100
AcDbEntity
  8
0
100
AcDbLine
 10
7.940213249707106
 20
-3.507986132272413
 30
0.0
 11
7.940213249707107
 21
-2.193151456026752
 31
0.0
  0
LINE
  5
72
330
1F
100
AcDbEntity
  8
0
100
AcDbLine
 10
5.960256585713277
 20
-4.248817601742412
 30
0.0
 11
6.038951640390824
 21
-4.221216779924077
 31
0.0
  0
LINE
  5
73
330
1F
100
AcDbEntity
  8
0
100
AcDbLine
 10
5.960256585713276
 20
-2.887584305903367
 30
0.0
 11
6.038951640390824
 21
-2.859983484085031
 31
0.0
  0
LINE
  5
74
330
1F
100
AcDbEntity
  8
0
100
AcDbLine
 10
5.960256585713277
 20
-4.248817601742412
 30
0.0
 11
5.941354312559969
 21
-4.209037434401835
 31
0.0
  0
LINE
  5
75
330
1F
100
AcDbEntity
  8
0
100
AcDbLine
 10
5.941354312559969
 20
-4.209037434401835
 30
0.0
 11
5.941358860897375
 21
-2.894212330212555
 31
0.0
  0
LINE
  5
76
330
1F
100
AcDbEntity
  8
0
100
AcDbLine
 10
-2.034383778853252
 20
-7.052788513361236
 30
0.0
 11
-1.956465914848084
 21
-7.025460276667276
 31
0.0
  0
LINE
  5
77
330
1F
100
AcDbEntity
  8
0
100
AcDbLine
 10
-2.034383702675592
 20
-5.691555190804298
 30
0.0
 11
-1.956465914848084
 21
-5.66422698082823
 31
0.0
  0
LINE
  5
78
330
1F
100
AcDbEntity
  8
0
100
AcDbLine
 10
1.962547808093824
 20
-5.650939350114013
 30
0.0
 11
2.041242862771371
 21
-5.623338528295677
 31
0.0
  0
LINE
  5
79
330
1F
100
AcDbEntity
  8
0
100
AcDbLine
 10
1.962547808093825
 20
-4.289706054274967
 30
0.0
 11
2.041242862771371
 21
-4.262105232456629
 31
0.0
  0
LINE
  5
7A
330
1F
100
AcDbEntity
  8
0
100
AcDbLine
 10
1.962547808093824
 20
-5.650939350114013
 30
0.0
 11
1.943645534940515
 21
-5.611159182773408
 31
0.0
  0
LINE
  5
7B
330
1F
100
AcDbEntity
  8
0
100
AcDbLine
 10
1.943645534940515
 20
-5.611159182773408
 30
0.0
 11
1.943650083277931
 21
-4.296334078584152
 31
0.0
  0
LINE
  5
7C
330
1F
100
AcDbEntity
  8
0
100
AcDbLine
 10
-1.956465914848083
 20
-6.97906165707378
 30
0.0
 11
-0.055204305531796
 21
-6.312229629015517
 31
0.0
  0
LINE
  5
7D
330
1F
100
AcDbEntity
  8
0
100
AcDbLine
 10
-0.0363065807159054
 20
-6.352000224299777
 30
0.0
 11
0.0423884739616427
 21
-6.324399402481439
 31
0.0
  0
LINE
  5
7E
330
1F
100
AcDbEntity
  8
0
100
AcDbLine
 10
-0.0363065807159054
 20
-6.352000224299777
 30
0.0
 11
-0.055204305531796
 21
-6.312229629015517
 31
0.0
  0
LINE
  5
7F
330
1F
100
AcDbEntity
  8
0
100
AcDbLine
 10
0.0423884739616427
 20
-6.278000782887994
 30
0.0
 11
1.943645534940515
 21
-5.611159182773408
 31
0.0
  0
LINE
  5
80
330
1F
100
AcDbEntity
  8
0
100
AcDbLine
 10
2.041242862771371
 20
-5.576939908702217
 30
0.0
 11
3.94250447208765
 21
-4.910107880643965
 31
0.0
  0
LINE
  5
81
330
1F
100
AcDbEntity
  8
0
100
AcDbLine
 10
3.961402196903545
 20
-4.949878475928214
 30
0.0
 11
3.94250447208765
 21
-4.910107880643965
 31
0.0
  0
LINE
  5
82
330
1F
100
AcDbEntity
  8
0
100
AcDbLine
 10
3.961402196903545
 20
-4.949878475928214
 30
0.0
 11
4.040097251581094
 21
-4.92227765410989
 31
0.0
  0
LINE
  5
83
330
1F
100
AcDbEntity
  8
0
100
AcDbLine
 10
4.040097251581094
 20
-4.875879034516431
 30
0.0
 11
5.941354312559969
 21
-4.209037434401835
 31
0.0
  0
LINE
  5
84
330
1F
100
AcDbEntity
  8
0
100
AcDbLine
 10
-0.055204305531796
 20
-6.312229629015517
 30
0.0
 11
-0.0552043055317966
 21
-4.997394952769953
 31
0.0
  0
LINE
  5
85
330
1F
100
AcDbEntity
  8
0
100
AcDbLine
 10
3.94250447208765
 20
-4.910107880643965
 30
0.0
 11
3.94250447208765
 21
-3.595273204398355
 31
0.0
  0
LINE
  5
86
330
1F
100
AcDbEntity
  8
0
100
AcDbLine
 10
4.483524184370608
 20
0.3803373708308284
 30
0.0
 11
5.870691335798331
 21
0.8668603618331199
 31
0.0
  0
LINE
  5
87
330
1F
100
AcDbEntity
  8
0
100
AcDbLine
 10
5.870691335798331
 20
0.8668603618331199
 30
0.0
 11
5.870691335798336
 21
2.165926031577325
 31
0.0
  0
LINE
  5
88
330
1F
100
AcDbEntity
  8
0
100
AcDbLine
 10
4.425898574688493
 20
0.3137276440524738
 30
0.0
 11
4.483524184370608
 21
0.333938751237369
 31
0.0
  0
LINE
  5
89
330
1F
100
AcDbEntity
  8
0
100
AcDbLine
 10
4.425898574688492
 20
1.659191933390146
 30
0.0
 11
4.483524184370608
 21
1.679403040575041
 31
0.0
  0
LINE
  5
8A
330
1F
100
AcDbEntity
  8
0
100
AcDbLine
 10
4.425898574688493
 20
0.3137276440524738
 30
0.0
 11
4.406996301535184
 21
0.3535078113930799
 31
0.0
  0
LINE
  5
8B
330
1F
100
AcDbEntity
  8
0
100
AcDbLine
 10
4.406996301535184
 20
0.3535078113930799
 30
0.0
 11
4.407000849872594
 21
1.652563909080958
 31
0.0
  0
LINE
  5
8C
330
1F
100
AcDbEntity
  8
0
100
AcDbLine
 10
-1.428243409982128
 20
-1.739503406872094
 30
0.0
 11
-1.371237759332344
 21
-1.719509738748091
 31
0.0
  0
LINE
  5
8D
330
1F
100
AcDbEntity
  8
0
100
AcDbLine
 10
-1.428243409982128
 20
-0.3940391175344234
 30
0.0
 11
-1.371237759332343
 21
-0.3740454494104207
 31
0.0
  0
LINE
  5
8E
330
1F
100
AcDbEntity
  8
0
100
AcDbLine
 10
1.498517602837018
 20
-0.7129966009402567
 30
0.0
 11
1.556143212519133
 21
-0.6927854937553608
 31
0.0
  0
LINE
  5
8F
330
1F
100
AcDbEntity
  8
0
100
AcDbLine
 10
1.498517602837018
 20
0.6324676883974153
 30
0.0
 11
1.556143212519133
 21
0.6526787955823105
 31
0.0
  0
LINE
  5
90
330
1F
100
AcDbEntity
  8
0
100
AcDbLine
 10
1.498517602837018
 20
-0.7129966009402567
 30
0.0
 11
1.479615329683707
 21
-0.673216433599655
 31
0.0
  0
LINE
  5
91
330
1F
100
AcDbEntity
  8
0
100
AcDbLine
 10
1.479615329683707
 20
-0.673216433599655
 30
0.0
 11
1.479619878021125
 21
0.6258396640882292
 31
0.0
  0
LINE
  5
92
330
1F
100
AcDbEntity
  8
0
100
AcDbLine
 10
-1.371237759332343
 20
-1.673111119154647
 30
0.0
 11
0.0159293920953879
 21
-1.186588128152377
 31
0.0
  0
LINE
  5
93
330
1F
100
AcDbEntity
  8
0
100
AcDbLine
 10
0.0348271169112783
 20
-1.226358723436623
 30
0.0
 11
0.0159293920953879
 21
-1.186588128152377
 31
0.0
  0
LINE
  5
94
330
1F
100
AcDbEntity
  8
0
100
AcDbLine
 10
0.0348271169112783
 20
-1.226358723436623
 30
0.0
 11
0.0924527265933938
 21
-1.206147616251741
 31
0.0
  0
LINE
  5
95
330
1F
100
AcDbEntity
  8
0
100
AcDbLine
 10
0.0924527265933939
 20
-1.159748996658282
 30
0.0
 11
1.479615329683707
 21
-0.673216433599655
 31
0.0
  0
LINE
  5
96
330
1F
100
AcDbEntity
  8
0
100
AcDbLine
 10
1.556143212519133
 20
-0.6463868741619153
 30
0.0
 11
2.943310363946857
 21
-0.1598638831596279
 31
0.0
  0
LINE
  5
97
330
1F
100
AcDbEntity
  8
0
100
AcDbLine
 10
2.962208088762751
 20
-0.1996344784438926
 30
0.0
 11
2.943310363946857
 21
-0.1598638831596279
 31
0.0
  0
LINE
  5
98
330
1F
100
AcDbEntity
  8
0
100
AcDbLine
 10
2.962208088762751
 20
-0.1996344784438926
 30
0.0
 11
3.019833698444865
 21
-0.1794233712589942
 31
0.0
  0
LINE
  5
99
330
1F
100
AcDbEntity
  8
0
100
AcDbLine
 10
3.019833698444867
 20
-0.1330247516655455
 30
0.0
 11
4.406996301535184
 21
0.3535078113930799
 31
0.0
  0
LINE
  5
9A
330
1F
100
AcDbEntity
  8
0
100
AcDbLine
 10
0.0159293920953879
 20
-1.186588128152377
 30
0.0
 11
0.0159293920953867
 21
0.1124775415918635
 31
0.0
  0
LINE
  5
9B
330
1F
100
AcDbEntity
  8
0
100
AcDbLine
 10
2.943310363946857
 20
-0.1598638831596279
 30
0.0
 11
2.943310363946857
 21
1.139201786584593
 31
0.0
  0
LINE
  5
9C
330
1F
100
AcDbEntity
  8
0
100
AcDbLine
 10
-9.006133156640571
 20
2.430918474708422
 30
0.0
 11
-9.00613315664057
 21
2.450078476299975
 31
0.0
  0
LINE
  5
9D
330
1F
100
AcDbEntity
  8
0
100
AcDbLine
 10
-8.97287545471246
 20
2.48168413318032
 30
0.0
 11
-8.973456655552521
 21
2.483990405937989
 31
0.0
  0
LINE
  5
9E
330
1F
100
AcDbEntity
  8
0
100
AcDbLine
 10
-9.251803573480029
 20
2.947936201266767
 30
0.0
 11
-9.251803573480027
 21
2.958033474993728
 31
0.0
  0
LINE
  5
9F
330
1F
100
AcDbEntity
  8
0
100
AcDbLine
 10
-9.218545885969748
 20
2.998701890081242
 30
0.0
 11
-9.219127077365137
 21
3.001008130752115
 31
0.0
  0
LINE
  5
A0
330
1F
100
AcDbEntity
  8
0
100
AcDbLine
 10
-6.426658667381438
 20
-4.780525767846552
 30
0.0
 11
-6.428359462803173
 21
-4.776946414337012
 31
0.0
  0
LINE
  5
A1
330
1F
100
AcDbEntity
  8
0
100
AcDbLine
 10
-6.426658667381438
 20
-4.780525767846552
 30
0.0
 11
-5.315669660168988
 21
-4.390867106881771
 31
0.0
  0
LINE
  5
A2
330
1F
100
AcDbEntity
  8
0
100
AcDbLine
 10
-10.3073961791736
 20
0.6479079066764208
 30
0.0
 11
-10.83028810784458
 21
1.748343195854305
 31
0.0
  0
LINE
  5
A3
330
1F
100
AcDbEntity
  8
0
100
AcDbLine
 10
-4.29726307022424
 20
-4.033680000997393
 30
0.0
 11
-4.29726307022424
 21
-2.909478481986947
 31
0.0
  0
LINE
  5
A4
330
1F
100
AcDbEntity
  8
0
100
AcDbLine
 10
6.804686870679578
 20
-0.234039687927081
 30
0.0
 11
7.713168413766045
 21
-2.145955123531691
 31
0.0
  0
LINE
  5
A5
330
1F
100
AcDbEntity
  8
0
100
AcDbLine
 10
6.487295331300076
 20
2.409488681956337
 30
0.0
 11
5.931800827693848
 21
2.214659351473943
 31
0.0
  0
LINE
  5
A6
330
1F
100
AcDbEntity
  8
0
100
AcDbLine
 10
5.856467863536786
 20
2.373198903628643
 30
0.0
 11
6.411962367143014
 21
2.568028234111024
 31
0.0
  0
LINE
  5
A7
330
1F
100
AcDbEntity
  8
0
100
AcDbLine
 10
5.931800827693848
 20
2.214659351473943
 30
0.0
 11
5.931438803768017
 21
2.215421237212979
 31
0.0
  0
LINE
  5
A8
330
1F
100
AcDbEntity
  8
0
100
AcDbLine
 10
5.891424661710559
 20
2.29963170513533
 30
0.0
 11
5.856467863536786
 21
2.373198903628643
 31
0.0
  0
LINE
  5
A9
330
1F
100
AcDbEntity
  8
0
100
AcDbLine
 10
8.566302996154722
 20
-3.373109689782447
 30
0.0
 11
8.566302990538853
 21
-1.965819625615084
 31
0.0
  0
LINE
  5
AA
330
1F
100
AcDbEntity
  8
0
100
AcDbLine
 10
8.0108084925485
 20
-3.567939020264834
 30
0.0
 11
8.009063903705433
 21
-3.564267502265129
 31
0.0
  0
LINE
  5
AB
330
1F
100
AcDbEntity
  8
0
100
AcDbLine
 10
8.0108084925485
 20
-3.567939020264834
 30
0.0
 11
8.010808492691401
 21
-2.160648952531411
 31
0.0
  0
LINE
  5
AC
330
1F
100
AcDbEntity
  8
0
100
AcDbLine
 10
8.566302996154722
 20
-3.373109689782447
 30
0.0
 11
8.0108084925485
 21
-3.567939020264834
 31
0.0
  0
LINE
  5
AD
330
1F
100
AcDbEntity
  8
0
100
AcDbLine
 10
-9.714862785346654
 20
3.546847873102532
 30
0.0
 11
-9.714862785346654
 21
2.155028599536505
 31
0.0
  0
LINE
  5
AE
330
1F
100
AcDbEntity
  8
0
100
AcDbLine
 10
-2.991540388814831
 20
-7.426807564190566
 30
0.0
 11
-2.034383780997402
 21
-7.091102746488067
 31
0.0
  0
LINE
  5
AF
330
1F
100
AcDbEntity
  8
0
100
AcDbLine
 10
-8.186759870524526
 20
-4.145085688756892
 30
0.0
 11
-11.08542440741267
 21
-5.161738180093336
 31
0.0
  0
LINE
  5
B0
330
1F
100
AcDbEntity
  8
0
100
AcDbLine
 10
-3.659588115164135
 20
-2.26354149055389
 30
0.0
 11
-4.353956244671907
 21
-2.507078153656894
 31
0.0
  0
LINE
  5
B1
330
1F
100
AcDbEntity
  8
0
100
AcDbLine
 10
-7.676521300495443
 20
-3.8116016999442
 30
0.0
 11
-7.53764767735425
 21
-3.762894613644241
 31
0.0
  0
LINE
  5
B2
330
1F
100
AcDbEntity
  8
0
100
AcDbLine
 10
-3.218022205604953
 20
-7.398113121947
 30
0.0
 11
-3.032857371069544
 21
-7.333170011786204
 31
0.0
  0
LINE
  5
B3
330
1F
100
AcDbEntity
  8
0
100
AcDbLine
 10
-3.561993665914522
 20
-6.219593343826907
 30
0.0
 11
-3.032857371069544
 21
-7.333170011786204
 31
0.0
  0
LINE
  5
B4
330
1F
100
AcDbEntity
  8
0
100
AcDbLine
 10
-3.741768566618016
 20
-2.431560609027269
 30
0.0
 11
-4.29726307022424
 21
-2.626389939509659
 31
0.0
  0
LINE
  5
B5
330
1F
100
AcDbEntity
  8
0
100
AcDbLine
 10
-3.741768566618016
 20
-2.431560609027269
 30
0.0
 11
-2.83467777545518
 21
-4.340549182671809
 31
0.0
  0
LINE
  5
B6
330
1F
100
AcDbEntity
  8
0
100
AcDbLine
 10
-2.777984601007504
 20
-4.459860968524591
 30
0.0
 11
-4.166720860023067
 21
-4.946934294730566
 31
0.0
  0
LINE
  5
B7
330
1F
100
AcDbEntity
  8
0
100
AcDbLine
 10
-7.012488136760045
 20
-2.140347252350575
 30
0.0
 11
-8.543203846761347
 21
1.081070965478374
 31
0.0
  0
LINE
  5
B8
330
1F
100
AcDbEntity
  8
0
100
AcDbLine
 10
-10.69141448194302
 20
3.20434058996263
 30
0.0
 11
-10.1245394788552
 21
2.011342144688898
 31
0.0
  0
LINE
  5
B9
330
1F
100
AcDbEntity
  8
0
100
AcDbLine
 10
-7.507805738812466
 20
1.6298120075802
 30
0.0
 11
-7.507805738812466
 21
1.324251976284196
 31
0.0
  0
LINE
  5
BA
330
1F
100
AcDbEntity
  8
0
100
AcDbLine
 10
-14.69732179979854
 20
1.984937834978456
 30
0.0
 11
-4.281799857181829
 21
5.637987781523277
 31
0.0
  0
LINE
  5
BB
330
1F
100
AcDbEntity
  8
0
100
AcDbLine
 10
-4.20620895791826
 20
5.478905400386232
 30
0.0
 11
-6.057857303272344
 21
4.829474298778264
 31
0.0
  0
LINE
  5
BC
330
1F
100
AcDbEntity
  8
0
100
AcDbLine
 10
-4.281799857181829
 20
5.637987781523277
 30
0.0
 11
-4.20620895791826
 21
5.478905400386232
 31
0.0
  0
LINE
  5
BD
330
1F
100
AcDbEntity
  8
0
100
AcDbLine
 10
-8.63115213389717
 20
-10.78142325126924
 30
0.0
 11
-14.69732179979854
 21
1.984937834978456
 31
0.0
  0
LINE
  5
BE
330
1F
100
AcDbEntity
  8
0
100
AcDbLine
 10
-2.730493774015271
 20
-7.969499536334373
 30
0.0
 11
-2.484823351408675
 21
-8.48651727502976
 31
0.0
  0
LINE
  5
BF
330
1F
100
AcDbEntity
  8
0
100
AcDbLine
 10
-8.445987299361764
 20
-10.71648014110844
 30
0.0
 11
-8.63115213389717
 21
-10.78142325126924
 31
0.0
  0
LINE
  5
C0
330
1F
100
AcDbEntity
  8
0
100
AcDbLine
 10
-2.613295011496408
 20
-8.670772171043339
 30
0.0
 11
11.41294120456077
 21
-3.751331576362977
 31
0.0
  0
LINE
  5
C1
330
1F
100
AcDbEntity
  8
0
100
AcDbLine
 10
-2.613295011496408
 20
-8.670772171043339
 30
0.0
 11
-2.613588340320921
 21
-8.670154855357001
 31
0.0
  0
LINE
  5
C2
330
1F
100
AcDbEntity
  8
0
100
AcDbLine
 10
-2.670281514768607
 20
-8.55084306950422
 30
0.0
 11
-2.91565860855068
 21
-8.03444264649517
 31
0.0
  0
LINE
  5
C3
330
1F
100
AcDbEntity
  8
0
100
AcDbLine
 10
-3.034550019332952
 20
3.01312849276208
 30
0.0
 11
-3.11014091859652
 21
3.172210873899119
 31
0.0
  0
LINE
  5
C4
330
1F
100
AcDbEntity
  8
0
100
AcDbLine
 10
-2.450133726947026
 20
-5.114911659922967
 30
0.0
 11
-2.450133726947026
 21
-4.808859787561053
 31
0.0
  0
LINE
  5
C5
330
1F
100
AcDbEntity
  8
0
100
AcDbLine
 10
-2.589007352848584
 20
-5.692742407089347
 30
0.0
 11
-2.589007352848586
 21
-4.857567120181653
 31
0.0
  0
LINE
  5
C6
330
1F
100
AcDbEntity
  8
0
100
AcDbLine
 10
-2.777984601007504
 20
-5.759022635507631
 30
0.0
 11
-2.777984601007504
 21
-4.459860968524591
 31
0.0
  0
LINE
  5
C7
330
1F
100
AcDbEntity
  8
0
100
AcDbLine
 10
5.931800827693848
 20
0.8073692899862036
 30
0.0
 11
5.931438803768016
 21
0.8081311757252424
 31
0.0
  0
LINE
  5
C8
330
1F
100
AcDbEntity
  8
0
100
AcDbLine
 10
-5.067567374775268
 20
-3.051087131350269
 30
0.0
 11
-4.353956244671916
 21
-2.800801344901921
 31
0.0
  0
LINE
  5
C9
330
1F
100
AcDbEntity
  8
0
100
AcDbLine
 10
-3.539957408104293
 20
-2.515306443850053
 30
0.0
 11
-1.428243409982128
 21
-1.774662167887812
 31
0.0
  0
LINE
  5
CA
330
1F
100
AcDbEntity
  8
0
100
AcDbLine
 10
-5.901499129408527
 20
-2.135403632370839
 30
0.0
 11
-5.901499129388545
 21
-1.750688843345054
 31
0.0
  0
LINE
  5
CB
330
1F
100
AcDbEntity
  8
0
100
AcDbLine
 10
-5.825908230229137
 20
-3.023338095010625
 30
0.0
 11
-5.825908230346919
 21
-1.909770972398492
 31
0.0
  0
LINE
  5
CC
330
1F
100
AcDbEntity
  8
0
100
AcDbLine
 10
5.931800827693848
 20
0.8073692899862036
 30
0.0
 11
5.931800827693848
 21
2.214659351473943
 31
0.0
  0
LINE
  5
CD
330
1F
100
AcDbEntity
  8
0
100
AcDbLine
 10
5.856467863536786
 20
2.287371260540846
 30
0.0
 11
5.856467863536786
 21
2.373198903628643
 31
0.0
  0
LINE
  5
CE
330
1F
100
AcDbEntity
  8
0
100
AcDbLine
 10
6.487295331300076
 20
1.002198620468597
 30
0.0
 11
5.931800827693848
 21
0.8073692899862036
 31
0.0
  0
LINE
  5
CF
330
1F
100
AcDbEntity
  8
0
100
AcDbLine
 10
-3.741768566618016
 20
-3.838850670515003
 30
0.0
 11
-3.741768566618016
 21
-2.431560609027269
 31
0.0
  0
LINE
  5
D0
330
1F
100
AcDbEntity
  8
0
100
AcDbLine
 10
-3.741768566618016
 20
-3.838850670515003
 30
0.0
 11
-3.407853886105935
 21
-4.541580006850311
 31
0.0
  0
LINE
  5
D1
330
1F
100
AcDbEntity
  8
0
100
AcDbLine
 10
-3.741768566618016
 20
-3.838850670515003
 30
0.0
 11
-4.29726307022424
 21
-4.033680000997393
 31
0.0
  0
LINE
  5
D2
330
1F
100
AcDbEntity
  8
0
100
AcDbLine
 10
-7.537647674593887
 20
-5.170184428811326
 30
0.0
 11
-7.676521300495443
 21
-5.218891761431923
 31
0.0
  0
LINE
  5
D3
330
1F
100
AcDbEntity
  8
0
100
AcDbLine
 10
-7.676521300495443
 20
-5.218891761431923
 30
0.0
 11
-8.186759870524526
 21
-4.145085688756892
 31
0.0
  0
LINE
  5
D4
330
1F
100
AcDbEntity
  8
0
100
AcDbLine
 10
-10.20671993030908
 20
1.843323026215518
 30
0.0
 11
-10.20671993030908
 21
0.6832182221420393
 31
0.0
  0
LINE
  5
D5
330
1F
100
AcDbEntity
  8
0
100
AcDbLine
 10
-10.83028810784458
 20
3.155633257342034
 30
0.0
 11
-10.83028810784458
 21
1.748343195854305
 31
0.0
  0
LINE
  5
D6
330
1F
100
AcDbEntity
  8
0
100
AcDbLine
 10
-8.952420981909594
 20
2.283244974596613
 30
0.0
 11
-8.952420981909594
 21
1.123140170523132
 31
0.0
  0
LINE
  5
D7
330
1F
100
AcDbEntity
  8
0
100
AcDbLine
 10
-8.63115213389717
 20
-12.18871331275697
 30
0.0
 11
-14.69732179979854
 21
0.577647773490729
 31
0.0
  0
LINE
  5
D8
330
1F
100
AcDbEntity
  8
0
100
AcDbLine
 10
-10.69141448194302
 20
3.20434058996263
 30
0.0
 11
-9.714862785346654
 21
3.546847873102532
 31
0.0
  0
LINE
  5
D9
330
1F
100
AcDbEntity
  8
0
100
AcDbLine
 10
-7.069459069659646
 20
-3.427740980423572
 30
0.0
 11
-7.392684543658148
 21
-2.747507267787094
 31
0.0
  0
LINE
  5
DA
330
1F
100
AcDbEntity
  8
0
100
AcDbLine
 10
-7.431641491960316
 20
-2.665521682775021
 30
0.0
 11
-8.543203846761347
 21
-0.3262190960093579
 31
0.0
  0
LINE
  5
DB
330
1F
100
AcDbEntity
  8
0
100
AcDbLine
 10
-4.236544204918378
 20
4.060975817130631
 30
0.0
 11
-5.484681192621617
 21
3.623215061469028
 31
0.0
  0
LINE
  5
DC
330
1F
100
AcDbEntity
  8
0
100
AcDbLine
 10
-8.543203846761347
 20
-0.3262190960093579
 30
0.0
 11
-12.6917310167635
 21
-1.781237580931174
 31
0.0
  0
LINE
  5
DD
330
1F
100
AcDbEntity
  8
0
100
AcDbLine
 10
-13.86338995534881
 20
0.6845393266929827
 30
0.0
 11
-10.83028810784458
 21
1.748343195854305
 31
0.0
  0
LINE
  5
DE
330
1F
100
AcDbEntity
  8
0
100
AcDbLine
 10
-8.186759870524526
 20
-2.73779562726917
 30
0.0
 11
-11.65860051806342
 21
-3.955478942784108
 31
0.0
  0
LINE
  5
DF
330
1F
100
AcDbEntity
  8
0
100
AcDbLine
 10
-8.445987299361764
 20
-12.12377020259617
 30
0.0
 11
-8.63115213389717
 21
-12.18871331275697
 31
0.0
  0
LINE
  5
E0
330
1F
100
AcDbEntity
  8
0
100
AcDbLine
 10
-8.543203846761347
 20
1.081070965478374
 30
0.0
 11
-13.26490712741426
 21
-0.5749783436219476
 31
0.0
  0
LINE
  5
E1
330
1F
100
AcDbEntity
  8
0
100
AcDbLine
 10
-2.613295011496408
 20
-10.07806223253109
 30
0.0
 11
11.41294120456077
 21
-5.158621637850723
 31
0.0
  0
LINE
  5
E2
330
1F
100
AcDbEntity
  8
0
100
AcDbLine
 10
-2.613295011496408
 20
-10.07806223253109
 30
0.0
 11
-2.624015588293562
 21
-10.05550058952023
 31
0.0
  0
LINE
  5
E3
330
1F
100
AcDbEntity
  8
0
100
AcDbLine
 10
-6.196730929173901
 20
3.373476904669939
 30
0.0
 11
-5.673839000502916
 21
2.273041615492062
 31
0.0
  0
LINE
  5
E4
330
1F
100
AcDbEntity
  8
0
100
AcDbLine
 10
-7.432214839548897
 20
0.0634395649554493
 30
0.0
 11
-7.480372284435632
 21
0.1647877573528652
 31
0.0
  0
LINE
  5
E5
330
1F
100
AcDbEntity
  8
0
100
AcDbLine
 10
-7.432214839548897
 20
0.0634395649554493
 30
0.0
 11
-3.06496495278648
 21
1.595170960970081
 31
0.0
  0
LINE
  5
E6
330
1F
100
AcDbEntity
  8
0
100
AcDbLine
 10
-6.196730929173901
 20
3.373476904669939
 30
0.0
 11
-8.93538518949796
 21
2.412945031721084
 31
0.0
  0
LINE
  5
E7
330
1F
100
AcDbEntity
  8
0
100
AcDbLine
 10
-7.676521300495443
 20
-3.8116016999442
 30
0.0
 11
-7.676521300495443
 21
-5.218891761431923
 31
0.0
  0
LINE
  5
E8
330
1F
100
AcDbEntity
  8
0
100
AcDbLine
 10
-7.676521300495443
 20
-3.8116016999442
 30
0.0
 11
-8.186759870524526
 21
-2.73779562726917
 31
0.0
  0
LINE
  5
E9
330
1F
100
AcDbEntity
  8
0
100
AcDbLine
 10
-8.186759870524526
 20
-2.73779562726917
 30
0.0
 11
-8.186759870524526
 21
-4.145085688756892
 31
0.0
  0
LINE
  5
EA
330
1F
100
AcDbEntity
  8
0
100
AcDbLine
 10
-8.543203846761347
 20
1.081070965478374
 30
0.0
 11
-8.543203846761347
 21
-0.3262190960093579
 31
0.0
  0
LINE
  5
EB
330
1F
100
AcDbEntity
  8
0
100
AcDbLine
 10
-14.69732179979854
 20
1.984937834978456
 30
0.0
 11
-14.69732179979854
 21
0.577647773490729
 31
0.0
  0
LINE
  5
EC
330
1F
100
AcDbEntity
  8
0
100
AcDbLine
 10
-8.63115213389717
 20
-10.78142325126924
 30
0.0
 11
-8.63115213389717
 21
-12.18871331275697
 31
0.0
  0
LINE
  5
ED
330
1F
100
AcDbEntity
  8
0
100
AcDbLine
 10
11.41294120456077
 20
-3.751331576362977
 30
0.0
 11
11.41294120456077
 21
-5.158621637850723
 31
0.0
  0
LINE
  5
EE
330
1F
100
AcDbEntity
  8
0
100
AcDbLine
 10
10.93390853197315
 20
-3.084168193866882
 30
0.0
 11
11.21737440421153
 21
-3.680727123130791
 31
0.0
  0
LINE
  5
EF
330
1F
100
AcDbEntity
  8
0
100
AcDbLine
 10
10.93390853197315
 20
-3.084168193866882
 30
0.0
 11
10.93390853197315
 21
-3.780147487768567
 31
0.0
  0
LINE
  5
F0
330
1F
100
AcDbEntity
  8
0
100
AcDbLine
 10
-2.91565860855068
 20
-8.03444264649517
 30
0.0
 11
-2.91565860855068
 21
-8.636890107982314
 31
0.0
  0
LINE
  5
F1
330
1F
100
AcDbEntity
  8
0
100
AcDbLine
 10
-4.20620895791826
 20
5.478905400386232
 30
0.0
 11
-4.20620895791826
 21
5.478392199925914
 31
0.0
  0
LINE
  5
F2
330
1F
100
AcDbEntity
  8
0
100
AcDbLine
 10
11.07278215787471
 20
-3.035460861246285
 30
0.0
 11
10.93390853197315
 21
-3.084168193866882
 31
0.0
  0
LINE
  5
F3
330
1F
100
AcDbEntity
  8
0
100
AcDbLine
 10
-2.613295011496408
 20
-8.670772171043339
 30
0.0
 11
-2.613295011496408
 21
-10.07806223253109
 31
0.0
  0
LINE
  5
F4
330
1F
100
AcDbEntity
  8
0
100
AcDbLine
 10
-6.196730929173901
 20
4.780766966157667
 30
0.0
 11
-5.497515110985926
 21
3.309254940640021
 31
0.0
  0
LINE
  5
F5
330
1F
100
AcDbEntity
  8
0
100
AcDbLine
 10
-14.43656606599956
 20
1.89079856400221
 30
0.0
 11
-10.83028810784458
 21
3.155633257342034
 31
0.0
  0
LINE
  5
F6
330
1F
100
AcDbEntity
  8
0
100
AcDbLine
 10
-10.20671993030908
 20
1.843323026215518
 30
0.0
 11
-10.83028810784458
 21
3.155633257342034
 31
0.0
  0
LINE
  5
F7
330
1F
100
AcDbEntity
  8
0
100
AcDbLine
 10
-8.952420981909594
 20
2.283244974596613
 30
0.0
 11
-10.20671993030908
 21
1.843323026215518
 31
0.0
  0
LINE
  5
F8
330
1F
100
AcDbEntity
  8
0
100
AcDbLine
 10
-7.432214839548902
 20
1.470729626443166
 30
0.0
 11
-3.034550019332952
 21
3.01312849276208
 31
0.0
  0
LINE
  5
F9
330
1F
100
AcDbEntity
  8
0
100
AcDbLine
 10
-7.432214839548902
 20
1.470729626443166
 30
0.0
 11
-7.432214839548897
 21
0.0634395649554493
 31
0.0
  0
LINE
  5
FA
330
1F
100
AcDbEntity
  8
0
100
AcDbLine
 10
-3.034550019332952
 20
3.01312849276208
 30
0.0
 11
-3.034550019332952
 21
3.010294040336262
 31
0.0
  0
LINE
  5
FB
330
1F
100
AcDbEntity
  8
0
100
AcDbLine
 10
-3.218022205604953
 20
-7.398113121947
 30
0.0
 11
-3.218022205604953
 21
-8.742938496929275
 31
0.0
  0
LINE
  5
FC
330
1F
100
AcDbEntity
  8
0
100
AcDbLine
 10
-3.032857371069544
 20
-7.333170011786204
 30
0.0
 11
-3.032857371069544
 21
-7.339855246087316
 31
0.0
  0
LINE
  5
FD
330
1F
100
AcDbEntity
  8
0
100
AcDbLine
 10
-9.292523287206718
 20
2.998996276459216
 30
0.0
 11
-9.292523287206718
 21
2.303156296794878
 31
0.0
  0
LINE
  5
FE
330
1F
100
AcDbEntity
  8
0
100
AcDbLine
 10
-9.292523287206718
 20
2.998996276459216
 30
0.0
 11
-9.43139691310827
 21
2.950288943838619
 31
0.0
  0
LINE
  5
FF
330
1F
100
AcDbEntity
  8
0
100
AcDbLine
 10
-9.43139691310827
 20
2.950288943838619
 30
0.0
 11
-9.431396913108271
 21
2.254448964174281
 31
0.0
  0
LINE
  5
100
330
1F
100
AcDbEntity
  8
0
100
AcDbLine
 10
-5.315669660168988
 20
-2.983577045394043
 30
0.0
 11
-5.315669660168988
 21
-4.390867106881771
 31
0.0
  0
LINE
  5
101
330
1F
100
AcDbEntity
  8
0
100
AcDbLine
 10
-9.43139691310827
 20
2.950288943838619
 30
0.0
 11
-9.714862785346654
 21
3.546847873102532
 31
0.0
  0
LINE
  5
102
330
1F
100
AcDbEntity
  8
0
100
AcDbLine
 10
-5.497515110985926
 20
3.309254940640021
 30
0.0
 11
-5.497515110985905
 21
2.334883929177677
 31
0.0
  0
LINE
  5
103
330
1F
100
AcDbEntity
  8
0
100
AcDbLine
 10
-4.29726307022424
 20
-2.909478481986947
 30
0.0
 11
-4.353956244671916
 21
-2.790166696134165
 31
0.0
  0
LINE
  5
104
330
1F
100
AcDbEntity
  8
0
100
AcDbLine
 10
-4.29726307022424
 20
-2.626389939509659
 30
0.0
 11
-4.29726307022424
 21
-2.909478481986947
 31
0.0
  0
LINE
  5
105
330
1F
100
AcDbEntity
  8
0
100
AcDbLine
 10
-4.166720860023067
 20
-4.946934294730566
 30
0.0
 11
-3.637584565178777
 21
-6.060511214311091
 31
0.0
  0
LINE
  5
106
330
1F
100
AcDbEntity
  8
0
100
AcDbLine
 10
-2.589007352848586
 20
-4.857567120181653
 30
0.0
 11
-2.777984601007504
 21
-4.459860968524591
 31
0.0
  0
LINE
  5
107
330
1F
100
AcDbEntity
  8
0
100
AcDbLine
 10
-5.35864148508437
 20
3.357962273260617
 30
0.0
 11
-5.358641485084348
 21
2.383591261798275
 31
0.0
  0
LINE
  5
108
330
1F
100
AcDbEntity
  8
0
100
AcDbLine
 10
-6.426658667381438
 20
-3.373235958397034
 30
0.0
 11
-6.426658667381438
 21
-4.780525767846552
 31
0.0
  0
LINE
  5
109
330
1F
100
AcDbEntity
  8
0
100
AcDbLine
 10
8.240358323290133
 20
-1.848145536894776
 30
0.0
 11
6.804686865063712
 21
1.173250376240287
 31
0.0
  0
LINE
  5
10A
330
1F
100
AcDbEntity
  8
0
100
AcDbLine
 10
8.566302990538853
 20
-1.965819625615084
 30
0.0
 11
8.010808492691401
 21
-2.160648952531411
 31
0.0
  0
LINE
  5
10B
330
1F
100
AcDbEntity
  8
0
100
AcDbLine
 10
-5.315669660168988
 20
-2.983577045394043
 30
0.0
 11
-3.218022205604953
 21
-7.398113121947
 31
0.0
  0
LINE
  5
10C
330
1F
100
AcDbEntity
  8
0
100
AcDbLine
 10
14.649008945248
 20
1.258576823035888
 30
0.0
 11
13.40175910739909
 21
3.883436111797091
 31
0.0
  0
LINE
  5
10D
330
1F
100
AcDbEntity
  8
0
100
AcDbLine
 10
14.649008945248
 20
1.258576823035888
 30
0.0
 11
14.46384411071243
 21
1.19363371287506
 31
0.0
  0
LINE
  5
10E
330
1F
100
AcDbEntity
  8
0
100
AcDbLine
 10
14.649008945248
 20
1.258576823035888
 30
0.0
 11
14.649008945248
 21
1.255005587330571
 31
0.0
  0
LINE
  5
10F
330
1F
100
AcDbEntity
  8
0
100
AcDbLine
 10
14.46384411071243
 20
1.19363371287506
 30
0.0
 11
14.4638441107124
 21
0.0807451771480894
 31
0.0
  0
LINE
  5
110
330
1F
100
AcDbEntity
  8
0
100
AcDbLine
 10
12.98982157507297
 20
2.888450083559687
 30
0.0
 11
13.14465085476638
 21
2.942753563982814
 31
0.0
  0
LINE
  5
111
330
1F
100
AcDbEntity
  8
0
100
AcDbLine
 10
11.74257173722421
 20
5.513309372320949
 30
0.0
 11
12.30356447689469
 21
4.332690254188637
 31
0.0
  0
LINE
  5
112
330
1F
100
AcDbEntity
  8
0
100
AcDbLine
 10
12.34252142519669
 20
4.250704669176507
 30
0.0
 11
12.69521957515395
 21
3.508445190000317
 31
0.0
  0
LINE
  5
113
330
1F
100
AcDbEntity
  8
0
100
AcDbLine
 10
12.77208316143968
 20
3.346684416571308
 30
0.0
 11
12.98982157507297
 21
2.888450083559687
 31
0.0
  0
LINE
  5
114
330
1F
100
AcDbEntity
  8
0
100
AcDbLine
 10
11.44616365186131
 20
6.52291663820047
 30
0.0
 11
7.418246423443559
 21
5.110199839462514
 31
0.0
  0
LINE
  5
115
330
1F
100
AcDbEntity
  8
0
100
AcDbLine
 10
11.47419117617803
 20
7.939736434397522
 30
0.0
 11
11.47419117617803
 21
7.940036830791678
 31
0.0
  0
LINE
  5
116
330
1F
100
AcDbEntity
  8
0
100
AcDbLine
 10
6.584314578993824
 20
5.003308286260257
 30
0.0
 11
6.584314578993824
 21
6.410598347747997
 31
0.0
  0
LINE
  5
117
330
1F
100
AcDbEntity
  8
0
100
AcDbLine
 10
11.39860027691446
 20
8.099119211928723
 30
0.0
 11
6.584314578993824
 21
6.410598347747997
 31
0.0
  0
LINE
  5
118
330
1F
100
AcDbEntity
  8
0
100
AcDbLine
 10
6.584314578993824
 20
5.003308286260257
 30
0.0
 11
7.613507110271946
 21
2.837354446323684
 31
0.0
  0
LINE
  5
119
330
1F
100
AcDbEntity
  8
0
100
AcDbLine
 10
8.198858256190208
 20
1.605472632491986
 30
0.0
 11
8.200070050752597
 21
1.602922389455962
 31
0.0
  0
LINE
  5
11A
330
1F
100
AcDbEntity
  8
0
100
AcDbLine
 10
8.200070050752597
 20
1.602922389455962
 30
0.0
 11
8.385234885288007
 21
1.667865499616761
 31
0.0
  0
LINE
  5
11B
330
1F
100
AcDbEntity
  8
0
100
AcDbLine
 10
15.1781452400929
 20
-1.262289906411171
 30
0.0
 11
10.36385954217226
 21
-2.950810770591904
 31
0.0
  0
LINE
  5
11C
330
1F
100
AcDbEntity
  8
0
100
AcDbLine
 10
8.748104070413474
 20
0.4495751262124054
 30
0.0
 11
9.369459163433882
 21
-0.8580776295070294
 31
0.0
  0
LINE
  5
11D
330
1F
100
AcDbEntity
  8
0
100
AcDbLine
 10
9.430103140734612
 20
-0.9857039496673764
 30
0.0
 11
9.731981005245103
 21
-1.621011241507466
 31
0.0
  0
LINE
  5
11E
330
1F
100
AcDbEntity
  8
0
100
AcDbLine
 10
9.867801388293243
 20
-1.906847633887267
 30
0.0
 11
10.36385954217226
 21
-2.950810770591904
 31
0.0
  0
LINE
  5
11F
330
1F
100
AcDbEntity
  8
0
100
AcDbLine
 10
12.50783053751183
 20
1.513035854996732
 30
0.0
 11
10.00966787576831
 21
0.636852679829625
 31
0.0
  0
LINE
  5
120
330
1F
100
AcDbEntity
  8
0
100
AcDbLine
 10
10.00966787576831
 20
0.636852679829625
 30
0.0
 11
9.999458332088809
 21
0.6583388446283169
 31
0.0
  0
LINE
  5
121
330
1F
100
AcDbEntity
  8
0
100
AcDbLine
 10
9.922594745803071
 20
1.274725389328295
 30
0.0
 11
9.75540753340221
 21
1.62657382748032
 31
0.0
  0
LINE
  5
122
330
1F
100
AcDbEntity
  8
0
100
AcDbLine
 10
9.716450585100198
 20
1.708559412492449
 30
0.0
 11
9.495616892115715
 21
2.173307815508071
 31
0.0
  0
LINE
  5
123
330
1F
100
AcDbEntity
  8
0
100
AcDbLine
 10
9.495616892115715
 20
2.173307815508071
 30
0.0
 11
9.310452057580306
 21
2.108364705347272
 31
0.0
  0
LINE
  5
124
330
1F
100
AcDbEntity
  8
0
100
AcDbLine
 10
9.310452057580306
 20
2.108364705347272
 30
0.0
 11
9.31043316871335
 21
2.108404457301032
 31
0.0
  0
LINE
  5
125
330
1F
100
AcDbEntity
  8
0
100
AcDbLine
 10
11.81017732380832
 20
2.985096692518032
 30
0.0
 11
10.20766662866803
 21
2.42304597230717
 31
0.0
  0
LINE
  5
126
330
1F
100
AcDbEntity
  8
0
100
AcDbLine
 10
10.36385954217226
 20
-2.950810770591904
 30
0.0
 11
10.36385954217226
 21
-1.54352070910417
 31
0.0
  0
LINE
  5
127
330
1F
100
AcDbEntity
  8
0
100
AcDbLine
 10
15.1781452400929
 20
-1.262289906411171
 30
0.0
 11
15.1781452400929
 21
0.1450001550765659
 31
0.0
  0
LINE
  5
128
330
1F
100
AcDbEntity
  8
0
100
AcDbLine
 10
15.1781452400929
 20
0.1450001550765659
 30
0.0
 11
10.36385954217226
 21
-1.54352070910417
 31
0.0
  0
LINE
  5
129
330
1F
100
AcDbEntity
  8
0
100
AcDbLine
 10
8.748104070413474
 20
0.4495751262124054
 30
0.0
 11
8.748104070413468
 21
1.856865187700134
 31
0.0
  0
LINE
  5
12A
330
1F
100
AcDbEntity
  8
0
100
AcDbLine
 10
9.952974701320635
 20
1.791515832235594
 30
0.0
 11
9.952974701320633
 21
2.163454527170153
 31
0.0
  0
LINE
  5
12B
330
1F
100
AcDbEntity
  8
0
100
AcDbLine
 10
9.952974701320633
 20
2.163454527170153
 30
0.0
 11
10.13813953585605
 21
2.228397637330947
 31
0.0
  0
LINE
  5
12C
330
1F
100
AcDbEntity
  8
0
100
AcDbLine
 10
10.13813953585605
 20
2.228397637330947
 30
0.0
 11
9.495616892115715
 21
3.580597876995811
 31
0.0
  0
LINE
  5
12D
330
1F
100
AcDbEntity
  8
0
100
AcDbLine
 10
9.495616892115715
 20
2.173307815508071
 30
0.0
 11
9.495616892115715
 21
3.580597876995811
 31
0.0
  0
LINE
  5
12E
330
1F
100
AcDbEntity
  8
0
100
AcDbLine
 10
9.25375888313263
 20
3.258333975709186
 30
0.0
 11
9.25375888313263
 21
3.634966552687794
 31
0.0
  0
LINE
  5
12F
330
1F
100
AcDbEntity
  8
0
100
AcDbLine
 10
9.25375888313263
 20
3.634966552687794
 30
0.0
 11
11.75348414936065
 21
4.511698539858554
 31
0.0
  0
LINE
  5
130
330
1F
100
AcDbEntity
  8
0
100
AcDbLine
 10
15.1781452400929
 20
0.1450001550765659
 30
0.0
 11
15.10202485479
 21
0.3046836484646664
 31
0.0
  0
LINE
  5
131
330
1F
100
AcDbEntity
  8
0
100
AcDbLine
 10
9.495616892115715
 20
3.580597876995811
 30
0.0
 11
9.310452057580306
 21
3.515654766835012
 31
0.0
  0
LINE
  5
132
330
1F
100
AcDbEntity
  8
0
100
AcDbLine
 10
9.310452057580306
 20
3.515654766835012
 30
0.0
 11
9.25375888313263
 21
3.634966552687794
 31
0.0
  0
LINE
  5
133
330
1F
100
AcDbEntity
  8
0
100
AcDbLine
 10
13.21659427286363
 20
3.81849300163628
 30
0.0
 11
13.21659427286363
 21
2.931242816357757
 31
0.0
  0
LINE
  5
134
330
1F
100
AcDbEntity
  8
0
100
AcDbLine
 10
12.98982157507297
 20
2.888450083559687
 30
0.0
 11
12.98982157507293
 21
4.29574014504741
 31
0.0
  0
LINE
  5
135
330
1F
100
AcDbEntity
  8
0
100
AcDbLine
 10
-6.426658667381438
 20
-3.373235958397034
 30
0.0
 11
-5.315669660168988
 21
-2.983577045394043
 31
0.0
  0
LINE
  5
136
330
1F
100
AcDbEntity
  8
0
100
AcDbLine
 10
-6.483351841122615
 20
-3.625927092013663
 30
0.0
 11
-6.483351840868753
 21
-3.253924172632859
 31
0.0
  0
LINE
  5
137
330
1F
100
AcDbEntity
  8
0
100
AcDbLine
 10
-6.426658667381438
 20
-3.373235958397034
 30
0.0
 11
-6.483351840868753
 21
-3.253924172632859
 31
0.0
  0
LINE
  5
138
330
1F
100
AcDbEntity
  8
0
100
AcDbLine
 10
-7.012488136760045
 20
-2.140347252350575
 30
0.0
 11
-7.012488136717019
 21
-2.521047557524529
 31
0.0
  0
LINE
  5
139
330
1F
100
AcDbEntity
  8
0
100
AcDbLine
 10
6.804686865063712
 20
1.173250376240287
 30
0.0
 11
7.036142908232967
 21
1.254429263941278
 31
0.0
  0
LINE
  5
13A
330
1F
100
AcDbEntity
  8
0
100
AcDbLine
 10
7.916319868672284
 20
-1.961795976243816
 30
0.0
 11
8.240358323290133
 21
-1.848145536894776
 31
0.0
  0
LINE
  5
13B
330
1F
100
AcDbEntity
  8
0
100
AcDbLine
 10
8.010808492691401
 20
-2.160648952531411
 30
0.0
 11
8.010535772065161
 21
-2.160075007161949
 31
0.0
  0
LINE
  5
13C
330
1F
100
AcDbEntity
  8
0
100
AcDbLine
 10
7.962306066644731
 20
-2.058574741199921
 30
0.0
 11
7.916319868672284
 21
-1.961795976243816
 31
0.0
  0
LINE
  5
13D
330
1F
100
AcDbEntity
  8
0
100
AcDbLine
 10
-4.353956244671907
 20
-2.507078153656894
 30
0.0
 11
-4.353956244671916
 21
-2.790166696134165
 31
0.0
  0
LINE
  5
13E
330
1F
100
AcDbEntity
  8
0
100
AcDbLine
 10
-6.936897237742484
 20
-2.299429633333333
 30
0.0
 11
-6.798023613286939
 21
-2.250722297346631
 31
0.0
  0
LINE
  5
13F
330
1F
100
AcDbEntity
  8
0
100
AcDbLine
 10
-6.936897237742484
 20
-2.299429633333333
 30
0.0
 11
-6.936897237583437
 21
-3.70671969515578
 31
0.0
  0
LINE
  5
140
330
1F
100
AcDbEntity
  8
0
100
AcDbLine
 10
-6.79802361168188
 20
-3.658012362535183
 30
0.0
 11
-6.936897237583437
 21
-3.70671969515578
 31
0.0
  0
LINE
  5
141
330
1F
100
AcDbEntity
  8
0
100
AcDbLine
 10
-7.012488136760045
 20
-2.140347252350575
 30
0.0
 11
-6.936897237742484
 21
-2.299429633333333
 31
0.0
  0
LINE
  5
142
330
1F
100
AcDbEntity
  8
0
100
AcDbLine
 10
-6.984985498845505
 20
-3.605517100685862
 30
0.0
 11
-6.936897237583437
 21
-3.70671969515578
 31
0.0
  0
LINE
  5
143
330
1F
100
AcDbEntity
  8
0
100
AcDbLine
 10
-7.432214839548902
 20
1.470729626443166
 30
0.0
 11
-7.507805738812466
 21
1.6298120075802
 31
0.0
  0
LINE
  5
144
330
1F
100
AcDbEntity
  8
0
100
AcDbLine
 10
-5.825908230346919
 20
-1.909770972398492
 30
0.0
 11
-1.428243409982128
 21
-0.3673721064000783
 31
0.0
  0
LINE
  5
145
330
1F
100
AcDbEntity
  8
0
100
AcDbLine
 10
-6.196730929173901
 20
4.780766966157667
 30
0.0
 11
-9.575989159445099
 21
3.595555205723129
 31
0.0
  0
LINE
  5
146
330
1F
100
AcDbEntity
  8
0
100
AcDbLine
 10
-6.196730929173901
 20
4.780766966157667
 30
0.0
 11
-6.196730929173901
 21
3.373476904669939
 31
0.0
  0
LINE
  5
147
330
1F
100
AcDbEntity
  8
0
100
AcDbLine
 10
-9.575989159445099
 20
3.595555205723129
 30
0.0
 11
-9.292523287206718
 21
2.998996276459216
 31
0.0
  0
LINE
  5
148
330
1F
100
AcDbEntity
  8
0
100
AcDbLine
 10
-5.497515110985926
 20
3.309254940640021
 30
0.0
 11
-5.35864148508437
 21
3.357962273260617
 31
0.0
  0
LINE
  5
149
330
1F
100
AcDbEntity
  8
0
100
AcDbLine
 10
-2.034383702242323
 20
-5.683813027462847
 30
0.0
 11
-3.561993665914522
 21
-6.219593343826907
 31
0.0
  0
LINE
  5
14A
330
1F
100
AcDbEntity
  8
0
100
AcDbLine
 10
-2.034383702242323
 20
-5.683813027462847
 30
0.0
 11
-2.034656544425269
 21
-5.68323882627515
 31
0.0
  0
LINE
  5
14B
330
1F
100
AcDbEntity
  8
0
100
AcDbLine
 10
-2.072956419157415
 20
-5.602636064185903
 30
0.0
 11
-2.109974601446246
 21
-5.524730646456205
 31
0.0
  0
LINE
  5
14C
330
1F
100
AcDbEntity
  8
0
100
AcDbLine
 10
-2.450133726947026
 20
-4.808859787561053
 30
0.0
 11
-2.589007352848586
 21
-4.857567120181653
 31
0.0
  0
LINE
  5
14D
330
1F
100
AcDbEntity
  8
0
100
AcDbLine
 10
-4.29726307022424
 20
-2.626389939509659
 30
0.0
 11
-4.353956244671907
 21
-2.507078153656894
 31
0.0
  0
LINE
  5
14E
330
1F
100
AcDbEntity
  8
0
100
AcDbLine
 10
7.916319868655977
 20
-2.074703541948471
 30
0.0
 11
7.916319868672284
 21
-1.961795976243816
 31
0.0
  0
LINE
  5
14F
330
1F
100
AcDbEntity
  8
0
100
AcDbLine
 10
8.385234885288021
 20
3.075155561104507
 30
0.0
 11
8.20007005075261
 21
3.010212450943702
 31
0.0
  0
LINE
  5
150
330
1F
100
AcDbEntity
  8
0
100
AcDbLine
 10
10.00966787576831
 20
2.044142741317365
 30
0.0
 11
9.952974701320633
 21
2.163454527170153
 31
0.0
  0
LINE
  5
151
330
1F
100
AcDbEntity
  8
0
100
AcDbLine
 10
12.50939314199633
 20
2.920874728488131
 30
0.0
 11
10.00966787576831
 21
2.044142741317365
 31
0.0
  0
LINE
  5
152
330
1F
100
AcDbEntity
  8
0
100
AcDbLine
 10
11.81017732380833
 20
4.392386754005755
 30
0.0
 11
9.634490518017271
 21
3.629305209616408
 31
0.0
  0
LINE
  5
153
330
1F
100
AcDbEntity
  8
0
100
AcDbLine
 10
11.81017732380833
 20
4.392386754005755
 30
0.0
 11
11.75348414936065
 21
4.511698539858554
 31
0.0
  0
LINE
  5
154
330
1F
100
AcDbEntity
  8
0
100
AcDbLine
 10
8.933268904948886
 20
1.921808297860939
 30
0.0
 11
8.748104070413468
 21
1.856865187700134
 31
0.0
  0
LINE
  5
155
330
1F
100
AcDbEntity
  8
0
100
AcDbLine
 10
8.748104070413468
 20
1.856865187700134
 30
0.0
 11
10.36385954217226
 21
-1.54352070910417
 31
0.0
  0
LINE
  5
156
330
1F
100
AcDbEntity
  8
0
100
AcDbLine
 10
13.21659427286363
 20
2.41120294014854
 30
0.0
 11
13.3978066115613
 21
2.029838376262038
 31
0.0
  0
LINE
  5
157
330
1F
100
AcDbEntity
  8
0
100
AcDbLine
 10
13.47467019784703
 20
1.868077602833029
 30
0.0
 11
14.34394541760765
 21
0.0386725663777021
 31
0.0
  0
LINE
  5
158
330
1F
100
AcDbEntity
  8
0
100
AcDbLine
 10
12.98982157507293
 20
4.29574014504741
 30
0.0
 11
13.17498640960838
 21
4.360683255208222
 31
0.0
  0
LINE
  5
159
330
1F
100
AcDbEntity
  8
0
100
AcDbLine
 10
13.17498640960838
 20
4.360683255208222
 30
0.0
 11
13.17498640960831
 21
4.360170054747844
 31
0.0
  0
LINE
  5
15A
330
1F
100
AcDbEntity
  8
0
100
AcDbLine
 10
14.65025445446872
 20
1.255442426446004
 30
0.0
 11
15.10202485479
 21
0.3046836484646664
 31
0.0
  0
LINE
  5
15B
330
1F
100
AcDbEntity
  8
0
100
AcDbLine
 10
15.07168929994805
 20
0.2940440187270175
 30
0.0
 11
15.10202485479
 21
0.3046836484646664
 31
0.0
  0
LINE
  5
15C
330
1F
100
AcDbEntity
  8
0
100
AcDbLine
 10
14.6357092546365
 20
1.11323191313383
 30
0.0
 11
15.03164128890893
 21
0.2799859616486904
 31
0.0
  0
LINE
  5
15D
330
1F
100
AcDbEntity
  8
0
100
AcDbLine
 10
14.6357092546365
 20
0.1410528845807142
 30
0.0
 11
14.6357092546365
 21
1.11323191313383
 31
0.0
  0
LINE
  5
15E
330
1F
100
AcDbEntity
  8
0
100
AcDbLine
 10
14.61991889962679
 20
1.24480279670836
 30
0.0
 11
15.07168929994805
 21
0.2940440187270175
 31
0.0
  0
LINE
  5
15F
330
1F
100
AcDbEntity
  8
0
100
AcDbLine
 10
14.61991889962679
 20
0.1355120280205051
 30
0.0
 11
14.61991889962679
 21
1.24480279670836
 31
0.0
  0
LINE
  5
160
330
1F
100
AcDbEntity
  8
0
100
AcDbLine
 10
11.47616022498914
 20
7.941046521963435
 30
0.0
 11
11.93090279899673
 21
6.984032752021689
 31
0.0
  0
LINE
  5
161
330
1F
100
AcDbEntity
  8
0
100
AcDbLine
 10
11.93090279899673
 20
6.984032752021689
 30
0.0
 11
11.93090279899673
 21
6.978879162887414
 31
0.0
  0
LINE
  5
162
330
1F
100
AcDbEntity
  8
0
100
AcDbLine
 10
11.47406121622276
 20
7.940310333810402
 30
0.0
 11
11.47616022498914
 21
7.941046521963435
 31
0.0
  0
LINE
  5
163
330
1F
100
AcDbEntity
  8
0
100
AcDbLine
 10
11.92880379023037
 20
6.983296563868661
 30
0.0
 11
11.93090279899673
 21
6.984032752021689
 31
0.0
  0
LINE
  5
164
330
1F
100
AcDbEntity
  8
0
100
AcDbLine
 10
11.46171890907146
 20
7.798617383120312
 30
0.0
 11
11.85944714158146
 21
6.961591300754185
 31
0.0
  0
LINE
  5
165
330
1F
100
AcDbEntity
  8
0
100
AcDbLine
 10
11.74257173722421
 20
5.997460395948985
 30
0.0
 11
11.46171890907146
 21
6.588520127833212
 31
0.0
  0
LINE
  5
166
330
1F
100
AcDbEntity
  8
0
100
AcDbLine
 10
11.46171890907146
 20
6.588520127833212
 30
0.0
 11
11.46171890907146
 21
7.798617383120312
 31
0.0
  0
LINE
  5
167
330
1F
100
AcDbEntity
  8
0
100
AcDbLine
 10
11.44607697875082
 20
7.929875904318042
 30
0.0
 11
11.89950002568389
 21
6.975639102384814
 31
0.0
  0
LINE
  5
168
330
1F
100
AcDbEntity
  8
0
100
AcDbLine
 10
13.17498640960831
 20
4.360170054747844
 30
0.0
 11
13.40122962135968
 21
3.884037224048149
 31
0.0
  0
LINE
  5
169
330
1F
100
AcDbEntity
  8
0
100
AcDbLine
 10
13.40122962135968
 20
3.884037224048149
 30
0.0
 11
13.40122962135968
 21
3.883250404450056
 31
0.0
  0
LINE
  5
16A
330
1F
100
AcDbEntity
  8
0
100
AcDbLine
 10
13.37089406651774
 20
3.873397594310505
 30
0.0
 11
13.40122962135968
 21
3.884037224048149
 31
0.0
  0
LINE
  5
16B
330
1F
100
AcDbEntity
  8
0
100
AcDbLine
 10
13.15255854555256
 20
4.234548747366539
 30
0.0
 11
13.33116164669582
 21
3.858675369947656
 31
0.0
  0
LINE
  5
16C
330
1F
100
AcDbEntity
  8
0
100
AcDbLine
 10
13.19966904756037
 20
2.925306609441771
 30
0.0
 11
13.15255854555256
 21
3.024451492079439
 31
0.0
  0
LINE
  5
16D
330
1F
100
AcDbEntity
  8
0
100
AcDbLine
 10
13.15255854555256
 20
3.024451492079439
 30
0.0
 11
13.15255854555256
 21
4.234548747366539
 31
0.0
  0
LINE
  5
16E
330
1F
100
AcDbEntity
  8
0
100
AcDbLine
 10
13.37089406651774
 20
3.873397594310505
 30
0.0
 11
13.37089406651774
 21
3.872610774712412
 31
0.0
  0
LINE
  5
16F
330
1F
100
AcDbEntity
  8
0
100
AcDbLine
 10
13.14465085476638
 20
4.349530425010199
 30
0.0
 11
13.37089406651774
 21
3.873397594310505
 31
0.0
  0
LINE
  5
170
330
1F
100
AcDbEntity
  8
0
100
AcDbLine
 10
13.21659427286363
 20
2.791347371312154
 30
0.0
 11
13.19857311175995
 21
2.829273222799014
 31
0.0
  0
LINE
  5
171
330
1F
100
AcDbEntity
  8
0
100
AcDbLine
 10
13.15961616345794
 20
2.911258807811143
 30
0.0
 11
13.14465085476638
 21
2.942753563982814
 31
0.0
  0
LINE
  5
172
330
1F
100
AcDbEntity
  8
0
100
AcDbLine
 10
-3.065376306796074
 20
-7.345899912232333
 30
0.0
 11
-3.035040751954137
 21
-7.335260282494687
 31
0.0
  0
LINE
  5
173
330
1F
100
AcDbEntity
  8
0
100
AcDbLine
 10
-3.054815717365578
 20
-7.466464661877568
 30
0.0
 11
-2.803605046510697
 21
-7.995141950757066
 31
0.0
  0
LINE
  5
174
330
1F
100
AcDbEntity
  8
0
100
AcDbLine
 10
-3.051095137558311
 20
-8.684391943010588
 30
0.0
 11
-3.054815717365577
 21
-8.676561917164667
 31
0.0
  0
LINE
  5
175
330
1F
100
AcDbEntity
  8
0
100
AcDbLine
 10
-3.054815717365577
 20
-8.676561917164667
 30
0.0
 11
-3.054815717365578
 21
-7.466464661877568
 31
0.0
  0
LINE
  5
176
330
1F
100
AcDbEntity
  8
0
100
AcDbLine
 10
-3.065376306796074
 20
-7.345899912232333
 30
0.0
 11
-2.76355216240827
 21
-7.981094149126438
 31
0.0
  0
LINE
  5
177
330
1F
100
AcDbEntity
  8
0
100
AcDbLine
 10
-3.065376306796074
 20
-8.689400796605062
 30
0.0
 11
-3.065376306796074
 21
-7.345899912232333
 31
0.0
  0
LINE
  5
178
330
1F
100
AcDbEntity
  8
0
100
AcDbLine
 10
-1.50578053664612
 20
-0.2070283077876221
 30
0.0
 11
-1.50578053664612
 21
-0.208972328203172
 31
0.0
  0
LINE
  5
179
330
1F
100
AcDbEntity
  8
0
100
AcDbLine
 10
-3.06496495278648
 20
2.999821464287174
 30
0.0
 11
-3.034629397944543
 21
3.010461094024818
 31
0.0
  0
LINE
  5
17A
330
1F
100
AcDbEntity
  8
0
100
AcDbLine
 10
-1.536116091488057
 20
-0.2176679375252662
 30
0.0
 11
-1.50578053664612
 21
-0.2070283077876221
 31
0.0
  0
LINE
  5
17B
330
1F
100
AcDbEntity
  8
0
100
AcDbLine
 10
-3.011528370268158
 20
2.789023430735052
 30
0.0
 11
-1.589552674006382
 21
-0.2035495097134147
 31
0.0
  0
LINE
  5
17C
330
1F
100
AcDbEntity
  8
0
100
AcDbLine
 10
-2.06823850566952
 20
-0.4062439868960274
 30
0.0
 11
-3.011528370268159
 21
1.578926175447955
 31
0.0
  0
LINE
  5
17D
330
1F
100
AcDbEntity
  8
0
100
AcDbLine
 10
-3.011528370268159
 20
1.578926175447955
 30
0.0
 11
-3.011528370268158
 21
2.789023430735052
 31
0.0
  0
LINE
  5
17E
330
1F
100
AcDbEntity
  8
0
100
AcDbLine
 10
-1.536116091488057
 20
-0.2176679375252662
 30
0.0
 11
-1.536116091488057
 21
-0.2196119579408158
 31
0.0
  0
LINE
  5
17F
330
1F
100
AcDbEntity
  8
0
100
AcDbLine
 10
-3.06496495278648
 20
2.999821464287174
 30
0.0
 11
-1.536116091488057
 21
-0.2176679375252662
 31
0.0
  0
LINE
  5
180
330
1F
100
AcDbEntity
  8
0
100
AcDbLine
 10
-2.108291388796882
 20
-0.4202917905787031
 30
0.0
 11
-3.06496495278648
 21
1.593044603259795
 31
0.0
  0
LINE
  5
181
330
1F
100
AcDbEntity
  8
0
100
AcDbLine
 10
-1.589552674006382
 20
-0.2035495097134147
 30
0.0
 11
-1.589552674006381
 21
-0.2383538420237808
 31
0.0
  0
LINE
  5
182
330
1F
100
AcDbEntity
  8
0
100
AcDbLine
 10
-4.20620895791826
 20
5.478392199925914
 30
0.0
 11
-3.110349632513517
 21
3.172137671387758
 31
0.0
  0
LINE
  5
183
330
1F
100
AcDbEntity
  8
0
100
AcDbLine
 10
-4.19898816394555
 20
5.29037552446596
 30
0.0
 11
-3.180738071457882
 21
3.147450240019487
 31
0.0
  0
LINE
  5
184
330
1F
100
AcDbEntity
  8
0
100
AcDbLine
 10
-3.673599392144953
 20
2.974588329583384
 30
0.0
 11
-4.19898816394555
 21
4.080278269178862
 31
0.0
  0
LINE
  5
185
330
1F
100
AcDbEntity
  8
0
100
AcDbLine
 10
-4.19898816394555
 20
4.080278269178862
 30
0.0
 11
-4.19898816394555
 21
5.29037552446596
 31
0.0
  0
LINE
  5
186
330
1F
100
AcDbEntity
  8
0
100
AcDbLine
 10
-4.236544204918394
 20
5.46775267815804
 30
0.0
 11
-3.140685187355455
 21
3.161498041650115
 31
0.0
  0
LINE
  5
187
330
1F
100
AcDbEntity
  8
0
100
AcDbLine
 10
-3.713652276247382
 20
2.960540527952755
 30
0.0
 11
-4.236544204918378
 21
4.060975817130631
 31
0.0
  0
LINE
  5
188
330
1F
100
AcDbEntity
  8
0
100
AcDbLine
 10
5.960256585713277
 20
-4.248817601742412
 30
0.0
 11
5.960256585713276
 21
-2.887584305903367
 31
0.0
  0
LINE
  5
189
330
1F
100
AcDbEntity
  8
0
100
AcDbLine
 10
1.962547808093824
 20
-5.650939350114013
 30
0.0
 11
1.962547808093825
 21
-4.289706054274967
 31
0.0
  0
LINE
  5
18A
330
1F
100
AcDbEntity
  8
0
100
AcDbLine
 10
8.037806029200553
 20
-2.124891777503251
 30
0.0
 11
-2.035160969525631
 21
-5.657796970250592
 31
0.0
  0
LINE
  5
18B
330
1F
100
AcDbEntity
  8
0
100
AcDbLine
 10
8.037806029200553
 20
-2.15051047346362
 30
0.0
 11
8.037806029200553
 21
-2.124891777503251
 31
0.0
  0
LINE
  5
18C
330
1F
100
AcDbEntity
  8
0
100
AcDbLine
 10
8.037806029200553
 20
-2.124891777503251
 30
0.0
 11
8.00001057956877
 21
-2.045350586934729
 31
0.0
  0
LINE
  5
18D
330
1F
100
AcDbEntity
  8
0
100
AcDbLine
 10
-2.035160969525631
 20
-5.657796970250592
 30
0.0
 11
-2.035160969525632
 21
-5.683415743976672
 31
0.0
  0
LINE
  5
18E
330
1F
100
AcDbEntity
  8
0
100
AcDbLine
 10
-2.035160969525631
 20
-5.657796970250592
 30
0.0
 11
-2.072956419157415
 21
-5.578255779682071
 31
0.0
  0
LINE
  5
18F
330
1F
100
AcDbEntity
  8
0
100
AcDbLine
 10
7.959110974523008
 20
-3.547756727556609
 30
0.0
 11
7.959110974523006
 21
-2.186523431717565
 31
0.0
  0
LINE
  5
190
330
1F
100
AcDbEntity
  8
0
100
AcDbLine
 10
7.959110974523008
 20
-3.547756727556609
 30
0.0
 11
7.940213249707106
 21
-3.507986132272413
 31
0.0
  0
LINE
  5
191
330
1F
100
AcDbEntity
  8
0
100
AcDbLine
 10
8.010535771998844
 20
-2.168487143694251
 30
0.0
 11
7.959110974523006
 21
-2.186523431717565
 31
0.0
  0
LINE
  5
192
330
1F
100
AcDbEntity
  8
0
100
AcDbLine
 10
8.010535771892748
 20
-3.529720439570508
 30
0.0
 11
7.959110974523008
 21
-3.547756727556609
 31
0.0
  0
LINE
  5
193
330
1F
100
AcDbEntity
  8
0
100
AcDbLine
 10
0.0423884739616427
 20
-4.963166106642429
 30
0.0
 11
-0.0363065807159054
 21
-4.990766928460769
 31
0.0
  0
LINE
  5
194
330
1F
100
AcDbEntity
  8
0
100
AcDbLine
 10
-0.0363065807159054
 20
-6.352000224299777
 30
0.0
 11
-0.0363065807159054
 21
-4.990766928460769
 31
0.0
  0
LINE
  5
195
330
1F
100
AcDbEntity
  8
0
100
AcDbLine
 10
4.040097251581094
 20
-3.56104435827083
 30
0.0
 11
3.961402196903545
 21
-3.588645180089169
 31
0.0
  0
LINE
  5
196
330
1F
100
AcDbEntity
  8
0
100
AcDbLine
 10
3.961402196903545
 20
-4.949878475928214
 30
0.0
 11
3.961402196903545
 21
-3.588645180089169
 31
0.0
  0
LINE
  5
197
330
1F
100
AcDbEntity
  8
0
100
AcDbLine
 10
4.425898574688493
 20
0.3137276440524738
 30
0.0
 11
4.425898574688492
 21
1.659191933390146
 31
0.0
  0
LINE
  5
198
330
1F
100
AcDbEntity
  8
0
100
AcDbLine
 10
1.498517602837018
 20
-0.7129966009402567
 30
0.0
 11
1.498517602837018
 21
0.6324676883974153
 31
0.0
  0
LINE
  5
199
330
1F
100
AcDbEntity
  8
0
100
AcDbLine
 10
-1.428243409982128
 20
-1.773140014105537
 30
0.0
 11
5.931438803768016
 21
0.8081311757252424
 31
0.0
  0
LINE
  5
19A
330
1F
100
AcDbEntity
  8
0
100
AcDbLine
 10
5.947214670296347
 20
2.226401770304849
 30
0.0
 11
-1.42886336901446
 21
-0.3606199493618752
 31
0.0
  0
LINE
  5
19B
330
1F
100
AcDbEntity
  8
0
100
AcDbLine
 10
5.947214670296347
 20
2.220954327988032
 30
0.0
 11
5.947214670296347
 21
2.226401770304849
 31
0.0
  0
LINE
  5
19C
330
1F
100
AcDbEntity
  8
0
100
AcDbLine
 10
5.947214670296347
 20
2.226401770304849
 30
0.0
 11
5.909419220664564
 21
2.30594296087337
 31
0.0
  0
LINE
  5
19D
330
1F
100
AcDbEntity
  8
0
100
AcDbLine
 10
-1.466658818646243
 20
-0.2810787587933535
 30
0.0
 11
-1.466658818646243
 21
-0.2865261807562442
 31
0.0
  0
LINE
  5
19E
330
1F
100
AcDbEntity
  8
0
100
AcDbLine
 10
-1.42886336901446
 20
-0.3606199493618752
 30
0.0
 11
-1.428863369014459
 21
-0.3660673131665981
 31
0.0
  0
LINE
  5
19F
330
1F
100
AcDbEntity
  8
0
100
AcDbLine
 10
-1.42886336901446
 20
-0.3606199493618752
 30
0.0
 11
-1.466658818646243
 21
-0.2810787587933535
 31
0.0
  0
LINE
  5
1A0
330
1F
100
AcDbEntity
  8
0
100
AcDbLine
 10
5.889589060614234
 20
0.8270897665488396
 30
0.0
 11
5.889589060614233
 21
2.172554055886511
 31
0.0
  0
LINE
  5
1A1
330
1F
100
AcDbEntity
  8
0
100
AcDbLine
 10
5.889589060614234
 20
0.8270897665488396
 30
0.0
 11
5.870691335798331
 21
0.8668603618331199
 31
0.0
  0
LINE
  5
1A2
330
1F
100
AcDbEntity
  8
0
100
AcDbLine
 10
5.931438803768017
 20
2.187232072296358
 30
0.0
 11
5.889589060614233
 21
2.172554055886511
 31
0.0
  0
LINE
  5
1A3
330
1F
100
AcDbEntity
  8
0
100
AcDbLine
 10
5.931438803768015
 20
0.8417677829586849
 30
0.0
 11
5.889589060614234
 21
0.8270897665488396
 31
0.0
  0
LINE
  5
1A4
330
1F
100
AcDbEntity
  8
0
100
AcDbLine
 10
0.0924527265933939
 20
0.1393166730859457
 30
0.0
 11
0.0348271169112783
 21
0.1191055659010494
 31
0.0
  0
LINE
  5
1A5
330
1F
100
AcDbEntity
  8
0
100
AcDbLine
 10
0.0348271169112783
 20
-1.226358723436623
 30
0.0
 11
0.0348271169112783
 21
0.1191055659010494
 31
0.0
  0
LINE
  5
1A6
330
1F
100
AcDbEntity
  8
0
100
AcDbLine
 10
3.019833698444867
 20
1.166040918078676
 30
0.0
 11
2.962208088762751
 21
1.145829810893779
 31
0.0
  0
LINE
  5
1A7
330
1F
100
AcDbEntity
  8
0
100
AcDbLine
 10
2.962208088762751
 20
-0.1996344784438926
 30
0.0
 11
2.962208088762751
 21
1.145829810893779
 31
0.0
  0
LINE
  5
1A8
330
1F
100
AcDbEntity
  8
0
100
AcDbLine
 10
-6.483908912990648
 20
-4.796429347324522
 30
0.0
 11
-6.483908912990648
 21
-3.721771482188433
 31
0.0
  0
LINE
  5
1A9
330
1F
100
AcDbEntity
  8
0
100
AcDbLine
 10
-6.483908912990648
 20
-4.796429347324522
 30
0.0
 11
-6.428359462803173
 21
-4.776946414337012
 31
0.0
  0
LINE
  5
1AA
330
1F
100
AcDbEntity
  8
0
100
AcDbLine
 10
-6.428359462630026
 20
-3.676701457113146
 30
0.0
 11
-7.53764767676018
 21
-4.065763596644571
 31
0.0
  0
LINE
  5
1AB
330
1F
100
AcDbEntity
  8
0
100
AcDbLine
 10
-7.483799019481819
 20
-5.147122142192814
 30
0.0
 11
-7.537647674602078
 21
-5.166008553050794
 31
0.0
  0
LINE
  5
1AC
330
1F
100
AcDbEntity
  8
0
100
AcDbLine
 10
-7.483799019481819
 20
-5.147122142192814
 30
0.0
 11
-6.872373141933109
 21
-5.733102174736917
 31
0.0
  0
LINE
  5
1AD
330
1F
100
AcDbEntity
  8
0
100
AcDbLine
 10
-6.872373141933109
 20
-5.733102174736917
 30
0.0
 11
-6.820385464539534
 21
-5.707741836067505
 31
0.0
  0
LINE
  5
1AE
330
1F
100
AcDbEntity
  8
0
100
AcDbLine
 10
-7.428249569121199
 20
-4.052981344008487
 30
0.0
 11
-7.274493699710718
 21
-4.195326760068501
 31
0.0
  0
LINE
  5
1AF
330
1F
100
AcDbEntity
  8
0
100
AcDbLine
 10
-6.820385464539534
 20
-4.633083970931415
 30
0.0
 11
-7.274493699710718
 21
-4.195326760068501
 31
0.0
  0
LINE
  5
1B0
330
1F
100
AcDbEntity
  8
0
100
AcDbLine
 10
-6.872373141933109
 20
-4.658444309600829
 30
0.0
 11
-6.820385464539534
 21
-4.633083970931415
 31
0.0
  0
LINE
  5
1B1
330
1F
100
AcDbEntity
  8
0
100
AcDbLine
 10
-7.483799019481819
 20
-4.072464277056725
 30
0.0
 11
-6.872373141933109
 21
-4.658444309600829
 31
0.0
  0
LINE
  5
1B2
330
1F
100
AcDbEntity
  8
0
100
AcDbLine
 10
-7.483799019481819
 20
-5.147122142192814
 30
0.0
 11
-7.483799019481819
 21
-4.072464277056725
 31
0.0
  0
LINE
  5
1B3
330
1F
100
AcDbEntity
  8
0
100
AcDbLine
 10
-6.820385464539534
 20
-5.707741836067505
 30
0.0
 11
-6.820385464539534
 21
-4.633083970931415
 31
0.0
  0
LINE
  5
1B4
330
1F
100
AcDbEntity
  8
0
100
AcDbLine
 10
-6.872373141933109
 20
-5.733102174736917
 30
0.0
 11
-6.872373141933109
 21
-4.658444309600829
 31
0.0
  0
LINE
  5
1B5
330
1F
100
AcDbEntity
  8
0
100
AcDbLine
 10
-7.428249569121199
 20
-4.052981344008487
 30
0.0
 11
-7.483799019481819
 21
-4.072464277056725
 31
0.0
  0
LINE
  5
1B6
330
1F
100
AcDbEntity
  8
0
100
AcDbLine
 10
-6.907273563649348
 20
-5.161252054771737
 30
0.0
 11
-6.907273563649348
 21
-5.058903686663538
 31
0.0
  0
LINE
  5
1B7
330
1F
100
AcDbEntity
  8
0
100
AcDbLine
 10
-6.907273563649348
 20
-5.058903686663538
 30
0.0
 11
-6.977878250577938
 21
-4.995512179290461
 31
0.0
  0
LINE
  5
1B8
330
1F
100
AcDbEntity
  8
0
100
AcDbLine
 10
-6.977878250577938
 20
-4.995512179290461
 30
0.0
 11
-6.977878250577938
 21
-5.03830669965058
 31
0.0
  0
LINE
  5
1B9
330
1F
100
AcDbEntity
  8
0
100
AcDbLine
 10
-6.977878250577938
 20
-5.063891826435823
 30
0.0
 11
-6.977878250577938
 21
-5.09786054739866
 31
0.0
  0
LINE
  5
1BA
330
1F
100
AcDbEntity
  8
0
100
AcDbLine
 10
-6.977878250577938
 20
-5.09786054739866
 30
0.0
 11
-6.907273563649348
 21
-5.161252054771737
 31
0.0
  0
LINE
  5
1BB
330
1F
100
AcDbEntity
  8
0
100
AcDbLine
 10
-6.932049437648425
 20
-5.058585897817447
 30
0.0
 11
-6.930215990607489
 21
-5.059604718911618
 31
0.0
  0
LINE
  5
1BC
330
1F
100
AcDbEntity
  8
0
100
AcDbLine
 10
-6.930215990607489
 20
-5.059604718911618
 30
0.0
 11
-6.928221008011509
 21
-5.06113388733609
 31
0.0
  0
LINE
  5
1BD
330
1F
100
AcDbEntity
  8
0
100
AcDbLine
 10
-6.928221008011509
 20
-5.06113388733609
 30
0.0
 11
-6.926200444627538
 21
-5.063069192789802
 31
0.0
  0
LINE
  5
1BE
330
1F
100
AcDbEntity
  8
0
100
AcDbLine
 10
-6.926200444627538
 20
-5.063069192789802
 30
0.0
 11
-6.924291998511053
 21
-5.065278747404331
 31
0.0
  0
LINE
  5
1BF
330
1F
100
AcDbEntity
  8
0
100
AcDbLine
 10
-6.924291998511053
 20
-5.065278747404331
 30
0.0
 11
-6.922625727111035
 21
-5.067611973684156
 31
0.0
  0
LINE
  5
1C0
330
1F
100
AcDbEntity
  8
0
100
AcDbLine
 10
-6.922625727111035
 20
-5.067611973684156
 30
0.0
 11
-6.921315184069756
 21
-5.069909866114147
 31
0.0
  0
LINE
  5
1C1
330
1F
100
AcDbEntity
  8
0
100
AcDbLine
 10
-6.921315184069756
 20
-5.069909866114147
 30
0.0
 11
-6.920449680729701
 21
-5.072015827122645
 31
0.0
  0
LINE
  5
1C2
330
1F
100
AcDbEntity
  8
0
100
AcDbLine
 10
-6.920449680729701
 20
-5.072015827122645
 30
0.0
 11
-6.920088199713184
 21
-5.073786338947187
 31
0.0
  0
LINE
  5
1C3
330
1F
100
AcDbEntity
  8
0
100
AcDbLine
 10
-6.920088199713184
 20
-5.073786338947187
 30
0.0
 11
-6.920255375354103
 21
-5.075100744132841
 31
0.0
  0
LINE
  5
1C4
330
1F
100
AcDbEntity
  8
0
100
AcDbLine
 10
-6.920255375354103
 20
-5.075100744132841
 30
0.0
 11
-6.920939814908803
 21
-5.07586946813836
 31
0.0
  0
LINE
  5
1C5
330
1F
100
AcDbEntity
  8
0
100
AcDbLine
 10
-6.934751462792309
 20
-5.058317510582246
 30
0.0
 11
-6.933596402748392
 21
-5.05814685502746
 31
0.0
  0
LINE
  5
1C6
330
1F
100
AcDbEntity
  8
0
100
AcDbLine
 10
-6.933596402748392
 20
-5.05814685502746
 30
0.0
 11
-6.932049437648425
 21
-5.058585897817447
 31
0.0
  0
LINE
  5
1C7
330
1F
100
AcDbEntity
  8
0
100
AcDbLine
 10
-6.935621550519076
 20
-5.109315805378265
 30
0.0
 11
-6.93676183164989
 21
-5.109602891723382
 31
0.0
  0
LINE
  5
1C8
330
1F
100
AcDbEntity
  8
0
100
AcDbLine
 10
-6.93676183164989
 20
-5.109602891723382
 30
0.0
 11
-6.937200353790447
 21
-5.109503179927119
 31
0.0
  0
LINE
  5
1C9
330
1F
100
AcDbEntity
  8
0
100
AcDbLine
 10
-6.937200353790447
 20
-5.123786418193209
 30
0.0
 11
-6.937200353790447
 21
-5.109503179927119
 31
0.0
  0
LINE
  5
1CA
330
1F
100
AcDbEntity
  8
0
100
AcDbLine
 10
-6.937200353790447
 20
-5.123786418193209
 30
0.0
 11
-6.937400034888926
 21
-5.1247064599312
 31
0.0
  0
LINE
  5
1CB
330
1F
100
AcDbEntity
  8
0
100
AcDbLine
 10
-6.937400034888926
 20
-5.1247064599312
 30
0.0
 11
-6.937985470247489
 21
-5.125205240148338
 31
0.0
  0
LINE
  5
1CC
330
1F
100
AcDbEntity
  8
0
100
AcDbLine
 10
-6.937985470247489
 20
-5.125205240148338
 30
0.0
 11
-6.938916763413927
 21
-5.125248767797101
 31
0.0
  0
LINE
  5
1CD
330
1F
100
AcDbEntity
  8
0
100
AcDbLine
 10
-6.938916763413927
 20
-5.125248767797101
 30
0.0
 11
-6.940130448297984
 21
-5.124834076540155
 31
0.0
  0
LINE
  5
1CE
330
1F
100
AcDbEntity
  8
0
100
AcDbLine
 10
-6.940130448297984
 20
-5.124834076540155
 30
0.0
 11
-6.941543814280519
 21
-5.123989426901355
 31
0.0
  0
LINE
  5
1CF
330
1F
100
AcDbEntity
  8
0
100
AcDbLine
 10
-6.941543814280519
 20
-5.123989426901355
 30
0.0
 11
-6.943060542805521
 21
-5.122772380357733
 31
0.0
  0
LINE
  5
1D0
330
1F
100
AcDbEntity
  8
0
100
AcDbLine
 10
-6.943060542805521
 20
-5.122772380357733
 30
0.0
 11
-6.944577271330521
 21
-5.121265876619974
 31
0.0
  0
LINE
  5
1D1
330
1F
100
AcDbEntity
  8
0
100
AcDbLine
 10
-6.944577271330521
 20
-5.121265876619974
 30
0.0
 11
-6.945990637313057
 21
-5.11957258142819
 31
0.0
  0
LINE
  5
1D2
330
1F
100
AcDbEntity
  8
0
100
AcDbLine
 10
-6.945990637313057
 20
-5.11957258142819
 30
0.0
 11
-6.947204322197113
 21
-5.117807890051399
 31
0.0
  0
LINE
  5
1D3
330
1F
100
AcDbEntity
  8
0
100
AcDbLine
 10
-6.947204322197113
 20
-5.117807890051399
 30
0.0
 11
-6.948135615363552
 21
-5.116092063290639
 31
0.0
  0
LINE
  5
1D4
330
1F
100
AcDbEntity
  8
0
100
AcDbLine
 10
-6.948135615363552
 20
-5.116092063290639
 30
0.0
 11
-6.948721050722114
 21
-5.114542031904118
 31
0.0
  0
LINE
  5
1D5
330
1F
100
AcDbEntity
  8
0
100
AcDbLine
 10
-6.948721050722114
 20
-5.114542031904118
 30
0.0
 11
-6.948920731820594
 21
-5.113263427969278
 31
0.0
  0
LINE
  5
1D6
330
1F
100
AcDbEntity
  8
0
100
AcDbLine
 10
-6.948920731820594
 20
-5.113263427969278
 30
0.0
 11
-6.948295491834676
 21
-5.100018557095896
 31
0.0
  0
LINE
  5
1D7
330
1F
100
AcDbEntity
  8
0
100
AcDbLine
 10
-6.948295491834676
 20
-5.100018557095896
 30
0.0
 11
-6.949747341678766
 21
-5.097577440697551
 31
0.0
  0
LINE
  5
1D8
330
1F
100
AcDbEntity
  8
0
100
AcDbLine
 10
-6.949747341678766
 20
-5.097577440697551
 30
0.0
 11
-6.950743497230101
 21
-5.095311871055754
 31
0.0
  0
LINE
  5
1D9
330
1F
100
AcDbEntity
  8
0
100
AcDbLine
 10
-6.950743497230101
 20
-5.095311871055754
 30
0.0
 11
-6.951216072134083
 21
-5.093376242997565
 31
0.0
  0
LINE
  5
1DA
330
1F
100
AcDbEntity
  8
0
100
AcDbLine
 10
-6.951216072134083
 20
-5.093376242997565
 30
0.0
 11
-6.951132861191974
 21
-5.091902466376372
 31
0.0
  0
LINE
  5
1DB
330
1F
100
AcDbEntity
  8
0
100
AcDbLine
 10
-6.951132861191974
 20
-5.091902466376372
 30
0.0
 11
-6.950499535091964
 21
-5.090990976633377
 31
0.0
  0
LINE
  5
1DC
330
1F
100
AcDbEntity
  8
0
100
AcDbLine
 10
-6.950499535091964
 20
-5.090990976633377
 30
0.0
 11
-6.949359253961149
 21
-5.09070389028826
 31
0.0
  0
LINE
  5
1DD
330
1F
100
AcDbEntity
  8
0
100
AcDbLine
 10
-6.949359253961149
 20
-5.09070389028826
 30
0.0
 11
-6.94778972607419
 21
-5.091060771801008
 31
0.0
  0
LINE
  5
1DE
330
1F
100
AcDbEntity
  8
0
100
AcDbLine
 10
-6.94778972607419
 20
-5.091060771801008
 30
0.0
 11
-6.947385294095053
 21
-5.091269534061194
 31
0.0
  0
LINE
  5
1DF
330
1F
100
AcDbEntity
  8
0
100
AcDbLine
 10
-6.940294517977255
 20
-5.097096628650897
 30
0.0
 11
-6.939634196745629
 21
-5.097837919809264
 31
0.0
  0
LINE
  5
1E0
330
1F
100
AcDbEntity
  8
0
100
AcDbLine
 10
-6.939634196745629
 20
-5.097837919809264
 30
0.0
 11
-6.937825593776364
 21
-5.100288224915747
 31
0.0
  0
LINE
  5
1E1
330
1F
100
AcDbEntity
  8
0
100
AcDbLine
 10
-6.937825593776364
 20
-5.100288224915747
 30
0.0
 11
-6.936373743932275
 21
-5.102729341314093
 31
0.0
  0
LINE
  5
1E2
330
1F
100
AcDbEntity
  8
0
100
AcDbLine
 10
-6.936373743932275
 20
-5.102729341314093
 30
0.0
 11
-6.935377588380939
 21
-5.104994910955889
 31
0.0
  0
LINE
  5
1E3
330
1F
100
AcDbEntity
  8
0
100
AcDbLine
 10
-6.935377588380939
 20
-5.104994910955889
 30
0.0
 11
-6.934905013476957
 21
-5.106930539014078
 31
0.0
  0
LINE
  5
1E4
330
1F
100
AcDbEntity
  8
0
100
AcDbLine
 10
-6.934905013476957
 20
-5.106930539014078
 30
0.0
 11
-6.934988224419067
 21
-5.108404315635271
 31
0.0
  0
LINE
  5
1E5
330
1F
100
AcDbEntity
  8
0
100
AcDbLine
 10
-6.970379369621185
 20
-4.990563381288085
 30
0.0
 11
-6.977878250577938
 21
-4.995512179290461
 31
0.0
  0
LINE
  5
1E6
330
1F
100
AcDbEntity
  8
0
100
AcDbLine
 10
-6.899774682692597
 20
-5.053954888661162
 30
0.0
 11
-6.907273563649348
 21
-5.058903686663538
 31
0.0
  0
LINE
  5
1E7
330
1F
100
AcDbEntity
  8
0
100
AcDbLine
 10
-6.899774682692597
 20
-5.156303256769361
 30
0.0
 11
-6.907273563649348
 21
-5.161252054771737
 31
0.0
  0
LINE
  5
1E8
330
1F
100
AcDbEntity
  8
0
100
AcDbLine
 10
-6.899774682692597
 20
-5.156303256769361
 30
0.0
 11
-6.899774682692597
 21
-5.053954888661162
 31
0.0
  0
LINE
  5
1E9
330
1F
100
AcDbEntity
  8
0
100
AcDbLine
 10
-6.934751462792309
 20
-5.058317510582246
 30
0.0
 11
-6.946762193190817
 21
-5.066243850384946
 31
0.0
  0
LINE
  5
1EA
330
1F
100
AcDbEntity
  8
0
100
AcDbLine
 10
-6.920939814908803
 20
-5.07586946813836
 30
0.0
 11
-6.930155585024013
 21
-5.081951306881971
 31
0.0
  0
LINE
  5
1EB
330
1F
100
AcDbEntity
  8
0
100
AcDbLine
 10
-6.934054865495135
 20
-5.077652960634634
 30
0.0
 11
-6.943428466691074
 21
-5.083838958137604
 31
0.0
  0
LINE
  5
1EC
330
1F
100
AcDbEntity
  8
0
100
AcDbLine
 10
-6.932093871590917
 20
-5.079600734806299
 30
0.0
 11
-6.930266516180578
 21
-5.081790013569369
 31
0.0
  0
LINE
  5
1ED
330
1F
100
AcDbEntity
  8
0
100
AcDbLine
 10
-6.92869733051548
 20
-5.084071601194094
 30
0.0
 11
-6.927493252005503
 21
-5.086290011254352
 31
0.0
  0
LINE
  5
1EE
330
1F
100
AcDbEntity
  8
0
100
AcDbLine
 10
-6.927493252005503
 20
-5.086290011254352
 30
0.0
 11
-6.926736336611264
 21
-5.088294062770632
 31
0.0
  0
LINE
  5
1EF
330
1F
100
AcDbEntity
  8
0
100
AcDbLine
 10
-6.934054865495135
 20
-5.077652960634634
 30
0.0
 11
-6.932093871590917
 21
-5.079600734806299
 31
0.0
  0
LINE
  5
1F0
330
1F
100
AcDbEntity
  8
0
100
AcDbLine
 10
-6.926736336611264
 20
-5.091136714366407
 30
0.0
 11
-6.927493252005503
 21
-5.091781592437354
 31
0.0
  0
LINE
  5
1F1
330
1F
100
AcDbEntity
  8
0
100
AcDbLine
 10
-6.92647816686602
 20
-5.08994718294395
 30
0.0
 11
-6.926736336611264
 21
-5.091136714366407
 31
0.0
  0
LINE
  5
1F2
330
1F
100
AcDbEntity
  8
0
100
AcDbLine
 10
-6.926736336611264
 20
-5.088294062770632
 30
0.0
 11
-6.92647816686602
 21
-5.08994718294395
 31
0.0
  0
LINE
  5
1F3
330
1F
100
AcDbEntity
  8
0
100
AcDbLine
 10
-7.003386688405953
 20
-5.015591398891407
 30
0.0
 11
-7.005214043816295
 21
-5.014499342689137
 31
0.0
  0
LINE
  5
1F4
330
1F
100
AcDbEntity
  8
0
100
AcDbLine
 10
-7.012760289601895
 20
-5.021777396394377
 30
0.0
 11
-7.014587645012234
 21
-5.020685340192108
 31
0.0
  0
LINE
  5
1F5
330
1F
100
AcDbEntity
  8
0
100
AcDbLine
 10
-7.006783229481391
 20
-5.013963184099386
 30
0.0
 11
-7.007987307991369
 21
-5.014019461444001
 31
0.0
  0
LINE
  5
1F6
330
1F
100
AcDbEntity
  8
0
100
AcDbLine
 10
-7.007987307991369
 20
-5.014019461444001
 30
0.0
 11
-7.017360909187309
 21
-5.02020545894697
 31
0.0
  0
LINE
  5
1F7
330
1F
100
AcDbEntity
  8
0
100
AcDbLine
 10
-7.016156830677332
 20
-5.020149181602356
 30
0.0
 11
-7.017360909187309
 21
-5.02020545894697
 31
0.0
  0
LINE
  5
1F8
330
1F
100
AcDbEntity
  8
0
100
AcDbLine
 10
-7.018375994326791
 20
-5.022039868440373
 30
0.0
 11
-7.018117824581548
 21
-5.023692988613692
 31
0.0
  0
LINE
  5
1F9
330
1F
100
AcDbEntity
  8
0
100
AcDbLine
 10
-7.017360909187309
 20
-5.02020545894697
 30
0.0
 11
-7.018117824581548
 21
-5.020850337017917
 31
0.0
  0
LINE
  5
1FA
330
1F
100
AcDbEntity
  8
0
100
AcDbLine
 10
-7.018117824581548
 20
-5.020850337017917
 30
0.0
 11
-7.018375994326791
 21
-5.022039868440373
 31
0.0
  0
LINE
  5
1FB
330
1F
100
AcDbEntity
  8
0
100
AcDbLine
 10
-7.001425694501737
 20
-5.017164930880718
 30
0.0
 11
-7.003386688405953
 21
-5.015591398891407
 31
0.0
  0
LINE
  5
1FC
330
1F
100
AcDbEntity
  8
0
100
AcDbLine
 10
-7.010799295697677
 20
-5.023350928383688
 30
0.0
 11
-7.012760289601895
 21
-5.021777396394377
 31
0.0
  0
LINE
  5
1FD
330
1F
100
AcDbEntity
  8
0
100
AcDbLine
 10
-7.001425694501737
 20
-5.017164930880718
 30
0.0
 11
-7.010799295697677
 21
-5.023350928383688
 31
0.0
  0
LINE
  5
1FE
330
1F
100
AcDbEntity
  8
0
100
AcDbLine
 10
-7.012760289601895
 20
-5.032386316578025
 30
0.0
 11
-7.010799295697677
 21
-5.03433409074969
 31
0.0
  0
LINE
  5
1FF
330
1F
100
AcDbEntity
  8
0
100
AcDbLine
 10
-7.017360909187309
 20
-5.025697040129971
 30
0.0
 11
-7.016156830677332
 21
-5.027915450190229
 31
0.0
  0
LINE
  5
200
330
1F
100
AcDbEntity
  8
0
100
AcDbLine
 10
-7.014587645012234
 20
-5.030197037814955
 30
0.0
 11
-7.012760289601895
 21
-5.032386316578025
 31
0.0
  0
LINE
  5
201
330
1F
100
AcDbEntity
  8
0
100
AcDbLine
 10
-7.018117824581548
 20
-5.023692988613692
 30
0.0
 11
-7.017360909187309
 21
-5.025697040129971
 31
0.0
  0
LINE
  5
202
330
1F
100
AcDbEntity
  8
0
100
AcDbLine
 10
-7.005214043816295
 20
-5.014499342689137
 30
0.0
 11
-7.006783229481391
 21
-5.013963184099386
 31
0.0
  0
LINE
  5
203
330
1F
100
AcDbEntity
  8
0
100
AcDbLine
 10
-7.014587645012234
 20
-5.020685340192108
 30
0.0
 11
-7.016156830677332
 21
-5.020149181602356
 31
0.0
  0
LINE
  5
204
330
1F
100
AcDbEntity
  8
0
100
AcDbLine
 10
-7.016156830677332
 20
-5.027915450190229
 30
0.0
 11
-7.014587645012234
 21
-5.030197037814955
 31
0.0
  0
LINE
  5
205
330
1F
100
AcDbEntity
  8
0
100
AcDbLine
 10
-6.941467472786857
 20
-5.096395652492917
 30
0.0
 11
-6.943428466691074
 21
-5.094822120503606
 31
0.0
  0
LINE
  5
206
330
1F
100
AcDbEntity
  8
0
100
AcDbLine
 10
-6.938070931711422
 20
-5.098023867284938
 30
0.0
 11
-6.939640117376517
 21
-5.097487708695186
 31
0.0
  0
LINE
  5
207
330
1F
100
AcDbEntity
  8
0
100
AcDbLine
 10
-6.936866853201443
 20
-5.097967589940324
 30
0.0
 11
-6.938070931711422
 21
-5.098023867284938
 31
0.0
  0
LINE
  5
208
330
1F
100
AcDbEntity
  8
0
100
AcDbLine
 10
-6.936109937807204
 20
-5.097322711869377
 30
0.0
 11
-6.936866853201443
 21
-5.097967589940324
 31
0.0
  0
LINE
  5
209
330
1F
100
AcDbEntity
  8
0
100
AcDbLine
 10
-6.93585176806196
 20
-5.096133180446921
 30
0.0
 11
-6.936109937807204
 21
-5.097322711869377
 31
0.0
  0
LINE
  5
20A
330
1F
100
AcDbEntity
  8
0
100
AcDbLine
 10
-6.936109937807204
 20
-5.094480060273602
 30
0.0
 11
-6.93585176806196
 21
-5.096133180446921
 31
0.0
  0
LINE
  5
20B
330
1F
100
AcDbEntity
  8
0
100
AcDbLine
 10
-6.936866853201443
 20
-5.092476008757322
 30
0.0
 11
-6.936109937807204
 21
-5.094480060273602
 31
0.0
  0
LINE
  5
20C
330
1F
100
AcDbEntity
  8
0
100
AcDbLine
 10
-6.938070931711422
 20
-5.090257598697065
 30
0.0
 11
-6.936866853201443
 21
-5.092476008757322
 31
0.0
  0
LINE
  5
20D
330
1F
100
AcDbEntity
  8
0
100
AcDbLine
 10
-6.939640117376517
 20
-5.087976011072339
 30
0.0
 11
-6.938070931711422
 21
-5.090257598697065
 31
0.0
  0
LINE
  5
20E
330
1F
100
AcDbEntity
  8
0
100
AcDbLine
 10
-6.941467472786857
 20
-5.085786732309269
 30
0.0
 11
-6.939640117376517
 21
-5.087976011072339
 31
0.0
  0
LINE
  5
20F
330
1F
100
AcDbEntity
  8
0
100
AcDbLine
 10
-6.943428466691074
 20
-5.083838958137604
 30
0.0
 11
-6.941467472786857
 21
-5.085786732309269
 31
0.0
  0
LINE
  5
210
330
1F
100
AcDbEntity
  8
0
100
AcDbLine
 10
-7.010799295697677
 20
-5.023350928383688
 30
0.0
 11
-6.943428466691074
 21
-5.083838958137604
 31
0.0
  0
LINE
  5
211
330
1F
100
AcDbEntity
  8
0
100
AcDbLine
 10
-6.927493252005503
 20
-5.091781592437354
 30
0.0
 11
-6.936866853201443
 21
-5.097967589940324
 31
0.0
  0
LINE
  5
212
330
1F
100
AcDbEntity
  8
0
100
AcDbLine
 10
-6.937200353790447
 20
-5.109503179927119
 30
0.0
 11
-6.938331359536849
 21
-5.109246010210637
 31
0.0
  0
LINE
  5
213
330
1F
100
AcDbEntity
  8
0
100
AcDbLine
 10
-6.938331359536849
 20
-5.109246010210637
 30
0.0
 11
-6.940223173448222
 21
-5.108269481725346
 31
0.0
  0
LINE
  5
214
330
1F
100
AcDbEntity
  8
0
100
AcDbLine
 10
-6.940223173448222
 20
-5.108269481725346
 30
0.0
 11
-6.942308349392321
 21
-5.106739855069994
 31
0.0
  0
LINE
  5
215
330
1F
100
AcDbEntity
  8
0
100
AcDbLine
 10
-6.944444786074472
 20
-5.104761371773315
 30
0.0
 11
-6.946486888865413
 21
-5.10246886220238
 31
0.0
  0
LINE
  5
216
330
1F
100
AcDbEntity
  8
0
100
AcDbLine
 10
-6.946486888865413
 20
-5.10246886220238
 30
0.0
 11
-6.948295491834676
 21
-5.100018557095896
 31
0.0
  0
LINE
  5
217
330
1F
100
AcDbEntity
  8
0
100
AcDbLine
 10
-7.428249569121199
 20
-4.052981344008487
 30
0.0
 11
-6.820385464539534
 21
-4.633083970931415
 31
0.0
  0
LINE
  5
218
330
1F
100
AcDbEntity
  8
0
100
AcDbLine
 10
-6.512444477462645
 20
-4.736375748445289
 30
0.0
 11
-6.512444477462645
 21
-3.731779798895302
 31
0.0
  0
LINE
  5
219
330
1F
100
AcDbEntity
  8
0
100
AcDbLine
 10
-6.483908912990648
 20
-4.796429347324522
 30
0.0
 11
-6.512444477462645
 21
-4.736375748445289
 31
0.0
  0
LINE
  5
21A
330
1F
100
AcDbEntity
  8
0
100
AcDbLine
 10
-6.798023612987399
 20
-2.513353951909968
 30
0.0
 11
-5.875631655929682
 21
-2.189842186682323
 31
0.0
  0
LINE
  5
21B
330
1F
100
AcDbEntity
  8
0
100
AcDbLine
 10
-5.875631655929682
 20
-2.189842186682323
 30
0.0
 11
-5.875631655929682
 21
-3.040777658667004
 31
0.0
  0
LINE
  5
21C
330
1F
100
AcDbEntity
  8
0
100
AcDbLine
 10
-6.793864070390737
 20
-3.612140027132853
 30
0.0
 11
-6.798023611732535
 21
-3.613598908632986
 31
0.0
  0
LINE
  5
21D
330
1F
100
AcDbEntity
  8
0
100
AcDbLine
 10
-5.923959677743422
 20
-2.232379430461341
 30
0.0
 11
-5.972287699557161
 21
-2.249329582213309
 31
0.0
  0
LINE
  5
21E
330
1F
100
AcDbEntity
  8
0
100
AcDbLine
 10
-5.923959677743422
 20
-3.057727810450258
 30
0.0
 11
-5.923959677743422
 21
-2.232379430461341
 31
0.0
  0
LINE
  5
21F
330
1F
100
AcDbEntity
  8
0
100
AcDbLine
 10
-6.57166849417479
 20
-2.670847542186304
 30
0.0
 11
-6.144983060585685
 21
-3.118222788938868
 31
0.0
  0
LINE
  5
220
330
1F
100
AcDbEntity
  8
0
100
AcDbLine
 10
-6.132478508427046
 20
-3.130861899061955
 30
0.0
 11
-6.144983060585685
 21
-3.118222788938868
 31
0.0
  0
LINE
  5
221
330
1F
100
AcDbEntity
  8
0
100
AcDbLine
 10
-6.019616684018275
 20
-2.17028033264476
 30
0.0
 11
-6.144983060585685
 21
-2.043564923802779
 31
0.0
  0
LINE
  5
222
330
1F
100
AcDbEntity
  8
0
100
AcDbLine
 10
-6.57166849417479
 20
-1.596189677050216
 30
0.0
 11
-6.144983060585685
 21
-2.043564923802779
 31
0.0
  0
LINE
  5
223
330
1F
100
AcDbEntity
  8
0
100
AcDbLine
 10
-6.526816554183431
 20
-1.573332065107253
 30
0.0
 11
-6.57166849417479
 21
-1.596189677050216
 31
0.0
  0
LINE
  5
224
330
1F
100
AcDbEntity
  8
0
100
AcDbLine
 10
-5.970854475545566
 20
-2.153177898024965
 30
0.0
 11
-6.526816554183431
 21
-1.573332065107253
 31
0.0
  0
LINE
  5
225
330
1F
100
AcDbEntity
  8
0
100
AcDbLine
 10
-6.00082326402916
 20
-3.084686278958855
 30
0.0
 11
-6.00082326402916
 21
-2.259337898920179
 31
0.0
  0
LINE
  5
226
330
1F
100
AcDbEntity
  8
0
100
AcDbLine
 10
-6.57166849417479
 20
-2.670847542186304
 30
0.0
 11
-6.57166849417479
 21
-2.459551210260488
 31
0.0
  0
LINE
  5
227
330
1F
100
AcDbEntity
  8
0
100
AcDbLine
 10
-6.57166849417479
 20
-2.363902202647336
 30
0.0
 11
-6.57166849417479
 21
-1.596189677050216
 31
0.0
  0
LINE
  5
228
330
1F
100
AcDbEntity
  8
0
100
AcDbLine
 10
-6.57166849417479
 20
-2.670847542186304
 30
0.0
 11
-6.12980683814143
 21
-3.129924860566348
 31
0.0
  0
LINE
  5
229
330
1F
100
AcDbEntity
  8
0
100
AcDbLine
 10
-6.019235310515055
 20
-2.170146573005711
 30
0.0
 11
-6.57166849417479
 21
-1.596189677050216
 31
0.0
  0
LINE
  5
22A
330
1F
100
AcDbEntity
  8
0
100
AcDbLine
 10
-5.972287699557161
 20
-3.074677962233512
 30
0.0
 11
-5.972287699557161
 21
-2.249329582213309
 31
0.0
  0
LINE
  5
22B
330
1F
100
AcDbEntity
  8
0
100
AcDbLine
 10
-6.793864070390737
 20
-3.612140027132853
 30
0.0
 11
-6.793864070390737
 21
-2.537482161996765
 31
0.0
  0
LINE
  5
22C
330
1F
100
AcDbEntity
  8
0
100
AcDbLine
 10
-6.984985498845507
 20
-2.578927344285573
 30
0.0
 11
-7.94091885369889
 21
-2.91420312883933
 31
0.0
  0
LINE
  5
22D
330
1F
100
AcDbEntity
  8
0
100
AcDbLine
 10
-7.040923505187648
 20
-3.698791513256223
 30
0.0
 11
-6.984985498797482
 21
-3.679172301431867
 31
0.0
  0
LINE
  5
22E
330
1F
100
AcDbEntity
  8
0
100
AcDbLine
 10
-8.025035116047876
 20
-2.737178933268777
 30
0.0
 11
-8.026012831551874
 21
-2.703301012127049
 31
0.0
  0
LINE
  5
22F
330
1F
100
AcDbEntity
  8
0
100
AcDbLine
 10
-8.056756300940123
 20
-2.117056510513556
 30
0.0
 11
-8.026012831551874
 21
-2.703301012127049
 31
0.0
  0
LINE
  5
230
330
1F
100
AcDbEntity
  8
0
100
AcDbLine
 10
-8.114933144298904
 20
-2.130334321603965
 30
0.0
 11
-8.056756300940123
 21
-2.117056510513556
 31
0.0
  0
LINE
  5
231
330
1F
100
AcDbEntity
  8
0
100
AcDbLine
 10
-8.092093846244222
 20
-2.596052622642425
 30
0.0
 11
-8.114933144298904
 21
-2.130334321603965
 31
0.0
  0
LINE
  5
232
330
1F
100
AcDbEntity
  8
0
100
AcDbLine
 10
-8.114933144298904
 20
-2.573407885087398
 30
0.0
 11
-8.114933144298904
 21
-2.130334321603965
 31
0.0
  0
LINE
  5
233
330
1F
100
AcDbEntity
  8
0
100
AcDbLine
 10
-8.02818522419199
 20
-2.730549473701754
 30
0.0
 11
-8.056756300940123
 21
-2.117056510513556
 31
0.0
  0
LINE
  5
234
330
1F
100
AcDbEntity
  8
0
100
AcDbLine
 10
-7.040923505187648
 20
-3.698791513256223
 30
0.0
 11
-7.040923505187648
 21
-2.624133648120135
 31
0.0
  0
LINE
  5
235
330
1F
100
AcDbEntity
  8
0
100
AcDbLine
 10
-7.069459069659646
 20
-3.63873791437699
 30
0.0
 11
-7.040923505187648
 21
-3.698791513256223
 31
0.0
  0
LINE
  5
236
330
1F
100
AcDbEntity
  8
0
100
AcDbLine
 10
-8.3274310597873
 20
0.967942656901334
 30
0.0
 11
-7.479767428048281
 21
1.265244856606016
 31
0.0
  0
LINE
  5
237
330
1F
100
AcDbEntity
  8
0
100
AcDbLine
 10
-7.528089071252822
 20
1.222709850005137
 30
0.0
 11
-7.576417093066561
 21
1.205759698253169
 31
0.0
  0
LINE
  5
238
330
1F
100
AcDbEntity
  8
0
100
AcDbLine
 10
-7.528089071252822
 20
0.1480519848690487
 30
0.0
 11
-7.528089071252822
 21
1.222709850005137
 31
0.0
  0
LINE
  5
239
330
1F
100
AcDbEntity
  8
0
100
AcDbLine
 10
-8.175797887684189
 20
0.7842417382801736
 30
0.0
 11
-7.749112454095085
 21
0.3368664915276104
 31
0.0
  0
LINE
  5
23A
330
1F
100
AcDbEntity
  8
0
100
AcDbLine
 10
-7.604952657538559
 20
0.1911554319963139
 30
0.0
 11
-7.749112454095085
 21
0.3368664915276104
 31
0.0
  0
LINE
  5
23B
330
1F
100
AcDbEntity
  8
0
100
AcDbLine
 10
-7.623746077527675
 20
1.284808947821719
 30
0.0
 11
-7.749112454095085
 21
1.411524356663699
 31
0.0
  0
LINE
  5
23C
330
1F
100
AcDbEntity
  8
0
100
AcDbLine
 10
-8.175797887684189
 20
1.858899603416262
 30
0.0
 11
-7.749112454095085
 21
1.411524356663699
 31
0.0
  0
LINE
  5
23D
330
1F
100
AcDbEntity
  8
0
100
AcDbLine
 10
-8.13094594769283
 20
1.881757215359225
 30
0.0
 11
-8.175797887684189
 21
1.858899603416262
 31
0.0
  0
LINE
  5
23E
330
1F
100
AcDbEntity
  8
0
100
AcDbLine
 10
-7.574983869054965
 20
1.301911382441514
 30
0.0
 11
-8.13094594769283
 21
1.881757215359225
 31
0.0
  0
LINE
  5
23F
330
1F
100
AcDbEntity
  8
0
100
AcDbLine
 10
-7.604952657538559
 20
0.1911554319963139
 30
0.0
 11
-7.604952657538559
 21
1.195751381546299
 31
0.0
  0
LINE
  5
240
330
1F
100
AcDbEntity
  8
0
100
AcDbLine
 10
-8.175797887684189
 20
0.7842417382801736
 30
0.0
 11
-8.175797887684189
 21
0.9955380702059899
 31
0.0
  0
LINE
  5
241
330
1F
100
AcDbEntity
  8
0
100
AcDbLine
 10
-8.175797887684189
 20
1.091187077819143
 30
0.0
 11
-8.175797887684189
 21
1.858899603416262
 31
0.0
  0
LINE
  5
242
330
1F
100
AcDbEntity
  8
0
100
AcDbLine
 10
-8.175797887684189
 20
0.7842417382801736
 30
0.0
 11
-7.604952657538559
 21
0.1911554319963139
 31
0.0
  0
LINE
  5
243
330
1F
100
AcDbEntity
  8
0
100
AcDbLine
 10
-7.623364704024453
 20
1.284942707460768
 30
0.0
 11
-8.175797887684189
 21
1.858899603416262
 31
0.0
  0
LINE
  5
244
330
1F
100
AcDbEntity
  8
0
100
AcDbLine
 10
-7.576417093066561
 20
0.1311018331170806
 30
0.0
 11
-7.576417093066561
 21
1.205759698253169
 31
0.0
  0
LINE
  5
245
330
1F
100
AcDbEntity
  8
0
100
AcDbLine
 10
-7.604952657538559
 20
0.1911554319963139
 30
0.0
 11
-7.576417093066561
 21
0.1311018331170806
 31
0.0
  0
LINE
  5
246
330
1F
100
AcDbEntity
  8
0
100
AcDbLine
 10
-7.576417093066561
 20
0.1311018331170806
 30
0.0
 11
-7.528089071252822
 21
0.1480519848690487
 31
0.0
  0
LINE
  5
247
330
1F
100
AcDbEntity
  8
0
100
AcDbLine
 10
9.31043316871335
 20
3.208149508133058
 30
0.0
 11
8.38523488528801
 21
2.883653476303746
 31
0.0
  0
LINE
  5
248
330
1F
100
AcDbEntity
  8
0
100
AcDbLine
 10
8.39220075425229
 20
1.785851667682542
 30
0.0
 11
8.385234885288007
 21
1.783408519140606
 31
0.0
  0
LINE
  5
249
330
1F
100
AcDbEntity
  8
0
100
AcDbLine
 10
9.26210514689961
 20
2.090954399217953
 30
0.0
 11
9.31043316871335
 21
2.10790455096992
 31
0.0
  0
LINE
  5
24A
330
1F
100
AcDbEntity
  8
0
100
AcDbLine
 10
9.233569582427613
 20
2.151007998097187
 30
0.0
 11
9.233569582427613
 21
3.155603947647172
 31
0.0
  0
LINE
  5
24B
330
1F
100
AcDbEntity
  8
0
100
AcDbLine
 10
9.31043316871335
 20
3.208149508133058
 30
0.0
 11
9.281897604241355
 21
3.268203107012292
 31
0.0
  0
LINE
  5
24C
330
1F
100
AcDbEntity
  8
0
100
AcDbLine
 10
8.39220075425229
 20
2.860509532818631
 30
0.0
 11
8.440528776066028
 21
2.877459684570598
 31
0.0
  0
LINE
  5
24D
330
1F
100
AcDbEntity
  8
0
100
AcDbLine
 10
8.39220075425229
 20
1.785851667682542
 30
0.0
 11
8.39220075425229
 21
2.860509532818631
 31
0.0
  0
LINE
  5
24E
330
1F
100
AcDbEntity
  8
0
100
AcDbLine
 10
8.409943863923122
 20
2.962381605026306
 30
0.0
 11
8.396273159390473
 21
3.128272186366015
 31
0.0
  0
LINE
  5
24F
330
1F
100
AcDbEntity
  8
0
100
AcDbLine
 10
8.336631377746244
 20
3.704381144257013
 30
0.0
 11
8.396273159390473
 21
3.128272186366015
 31
0.0
  0
LINE
  5
250
330
1F
100
AcDbEntity
  8
0
100
AcDbLine
 10
8.285974217123334
 20
3.693740721553634
 30
0.0
 11
8.336631377746244
 21
3.704381144257013
 31
0.0
  0
LINE
  5
251
330
1F
100
AcDbEntity
  8
0
100
AcDbLine
 10
8.338180939000129
 20
3.174181421231817
 30
0.0
 11
8.285974217123334
 21
3.693740721553634
 31
0.0
  0
LINE
  5
252
330
1F
100
AcDbEntity
  8
0
100
AcDbLine
 10
8.285974217123334
 20
3.284051388495481
 30
0.0
 11
8.285974217123334
 21
3.693740721553634
 31
0.0
  0
LINE
  5
253
330
1F
100
AcDbEntity
  8
0
100
AcDbLine
 10
8.4095624904199
 20
2.962247845387257
 30
0.0
 11
8.336631377746244
 21
3.704381144257013
 31
0.0
  0
LINE
  5
254
330
1F
100
AcDbEntity
  8
0
100
AcDbLine
 10
8.440528776066028
 20
1.80280181943451
 30
0.0
 11
8.440528776066028
 21
2.877459684570598
 31
0.0
  0
LINE
  5
255
330
1F
100
AcDbEntity
  8
0
100
AcDbLine
 10
9.26210514689961
 20
2.090954399217953
 30
0.0
 11
9.26210514689961
 21
3.165612264354041
 31
0.0
  0
LINE
  5
256
330
1F
100
AcDbEntity
  8
0
100
AcDbLine
 10
9.233569582427613
 20
2.151007998097187
 30
0.0
 11
9.26210514689961
 21
2.090954399217953
 31
0.0
  0
LINE
  5
257
330
1F
100
AcDbEntity
  8
0
100
AcDbLine
 10
8.440528776066028
 20
1.80280181943451
 30
0.0
 11
8.39220075425229
 21
1.785851667682542
 31
0.0
  0
LINE
  5
258
330
1F
100
AcDbEntity
  8
0
100
AcDbLine
 10
9.951130310275069
 20
0.6205620737472095
 30
0.0
 11
9.951130310275069
 21
1.695219938883297
 31
0.0
  0
LINE
  5
259
330
1F
100
AcDbEntity
  8
0
100
AcDbLine
 10
9.951130310275069
 20
0.6205620737472095
 30
0.0
 11
9.999458332088809
 21
0.6375122254991774
 31
0.0
  0
LINE
  5
25A
330
1F
100
AcDbEntity
  8
0
100
AcDbLine
 10
9.999458332088809
 20
1.737757182662315
 30
0.0
 11
9.160535941355521
 21
1.443520810111058
 31
0.0
  0
LINE
  5
25B
330
1F
100
AcDbEntity
  8
0
100
AcDbLine
 10
9.97092276761681
 20
1.797810781541549
 30
0.0
 11
9.999458332088809
 21
1.737757182662315
 31
0.0
  0
LINE
  5
25C
330
1F
100
AcDbEntity
  8
0
100
AcDbLine
 10
9.222495632772956
 20
1.313125546379191
 30
0.0
 11
9.273713735998015
 21
1.261356299568548
 31
0.0
  0
LINE
  5
25D
330
1F
100
AcDbEntity
  8
0
100
AcDbLine
 10
9.700399169587119
 20
0.8139810528159828
 30
0.0
 11
9.273713735998015
 21
1.261356299568548
 31
0.0
  0
LINE
  5
25E
330
1F
100
AcDbEntity
  8
0
100
AcDbLine
 10
9.655547229595758
 20
0.7911234408730202
 30
0.0
 11
9.700399169587119
 21
0.8139810528159828
 31
0.0
  0
LINE
  5
25F
330
1F
100
AcDbEntity
  8
0
100
AcDbLine
 10
9.288763217039676
 20
1.173664246142609
 30
0.0
 11
9.655547229595758
 21
0.7911234408730202
 31
0.0
  0
LINE
  5
260
330
1F
100
AcDbEntity
  8
0
100
AcDbLine
 10
9.700399169587119
 20
0.3073691215862277
 30
0.0
 11
9.700399169587119
 21
0.8139810528159828
 31
0.0
  0
LINE
  5
261
330
1F
100
AcDbEntity
  8
0
100
AcDbLine
 10
9.655547229595758
 20
0.4017608206128861
 30
0.0
 11
9.655547229595758
 21
0.7911234408730202
 31
0.0
  0
LINE
  5
262
330
1F
100
AcDbEntity
  8
0
100
AcDbLine
 10
9.224955421874453
 20
1.307948876817465
 30
0.0
 11
9.700399169587119
 21
0.8139810528159828
 31
0.0
  0
LINE
  5
263
330
1F
100
AcDbEntity
  8
0
100
AcDbLine
 10
9.951130310275069
 20
0.6205620737472095
 30
0.0
 11
9.922594745803071
 21
0.680615672626443
 31
0.0
  0
LINE
  5
264
330
1F
100
AcDbEntity
  8
0
100
AcDbLine
 10
12.72375513962594
 20
3.309757414779818
 30
0.0
 11
12.72375513962594
 21
4.384415279915905
 31
0.0
  0
LINE
  5
265
330
1F
100
AcDbEntity
  8
0
100
AcDbLine
 10
12.72375513962594
 20
3.309757414779818
 30
0.0
 11
12.77208316143968
 21
3.326707566531785
 31
0.0
  0
LINE
  5
266
330
1F
100
AcDbEntity
  8
0
100
AcDbLine
 10
12.77208316143968
 20
4.426952523694924
 30
0.0
 11
11.81017732380833
 21
4.089582002265476
 31
0.0
  0
LINE
  5
267
330
1F
100
AcDbEntity
  8
0
100
AcDbLine
 10
11.85385074697863
 20
3.004654683244398
 30
0.0
 11
11.81017732380832
 21
2.989337045102336
 31
0.0
  0
LINE
  5
268
330
1F
100
AcDbEntity
  8
0
100
AcDbLine
 10
12.74354759696769
 20
4.487006122574156
 30
0.0
 11
12.77208316143968
 21
4.426952523694924
 31
0.0
  0
LINE
  5
269
330
1F
100
AcDbEntity
  8
0
100
AcDbLine
 10
11.85385074697863
 20
3.004654683244398
 30
0.0
 11
11.97906028035175
 21
2.874066233136685
 31
0.0
  0
LINE
  5
26A
330
1F
100
AcDbEntity
  8
0
100
AcDbLine
 10
11.90217876879237
 20
4.096262700132454
 30
0.0
 11
12.04633856534889
 21
3.950551640601156
 31
0.0
  0
LINE
  5
26B
330
1F
100
AcDbEntity
  8
0
100
AcDbLine
 10
12.47302399893799
 20
3.50317639384859
 30
0.0
 11
12.04633856534889
 21
3.950551640601156
 31
0.0
  0
LINE
  5
26C
330
1F
100
AcDbEntity
  8
0
100
AcDbLine
 10
12.42817205894663
 20
3.480318781905628
 30
0.0
 11
12.47302399893799
 21
3.50317639384859
 31
0.0
  0
LINE
  5
26D
330
1F
100
AcDbEntity
  8
0
100
AcDbLine
 10
11.85385074697863
 20
4.079312548380486
 30
0.0
 11
12.42817205894663
 21
3.480318781905628
 31
0.0
  0
LINE
  5
26E
330
1F
100
AcDbEntity
  8
0
100
AcDbLine
 10
11.85385074697863
 20
3.004654683244398
 30
0.0
 11
11.85385074697863
 21
4.079312548380486
 31
0.0
  0
LINE
  5
26F
330
1F
100
AcDbEntity
  8
0
100
AcDbLine
 10
12.47302399893799
 20
3.442079196072279
 30
0.0
 11
12.47302399893799
 21
3.50317639384859
 31
0.0
  0
LINE
  5
270
330
1F
100
AcDbEntity
  8
0
100
AcDbLine
 10
12.42817205894663
 20
3.031583808139408
 30
0.0
 11
12.42817205894663
 21
3.480318781905628
 31
0.0
  0
LINE
  5
271
330
1F
100
AcDbEntity
  8
0
100
AcDbLine
 10
11.90217876879237
 20
4.096262700132454
 30
0.0
 11
11.85385074697863
 21
4.079312548380486
 31
0.0
  0
LINE
  5
272
330
1F
100
AcDbEntity
  8
0
100
AcDbLine
 10
12.39605589466683
 20
3.020319662871227
 30
0.0
 11
12.39605589466683
 21
3.080835931178841
 31
0.0
  0
LINE
  5
273
330
1F
100
AcDbEntity
  8
0
100
AcDbLine
 10
12.39605589466683
 20
3.080835931178841
 30
0.0
 11
12.32996221633171
 21
3.145809590631479
 31
0.0
  0
LINE
  5
274
330
1F
100
AcDbEntity
  8
0
100
AcDbLine
 10
12.32996221633171
 20
3.145809590631479
 30
0.0
 11
12.32996221633171
 21
3.104551565899071
 31
0.0
  0
LINE
  5
275
330
1F
100
AcDbEntity
  8
0
100
AcDbLine
 10
12.32996221633171
 20
3.079997644233095
 30
0.0
 11
12.32996221633171
 21
3.04346122252328
 31
0.0
  0
LINE
  5
276
330
1F
100
AcDbEntity
  8
0
100
AcDbLine
 10
12.32996221633171
 20
3.04346122252328
 30
0.0
 11
12.3646924537656
 21
3.009319521280731
 31
0.0
  0
LINE
  5
277
330
1F
100
AcDbEntity
  8
0
100
AcDbLine
 10
12.37286297762688
 20
3.081708912637149
 30
0.0
 11
12.374579283785
 21
3.080649006564419
 31
0.0
  0
LINE
  5
278
330
1F
100
AcDbEntity
  8
0
100
AcDbLine
 10
12.374579283785
 20
3.080649006564419
 30
0.0
 11
12.37644680481964
 21
3.079075133375997
 31
0.0
  0
LINE
  5
279
330
1F
100
AcDbEntity
  8
0
100
AcDbLine
 10
12.37644680481964
 20
3.079075133375997
 30
0.0
 11
12.37833827225849
 21
3.077094549928727
 31
0.0
  0
LINE
  5
27A
330
1F
100
AcDbEntity
  8
0
100
AcDbLine
 10
12.37833827225849
 20
3.077094549928727
 30
0.0
 11
12.38012478572141
 21
3.074842229711471
 31
0.0
  0
LINE
  5
27B
330
1F
100
AcDbEntity
  8
0
100
AcDbLine
 10
12.38012478572141
 20
3.074842229711471
 30
0.0
 11
12.38168459726824
 21
3.072471664624899
 31
0.0
  0
LINE
  5
27C
330
1F
100
AcDbEntity
  8
0
100
AcDbLine
 10
12.38168459726824
 20
3.072471664624899
 30
0.0
 11
12.38291140831978
 21
3.070144404762118
 31
0.0
  0
LINE
  5
27D
330
1F
100
AcDbEntity
  8
0
100
AcDbLine
 10
12.38291140831978
 20
3.070144404762118
 30
0.0
 11
12.38372161373028
 21
3.068019049036796
 31
0.0
  0
LINE
  5
27E
330
1F
100
AcDbEntity
  8
0
100
AcDbLine
 10
12.38372161373028
 20
3.068019049036796
 30
0.0
 11
12.38405999933992
 21
3.0662404369293
 31
0.0
  0
LINE
  5
27F
330
1F
100
AcDbEntity
  8
0
100
AcDbLine
 10
12.38405999933992
 20
3.0662404369293
 30
0.0
 11
12.38390350472862
 21
3.064929777915458
 31
0.0
  0
LINE
  5
280
330
1F
100
AcDbEntity
  8
0
100
AcDbLine
 10
12.38390350472862
 20
3.064929777915458
 30
0.0
 11
12.38326279474553
 21
3.064176391241098
 31
0.0
  0
LINE
  5
281
330
1F
100
AcDbEntity
  8
0
100
AcDbLine
 10
12.37033358774524
 20
3.082037848468858
 30
0.0
 11
12.3714148497736
 21
3.082182620746909
 31
0.0
  0
LINE
  5
282
330
1F
100
AcDbEntity
  8
0
100
AcDbLine
 10
12.3714148497736
 20
3.082182620746909
 30
0.0
 11
12.37286297762688
 21
3.081708912637149
 31
0.0
  0
LINE
  5
283
330
1F
100
AcDbEntity
  8
0
100
AcDbLine
 10
12.36951909084939
 20
3.031059051119342
 30
0.0
 11
12.36845166349364
 21
3.03079751687623
 31
0.0
  0
LINE
  5
284
330
1F
100
AcDbEntity
  8
0
100
AcDbLine
 10
12.36845166349364
 20
3.03079751687623
 30
0.0
 11
12.36804115899936
 21
3.030907055339061
 31
0.0
  0
LINE
  5
285
330
1F
100
AcDbEntity
  8
0
100
AcDbLine
 10
12.36804115899936
 20
3.016623817072972
 30
0.0
 11
12.36804115899936
 21
3.030907055339061
 31
0.0
  0
LINE
  5
286
330
1F
100
AcDbEntity
  8
0
100
AcDbLine
 10
12.36804115899936
 20
3.016623817072972
 30
0.0
 11
12.36785423573879
 21
3.015708249908539
 31
0.0
  0
LINE
  5
287
330
1F
100
AcDbEntity
  8
0
100
AcDbLine
 10
12.36785423573879
 20
3.015708249908539
 30
0.0
 11
12.36730620446838
 21
3.015222588477281
 31
0.0
  0
LINE
  5
288
330
1F
100
AcDbEntity
  8
0
100
AcDbLine
 10
12.36730620446838
 20
3.015222588477281
 30
0.0
 11
12.36643441261353
 21
3.015199929803144
 31
0.0
  0
LINE
  5
289
330
1F
100
AcDbEntity
  8
0
100
AcDbLine
 10
12.36643441261353
 20
3.015199929803144
 30
0.0
 11
12.36529827134846
 21
3.015641818037326
 31
0.0
  0
LINE
  5
28A
330
1F
100
AcDbEntity
  8
0
100
AcDbLine
 10
12.36529827134846
 20
3.015641818037326
 30
0.0
 11
12.36397520682281
 21
3.016518139226922
 31
0.0
  0
LINE
  5
28B
330
1F
100
AcDbEntity
  8
0
100
AcDbLine
 10
12.36397520682281
 20
3.016518139226922
 30
0.0
 11
12.36255538369755
 21
3.01776917353105
 31
0.0
  0
LINE
  5
28C
330
1F
100
AcDbEntity
  8
0
100
AcDbLine
 10
12.36255538369755
 20
3.01776917353105
 30
0.0
 11
12.36113556057229
 21
3.019309665029316
 31
0.0
  0
LINE
  5
28D
330
1F
100
AcDbEntity
  8
0
100
AcDbLine
 10
12.36113556057229
 20
3.019309665029316
 30
0.0
 11
12.35981249604664
 21
3.021034631771895
 31
0.0
  0
LINE
  5
28E
330
1F
100
AcDbEntity
  8
0
100
AcDbLine
 10
12.35981249604664
 20
3.021034631771895
 30
0.0
 11
12.35867635478157
 21
3.022826520125924
 31
0.0
  0
LINE
  5
28F
330
1F
100
AcDbEntity
  8
0
100
AcDbLine
 10
12.35867635478157
 20
3.022826520125924
 30
0.0
 11
12.35780456292673
 21
3.02456321586131
 31
0.0
  0
LINE
  5
290
330
1F
100
AcDbEntity
  8
0
100
AcDbLine
 10
12.35780456292673
 20
3.02456321586131
 30
0.0
 11
12.35725653165631
 21
3.026126366033712
 31
0.0
  0
LINE
  5
291
330
1F
100
AcDbEntity
  8
0
100
AcDbLine
 10
12.35725653165631
 20
3.026126366033712
 30
0.0
 11
12.35706960839573
 21
3.027409444542109
 31
0.0
  0
LINE
  5
292
330
1F
100
AcDbEntity
  8
0
100
AcDbLine
 10
12.35706960839573
 20
3.027409444542109
 30
0.0
 11
12.3576549011335
 21
3.040640304663699
 31
0.0
  0
LINE
  5
293
330
1F
100
AcDbEntity
  8
0
100
AcDbLine
 10
12.3576549011335
 20
3.040640304663699
 30
0.0
 11
12.35629581152117
 21
3.043113954982241
 31
0.0
  0
LINE
  5
294
330
1F
100
AcDbEntity
  8
0
100
AcDbLine
 10
12.35629581152117
 20
3.043113954982241
 30
0.0
 11
12.35536330140824
 21
3.045401847073802
 31
0.0
  0
LINE
  5
295
330
1F
100
AcDbEntity
  8
0
100
AcDbLine
 10
12.35536330140824
 20
3.045401847073802
 30
0.0
 11
12.35492091981784
 21
3.047348064873262
 31
0.0
  0
LINE
  5
296
330
1F
100
AcDbEntity
  8
0
100
AcDbLine
 10
12.35492091981784
 20
3.047348064873262
 30
0.0
 11
12.35499881432429
 21
3.048819976853865
 31
0.0
  0
LINE
  5
297
330
1F
100
AcDbEntity
  8
0
100
AcDbLine
 10
12.35499881432429
 20
3.048819976853865
 30
0.0
 11
12.35559167654571
 21
3.049717274646582
 31
0.0
  0
LINE
  5
298
330
1F
100
AcDbEntity
  8
0
100
AcDbLine
 10
12.35559167654571
 20
3.049717274646582
 30
0.0
 11
12.35665910390146
 21
3.049978808889695
 31
0.0
  0
LINE
  5
299
330
1F
100
AcDbEntity
  8
0
100
AcDbLine
 10
12.35665910390146
 20
3.049978808889695
 30
0.0
 11
12.35812835298125
 21
3.049586756456741
 31
0.0
  0
LINE
  5
29A
330
1F
100
AcDbEntity
  8
0
100
AcDbLine
 10
12.35812835298125
 20
3.049586756456741
 30
0.0
 11
12.35989929688834
 21
3.048567835073128
 31
0.0
  0
LINE
  5
29B
330
1F
100
AcDbEntity
  8
0
100
AcDbLine
 10
12.35989929688834
 20
3.048567835073128
 30
0.0
 11
12.36185124872209
 21
3.046991482547303
 31
0.0
  0
LINE
  5
29C
330
1F
100
AcDbEntity
  8
0
100
AcDbLine
 10
12.36185124872209
 20
3.046991482547303
 30
0.0
 11
12.36385118619078
 21
3.044965124698855
 31
0.0
  0
LINE
  5
29D
330
1F
100
AcDbEntity
  8
0
100
AcDbLine
 10
12.36385118619078
 20
3.044965124698855
 30
0.0
 11
12.36576281686096
 21
3.042626854466441
 31
0.0
  0
LINE
  5
29E
330
1F
100
AcDbEntity
  8
0
100
AcDbLine
 10
12.36576281686096
 20
3.042626854466441
 30
0.0
 11
12.3674558662616
 21
3.040136021102226
 31
0.0
  0
LINE
  5
29F
330
1F
100
AcDbEntity
  8
0
100
AcDbLine
 10
12.3674558662616
 20
3.040136021102226
 30
0.0
 11
12.36881495587393
 21
3.037662370783683
 31
0.0
  0
LINE
  5
2A0
330
1F
100
AcDbEntity
  8
0
100
AcDbLine
 10
12.36881495587393
 20
3.037662370783683
 30
0.0
 11
12.36974746598686
 21
3.035374478692122
 31
0.0
  0
LINE
  5
2A1
330
1F
100
AcDbEntity
  8
0
100
AcDbLine
 10
12.36974746598686
 20
3.035374478692122
 30
0.0
 11
12.37018984757726
 21
3.033428260892662
 31
0.0
  0
LINE
  5
2A2
330
1F
100
AcDbEntity
  8
0
100
AcDbLine
 10
12.37018984757726
 20
3.033428260892662
 30
0.0
 11
12.37011195307081
 21
3.03195634891206
 31
0.0
  0
LINE
  5
2A3
330
1F
100
AcDbEntity
  8
0
100
AcDbLine
 10
12.3363634724418
 20
3.150373417202802
 30
0.0
 11
12.32996221633171
 21
3.145809590631479
 31
0.0
  0
LINE
  5
2A4
330
1F
100
AcDbEntity
  8
0
100
AcDbLine
 10
12.40245715077692
 20
3.085399757750165
 30
0.0
 11
12.39605589466683
 21
3.080835931178841
 31
0.0
  0
LINE
  5
2A5
330
1F
100
AcDbEntity
  8
0
100
AcDbLine
 10
12.40245715077692
 20
3.022564783991381
 30
0.0
 11
12.40245715077692
 21
3.085399757750165
 31
0.0
  0
LINE
  5
2A6
330
1F
100
AcDbEntity
  8
0
100
AcDbLine
 10
12.37033358774524
 20
3.082037848468858
 30
0.0
 11
12.36020776132855
 21
3.074818559807021
 31
0.0
  0
LINE
  5
2A7
330
1F
100
AcDbEntity
  8
0
100
AcDbLine
 10
12.38326279474553
 20
3.064176391241098
 30
0.0
 11
12.37572583154001
 21
3.058802853242799
 31
0.0
  0
LINE
  5
2A8
330
1F
100
AcDbEntity
  8
0
100
AcDbLine
 10
12.37213765983487
 20
3.06309082453219
 30
0.0
 11
12.36413608969725
 21
3.057386041318036
 31
0.0
  0
LINE
  5
2A9
330
1F
100
AcDbEntity
  8
0
100
AcDbLine
 10
12.37397336375143
 20
3.06109910723552
 30
0.0
 11
12.37568396747972
 21
3.058868879998796
 31
0.0
  0
LINE
  5
2AA
330
1F
100
AcDbEntity
  8
0
100
AcDbLine
 10
12.37715289620257
 20
3.056552129122575
 30
0.0
 11
12.37828004485503
 21
3.054306737350459
 31
0.0
  0
LINE
  5
2AB
330
1F
100
AcDbEntity
  8
0
100
AcDbLine
 10
12.37828004485503
 20
3.054306737350459
 30
0.0
 11
12.37898860011913
 21
3.052285724421034
 31
0.0
  0
LINE
  5
2AC
330
1F
100
AcDbEntity
  8
0
100
AcDbLine
 10
12.37213765983487
 20
3.06309082453219
 30
0.0
 11
12.37397336375143
 21
3.06109910723552
 31
0.0
  0
LINE
  5
2AD
330
1F
100
AcDbEntity
  8
0
100
AcDbLine
 10
12.37898860011913
 20
3.049443072825259
 30
0.0
 11
12.37828004485503
 21
3.048815156167458
 31
0.0
  0
LINE
  5
2AE
330
1F
100
AcDbEntity
  8
0
100
AcDbLine
 10
12.37923027512458
 20
3.050626819025557
 30
0.0
 11
12.37898860011913
 21
3.049443072825259
 31
0.0
  0
LINE
  5
2AF
330
1F
100
AcDbEntity
  8
0
100
AcDbLine
 10
12.37898860011913
 20
3.052285724421034
 30
0.0
 11
12.37923027512458
 21
3.050626819025557
 31
0.0
  0
LINE
  5
2B0
330
1F
100
AcDbEntity
  8
0
100
AcDbLine
 10
12.30723552088069
 20
3.126706015256295
 30
0.0
 11
12.3055249171524
 21
3.127839019932218
 31
0.0
  0
LINE
  5
2B1
330
1F
100
AcDbEntity
  8
0
100
AcDbLine
 10
12.29923395074307
 20
3.121001232042141
 30
0.0
 11
12.29752334701478
 21
3.122134236718064
 31
0.0
  0
LINE
  5
2B2
330
1F
100
AcDbEntity
  8
0
100
AcDbLine
 10
12.30405598842955
 20
3.128410341773466
 30
0.0
 11
12.3029288397771
 21
3.128381046140709
 31
0.0
  0
LINE
  5
2B3
330
1F
100
AcDbEntity
  8
0
100
AcDbLine
 10
12.3029288397771
 20
3.128381046140709
 30
0.0
 11
12.29492726963948
 21
3.122676262926555
 31
0.0
  0
LINE
  5
2B4
330
1F
100
AcDbEntity
  8
0
100
AcDbLine
 10
12.29605441829194
 20
3.122705558559312
 30
0.0
 11
12.29492726963948
 21
3.122676262926555
 31
0.0
  0
LINE
  5
2B5
330
1F
100
AcDbEntity
  8
0
100
AcDbLine
 10
12.29397703936993
 20
3.120864600068457
 30
0.0
 11
12.29421871437537
 21
3.11920569467298
 31
0.0
  0
LINE
  5
2B6
330
1F
100
AcDbEntity
  8
0
100
AcDbLine
 10
12.29492726963948
 20
3.122676262926555
 30
0.0
 11
12.29421871437537
 21
3.122048346268754
 31
0.0
  0
LINE
  5
2B7
330
1F
100
AcDbEntity
  8
0
100
AcDbLine
 10
12.29421871437537
 20
3.122048346268754
 30
0.0
 11
12.29397703936993
 21
3.120864600068457
 31
0.0
  0
LINE
  5
2B8
330
1F
100
AcDbEntity
  8
0
100
AcDbLine
 10
12.30907122479725
 20
3.12508854014198
 30
0.0
 11
12.30723552088069
 21
3.126706015256295
 31
0.0
  0
LINE
  5
2B9
330
1F
100
AcDbEntity
  8
0
100
AcDbLine
 10
12.30106965465964
 20
3.119383756927826
 30
0.0
 11
12.29923395074307
 21
3.121001232042141
 31
0.0
  0
LINE
  5
2BA
330
1F
100
AcDbEntity
  8
0
100
AcDbLine
 10
12.30907122479725
 20
3.12508854014198
 30
0.0
 11
12.30106965465964
 21
3.119383756927826
 31
0.0
  0
LINE
  5
2BB
330
1F
100
AcDbEntity
  8
0
100
AcDbLine
 10
12.29923395074307
 20
3.110392311858493
 30
0.0
 11
12.30106965465964
 21
3.108400594561824
 31
0.0
  0
LINE
  5
2BC
330
1F
100
AcDbEntity
  8
0
100
AcDbLine
 10
12.29492726963948
 20
3.117184681743554
 30
0.0
 11
12.29605441829194
 21
3.114939289971439
 31
0.0
  0
LINE
  5
2BD
330
1F
100
AcDbEntity
  8
0
100
AcDbLine
 10
12.29752334701478
 20
3.112622539095217
 30
0.0
 11
12.29923395074307
 21
3.110392311858493
 31
0.0
  0
LINE
  5
2BE
330
1F
100
AcDbEntity
  8
0
100
AcDbLine
 10
12.29421871437537
 20
3.11920569467298
 30
0.0
 11
12.29492726963948
 21
3.117184681743554
 31
0.0
  0
LINE
  5
2BF
330
1F
100
AcDbEntity
  8
0
100
AcDbLine
 10
12.3055249171524
 20
3.127839019932218
 30
0.0
 11
12.30405598842955
 21
3.128410341773466
 31
0.0
  0
LINE
  5
2C0
330
1F
100
AcDbEntity
  8
0
100
AcDbLine
 10
12.29752334701478
 20
3.122134236718064
 30
0.0
 11
12.29605441829194
 21
3.122705558559312
 31
0.0
  0
LINE
  5
2C1
330
1F
100
AcDbEntity
  8
0
100
AcDbLine
 10
12.29605441829194
 20
3.114939289971439
 30
0.0
 11
12.29752334701478
 21
3.112622539095217
 31
0.0
  0
LINE
  5
2C2
330
1F
100
AcDbEntity
  8
0
100
AcDbLine
 10
12.36597179361381
 20
3.044785403837719
 30
0.0
 11
12.36413608969725
 21
3.046402878952034
 31
0.0
  0
LINE
  5
2C3
330
1F
100
AcDbEntity
  8
0
100
AcDbLine
 10
12.36768239734211
 20
3.043652399161795
 30
0.0
 11
12.36597179361381
 21
3.044785403837719
 31
0.0
  0
LINE
  5
2C4
330
1F
100
AcDbEntity
  8
0
100
AcDbLine
 10
12.36915132606495
 20
3.043081077320548
 30
0.0
 11
12.36768239734211
 21
3.043652399161795
 31
0.0
  0
LINE
  5
2C5
330
1F
100
AcDbEntity
  8
0
100
AcDbLine
 10
12.37027847471741
 20
3.043110372953305
 30
0.0
 11
12.36915132606495
 21
3.043081077320548
 31
0.0
  0
LINE
  5
2C6
330
1F
100
AcDbEntity
  8
0
100
AcDbLine
 10
12.37098702998152
 20
3.043738289611105
 30
0.0
 11
12.37027847471741
 21
3.043110372953305
 31
0.0
  0
LINE
  5
2C7
330
1F
100
AcDbEntity
  8
0
100
AcDbLine
 10
12.37122870498696
 20
3.044922035811403
 30
0.0
 11
12.37098702998152
 21
3.043738289611105
 31
0.0
  0
LINE
  5
2C8
330
1F
100
AcDbEntity
  8
0
100
AcDbLine
 10
12.37098702998152
 20
3.04658094120688
 30
0.0
 11
12.37122870498696
 21
3.044922035811403
 31
0.0
  0
LINE
  5
2C9
330
1F
100
AcDbEntity
  8
0
100
AcDbLine
 10
12.37027847471741
 20
3.048601954136306
 30
0.0
 11
12.37098702998152
 21
3.04658094120688
 31
0.0
  0
LINE
  5
2CA
330
1F
100
AcDbEntity
  8
0
100
AcDbLine
 10
12.36915132606495
 20
3.050847345908421
 30
0.0
 11
12.37027847471741
 21
3.048601954136306
 31
0.0
  0
LINE
  5
2CB
330
1F
100
AcDbEntity
  8
0
100
AcDbLine
 10
12.36768239734211
 20
3.053164096784642
 30
0.0
 11
12.36915132606495
 21
3.050847345908421
 31
0.0
  0
LINE
  5
2CC
330
1F
100
AcDbEntity
  8
0
100
AcDbLine
 10
12.36597179361381
 20
3.055394324021367
 30
0.0
 11
12.36768239734211
 21
3.053164096784642
 31
0.0
  0
LINE
  5
2CD
330
1F
100
AcDbEntity
  8
0
100
AcDbLine
 10
12.36413608969725
 20
3.057386041318036
 30
0.0
 11
12.36597179361381
 21
3.055394324021367
 31
0.0
  0
LINE
  5
2CE
330
1F
100
AcDbEntity
  8
0
100
AcDbLine
 10
12.30106965465964
 20
3.119383756927826
 30
0.0
 11
12.36413608969725
 21
3.057386041318036
 31
0.0
  0
LINE
  5
2CF
330
1F
100
AcDbEntity
  8
0
100
AcDbLine
 10
12.37828004485503
 20
3.048815156167458
 30
0.0
 11
12.37027847471741
 21
3.043110372953305
 31
0.0
  0
LINE
  5
2D0
330
1F
100
AcDbEntity
  8
0
100
AcDbLine
 10
12.36804115899936
 20
3.030907055339061
 30
0.0
 11
12.36698241441385
 21
3.031189569309184
 31
0.0
  0
LINE
  5
2D1
330
1F
100
AcDbEntity
  8
0
100
AcDbLine
 10
12.36698241441385
 20
3.031189569309184
 30
0.0
 11
12.36521147050676
 21
3.032208490692796
 31
0.0
  0
LINE
  5
2D2
330
1F
100
AcDbEntity
  8
0
100
AcDbLine
 10
12.36521147050676
 20
3.032208490692796
 30
0.0
 11
12.36325951867301
 21
3.033784843218621
 31
0.0
  0
LINE
  5
2D3
330
1F
100
AcDbEntity
  8
0
100
AcDbLine
 10
12.36125958120432
 20
3.035811201067069
 30
0.0
 11
12.35934795053413
 21
3.038149471299483
 31
0.0
  0
LINE
  5
2D4
330
1F
100
AcDbEntity
  8
0
100
AcDbLine
 10
12.35934795053413
 20
3.038149471299483
 30
0.0
 11
12.3576549011335
 21
3.040640304663699
 31
0.0
  0
LINE
  5
2D5
330
1F
100
AcDbEntity
  8
0
100
AcDbLine
 10
11.90217876879237
 20
4.096262700132454
 30
0.0
 11
12.47302399893799
 21
3.50317639384859
 31
0.0
  0
LINE
  5
2D6
330
1F
100
AcDbEntity
  8
0
100
AcDbLine
 10
12.72375513962594
 20
3.309757414779818
 30
0.0
 11
12.69521957515395
 21
3.369811013659052
 31
0.0
  0
LINE
  5
2D7
330
1F
100
AcDbEntity
  8
0
100
AcDbLine
 10
13.47467019784703
 20
2.95169621523781
 30
0.0
 11
12.50810976157223
 21
2.612693180198465
 31
0.0
  0
LINE
  5
2D8
330
1F
100
AcDbEntity
  8
0
100
AcDbLine
 10
12.50810976157223
 20
2.612693180198465
 30
0.0
 11
12.50810976157223
 21
1.512448223035326
 31
0.0
  0
LINE
  5
2D9
330
1F
100
AcDbEntity
  8
0
100
AcDbLine
 10
12.55643778338597
 20
1.529398374787294
 30
0.0
 11
12.50810976157223
 21
1.512448223035326
 31
0.0
  0
LINE
  5
2DA
330
1F
100
AcDbEntity
  8
0
100
AcDbLine
 10
13.42634217603329
 20
1.834501106322705
 30
0.0
 11
13.47467019784703
 21
1.851451258074672
 31
0.0
  0
LINE
  5
2DB
330
1F
100
AcDbEntity
  8
0
100
AcDbLine
 10
13.47467019784703
 20
2.95169621523781
 30
0.0
 11
13.44613463337504
 21
3.011749814117044
 31
0.0
  0
LINE
  5
2DC
330
1F
100
AcDbEntity
  8
0
100
AcDbLine
 10
12.50810976157223
 20
2.612693180198465
 30
0.0
 11
12.50783053751183
 21
2.613280812159877
 31
0.0
  0
LINE
  5
2DD
330
1F
100
AcDbEntity
  8
0
100
AcDbLine
 10
12.50810976157223
 20
1.512448223035326
 30
0.0
 11
12.50783053751183
 21
1.513035854996732
 31
0.0
  0
LINE
  5
2DE
330
1F
100
AcDbEntity
  8
0
100
AcDbLine
 10
12.55643778338597
 20
2.604056239923382
 30
0.0
 11
12.60476580519971
 21
2.621006391675349
 31
0.0
  0
LINE
  5
2DF
330
1F
100
AcDbEntity
  8
0
100
AcDbLine
 10
12.55643778338597
 20
1.529398374787294
 30
0.0
 11
12.55643778338597
 21
2.604056239923382
 31
0.0
  0
LINE
  5
2E0
330
1F
100
AcDbEntity
  8
0
100
AcDbLine
 10
12.5741808930568
 20
2.705928312131057
 30
0.0
 11
12.56051018852416
 21
2.871818893470766
 31
0.0
  0
LINE
  5
2E1
330
1F
100
AcDbEntity
  8
0
100
AcDbLine
 10
12.50086840687993
 20
3.447927851361765
 30
0.0
 11
12.56051018852416
 21
2.871818893470766
 31
0.0
  0
LINE
  5
2E2
330
1F
100
AcDbEntity
  8
0
100
AcDbLine
 10
12.52541868458409
 20
2.688825877511263
 30
0.0
 11
12.50939314199633
 21
2.848311464708763
 31
0.0
  0
LINE
  5
2E3
330
1F
100
AcDbEntity
  8
0
100
AcDbLine
 10
12.50014640349248
 20
2.940334652808038
 30
0.0
 11
12.45021124625701
 21
3.437287428658385
 31
0.0
  0
LINE
  5
2E4
330
1F
100
AcDbEntity
  8
0
100
AcDbLine
 10
12.45021124625701
 20
3.039313641792454
 30
0.0
 11
12.45021124625701
 21
3.437287428658385
 31
0.0
  0
LINE
  5
2E5
330
1F
100
AcDbEntity
  8
0
100
AcDbLine
 10
12.57379951955358
 20
2.705794552492008
 30
0.0
 11
12.50086840687993
 21
3.447927851361765
 31
0.0
  0
LINE
  5
2E6
330
1F
100
AcDbEntity
  8
0
100
AcDbLine
 10
12.60476580519971
 20
1.546348526539261
 30
0.0
 11
12.60476580519971
 21
2.621006391675349
 31
0.0
  0
LINE
  5
2E7
330
1F
100
AcDbEntity
  8
0
100
AcDbLine
 10
13.42634217603329
 20
1.834501106322705
 30
0.0
 11
13.42634217603329
 21
2.909158971458793
 31
0.0
  0
LINE
  5
2E8
330
1F
100
AcDbEntity
  8
0
100
AcDbLine
 10
13.3978066115613
 20
1.894554705201938
 30
0.0
 11
13.42634217603329
 21
1.834501106322705
 31
0.0
  0
LINE
  5
2E9
330
1F
100
AcDbEntity
  8
0
100
AcDbLine
 10
12.60476580519971
 20
1.546348526539261
 30
0.0
 11
12.55643778338597
 21
1.529398374787294
 31
0.0
  0
LINE
  5
2EA
330
1F
100
AcDbEntity
  8
0
100
AcDbLine
 10
-9.018465335189827
 20
2.399277008985897
 30
0.0
 11
-9.026489284547024
 21
2.416163551973241
 31
0.0
  0
LINE
  5
2EB
330
1F
100
AcDbEntity
  8
0
100
AcDbLine
 10
-9.00728920074778
 20
2.398716109171856
 30
0.0
 11
-9.00728920074778
 21
2.472797557441227
 31
0.0
  0
LINE
  5
2EC
330
1F
100
AcDbEntity
  8
0
100
AcDbLine
 10
-9.00728920074778
 20
2.472797557441227
 30
0.0
 11
-9.026489284547024
 21
2.513204472540418
 31
0.0
  0
LINE
  5
2ED
330
1F
100
AcDbEntity
  8
0
100
AcDbLine
 10
-9.006113403624672
 20
2.472536660993035
 30
0.0
 11
-9.006133156640551
 21
2.450415888807784
 31
0.0
  0
LINE
  5
2EE
330
1F
100
AcDbEntity
  8
0
100
AcDbLine
 10
-8.969663706935263
 20
2.485993997227711
 30
0.0
 11
-9.00728920074778
 21
2.472797557441227
 31
0.0
  0
LINE
  5
2EF
330
1F
100
AcDbEntity
  8
0
100
AcDbLine
 10
-8.969663706935263
 20
2.485993997227711
 30
0.0
 11
-8.988863790734507
 21
2.526400912326901
 31
0.0
  0
LINE
  5
2F0
330
1F
100
AcDbEntity
  8
0
100
AcDbLine
 10
-8.969663706935263
 20
2.485993997227711
 30
0.0
 11
-8.969663706935263
 21
2.460271470591489
 31
0.0
  0
LINE
  5
2F1
330
1F
100
AcDbEntity
  8
0
100
AcDbLine
 10
-8.970859266786546
 20
2.462787547391561
 30
0.0
 11
-8.970859266786546
 21
2.484901391575097
 31
0.0
  0
LINE
  5
2F2
330
1F
100
AcDbEntity
  8
0
100
AcDbLine
 10
-9.25295961758725
 20
2.892774363432415
 30
0.0
 11
-9.272159707153621
 21
2.933181290668628
 31
0.0
  0
LINE
  5
2F3
330
1F
100
AcDbEntity
  8
0
100
AcDbLine
 10
-9.25178382046414
 20
2.893186752330579
 30
0.0
 11
-9.25295961758725
 21
2.892774363432415
 31
0.0
  0
LINE
  5
2F4
330
1F
100
AcDbEntity
  8
0
100
AcDbLine
 10
-9.25295961758725
 20
2.892774363432415
 30
0.0
 11
-9.25295961758725
 21
2.989815283999593
 31
0.0
  0
LINE
  5
2F5
330
1F
100
AcDbEntity
  8
0
100
AcDbLine
 10
-9.25295961758725
 20
2.989815283999593
 30
0.0
 11
-9.272159707153621
 21
3.030222211235806
 31
0.0
  0
LINE
  5
2F6
330
1F
100
AcDbEntity
  8
0
100
AcDbLine
 10
-9.25178382046414
 20
2.9895543875514
 30
0.0
 11
-9.251803573480027
 21
2.967433615366167
 31
0.0
  0
LINE
  5
2F7
330
1F
100
AcDbEntity
  8
0
100
AcDbLine
 10
-9.215334123774731
 20
3.003011723786076
 30
0.0
 11
-9.25295961758725
 21
2.989815283999593
 31
0.0
  0
LINE
  5
2F8
330
1F
100
AcDbEntity
  8
0
100
AcDbLine
 10
-9.215334123774731
 20
3.003011723786076
 30
0.0
 11
-9.234534213341103
 21
3.043418651022289
 31
0.0
  0
LINE
  5
2F9
330
1F
100
AcDbEntity
  8
0
100
AcDbLine
 10
-9.215334123774731
 20
3.003011723786076
 30
0.0
 11
-9.215334123774731
 21
2.977289197149854
 31
0.0
  0
LINE
  5
2FA
330
1F
100
AcDbEntity
  8
0
100
AcDbLine
 10
-9.216529683626014
 20
2.979805273949925
 30
0.0
 11
-9.216529683626014
 21
3.001919118133462
 31
0.0
  0
LINE
  5
2FB
330
1F
100
AcDbEntity
  8
0
100
AcDbLine
 10
-9.545894111016594
 20
3.563318129279225
 30
0.0
 11
-9.545894111016594
 21
3.584115387643516
 31
0.0
  0
LINE
  5
2FC
330
1F
100
AcDbEntity
  8
0
100
AcDbLine
 10
-9.545894111016594
 20
3.584115387643516
 30
0.0
 11
-9.499602903320861
 21
3.600351164854688
 31
0.0
  0
LINE
  5
2FD
330
1F
100
AcDbEntity
  8
0
100
AcDbLine
 10
-9.499602903320861
 20
3.600351164854688
 30
0.0
 11
-9.480402819521617
 21
3.559944249755497
 31
0.0
  0
LINE
  5
2FE
330
1F
100
AcDbEntity
  8
0
100
AcDbLine
 10
-9.480402819521617
 20
3.559944249755497
 30
0.0
 11
-9.480402819521617
 21
3.539146991391206
 31
0.0
  0
LINE
  5
2FF
330
1F
100
AcDbEntity
  8
0
100
AcDbLine
 10
-9.52669402721735
 20
3.543708472544325
 30
0.0
 11
-9.480402819521617
 21
3.559944249755497
 31
0.0
  0
LINE
  5
300
330
1F
100
AcDbEntity
  8
0
100
AcDbLine
 10
-9.545894111016594
 20
3.584115387643516
 30
0.0
 11
-9.52669402721735
 21
3.543708472544325
 31
0.0
  0
LINE
  5
301
330
1F
100
AcDbEntity
  8
0
100
AcDbLine
 10
-9.545894111016594
 20
3.563318129279225
 30
0.0
 11
-9.52669402721735
 21
3.522911214180035
 31
0.0
  0
LINE
  5
302
330
1F
100
AcDbEntity
  8
0
100
AcDbLine
 10
-9.52669402721735
 20
3.522911214180035
 30
0.0
 11
-9.52669402721735
 21
3.543708472544325
 31
0.0
  0
LINE
  5
303
330
1F
100
AcDbEntity
  8
0
100
AcDbLine
 10
-9.480402819521617
 20
3.539146991391206
 30
0.0
 11
-9.482038518187352
 21
3.538573300609663
 31
0.0
  0
LINE
  5
304
330
1F
100
AcDbEntity
  8
0
100
AcDbLine
 10
-9.525249485015971
 20
3.523417860399073
 30
0.0
 11
-9.52669402721735
 21
3.522911214180035
 31
0.0
  0
LINE
  5
305
330
1F
100
AcDbEntity
  8
0
100
AcDbLine
 10
-9.525518230094242
 20
3.543470939310047
 30
0.0
 11
-9.272159707153621
 21
3.010273457821909
 31
0.0
  0
LINE
  5
306
330
1F
100
AcDbEntity
  8
0
100
AcDbLine
 10
-9.525518230094242
 20
3.523973525210644
 30
0.0
 11
-9.525518230094242
 21
3.543470939310047
 31
0.0
  0
LINE
  5
307
330
1F
100
AcDbEntity
  8
0
100
AcDbLine
 10
-8.9326711588441
 20
2.40723330632687
 30
0.0
 11
-8.9326711588441
 21
2.38643604796258
 31
0.0
  0
LINE
  5
308
330
1F
100
AcDbEntity
  8
0
100
AcDbLine
 10
-8.978962366539834
 20
2.390997529115699
 30
0.0
 11
-8.9326711588441
 21
2.40723330632687
 31
0.0
  0
LINE
  5
309
330
1F
100
AcDbEntity
  8
0
100
AcDbLine
 10
-8.998162450339077
 20
2.431404444214889
 30
0.0
 11
-8.978962366539834
 21
2.390997529115699
 31
0.0
  0
LINE
  5
30A
330
1F
100
AcDbEntity
  8
0
100
AcDbLine
 10
-8.978962366539834
 20
2.370200270751408
 30
0.0
 11
-8.978962366539834
 21
2.390997529115699
 31
0.0
  0
LINE
  5
30B
330
1F
100
AcDbEntity
  8
0
100
AcDbLine
 10
-8.996624346245074
 20
2.399258894196609
 30
0.0
 11
-8.993320679482506
 21
2.400417593660437
 31
0.0
  0
LINE
  5
30C
330
1F
100
AcDbEntity
  8
0
100
AcDbLine
 10
-9.275346047377642
 20
2.997481752939998
 30
0.0
 11
-9.280090218483455
 21
2.995817823460518
 31
0.0
  0
LINE
  5
30D
330
1F
100
AcDbEntity
  8
0
100
AcDbLine
 10
-9.280090218483455
 20
2.995817823460518
 30
0.0
 11
-9.272159707153621
 21
2.979127922450273
 31
0.0
  0
LINE
  5
30E
330
1F
100
AcDbEntity
  8
0
100
AcDbLine
 10
-9.25178382046414
 20
2.936246509424098
 30
0.0
 11
-9.026489284547024
 21
2.462110183754886
 31
0.0
  0
LINE
  5
30F
330
1F
100
AcDbEntity
  8
0
100
AcDbLine
 10
-9.006113403624672
 20
2.419228782865733
 30
0.0
 11
-8.996624346245074
 21
2.399258894196609
 31
0.0
  0
LINE
  5
310
330
1F
100
AcDbEntity
  8
0
100
AcDbLine
 10
-8.961443027683346
 20
2.376344851908818
 30
0.0
 11
-8.961443027683346
 21
2.302232029101834
 31
0.0
  0
LINE
  5
311
330
1F
100
AcDbEntity
  8
0
100
AcDbLine
 10
-8.996624346245074
 20
2.37627173471277
 30
0.0
 11
-8.996624346245074
 21
2.399258894196609
 31
0.0
  0
LINE
  5
312
330
1F
100
AcDbEntity
  8
0
100
AcDbLine
 10
-9.280090218483455
 20
2.995817823460518
 30
0.0
 11
-9.280090218483455
 21
2.307516963623208
 31
0.0
  0
LINE
  5
313
330
1F
100
AcDbEntity
  8
0
100
AcDbLine
 10
-4.363364286974728
 20
-3.989001753816572
 30
0.0
 11
-4.363364286974728
 21
-2.914343888680483
 31
0.0
  0
LINE
  5
314
330
1F
100
AcDbEntity
  8
0
100
AcDbLine
 10
-4.363364286974728
 20
-3.989001753816572
 30
0.0
 11
-4.324902635866612
 21
-3.975512047463053
 31
0.0
  0
LINE
  5
315
330
1F
100
AcDbEntity
  8
0
100
AcDbLine
 10
-4.325248623041363
 20
-2.875388438844634
 30
0.0
 11
-5.033087871412755
 21
-3.123649845490551
 31
0.0
  0
LINE
  5
316
330
1F
100
AcDbEntity
  8
0
100
AcDbLine
 10
-4.947734227000804
 20
-3.303278073750636
 30
0.0
 11
-4.939242980133462
 21
-3.312595011096398
 31
0.0
  0
LINE
  5
317
330
1F
100
AcDbEntity
  8
0
100
AcDbLine
 10
-4.537162098537049
 20
-3.768599845289407
 30
0.0
 11
-4.939242980133462
 21
-3.312595011096398
 31
0.0
  0
LINE
  5
318
330
1F
100
AcDbEntity
  8
0
100
AcDbLine
 10
-4.575611643011182
 20
-3.789211936486427
 30
0.0
 11
-4.537162098537049
 21
-3.768599845289407
 31
0.0
  0
LINE
  5
319
330
1F
100
AcDbEntity
  8
0
100
AcDbLine
 10
-4.880187016330581
 20
-3.445432352694398
 30
0.0
 11
-4.575611643011182
 21
-3.789211936486427
 31
0.0
  0
LINE
  5
31A
330
1F
100
AcDbEntity
  8
0
100
AcDbLine
 10
-4.537162098537049
 20
-4.167334254561941
 30
0.0
 11
-4.537162098537049
 21
-3.768599845289407
 31
0.0
  0
LINE
  5
31B
330
1F
100
AcDbEntity
  8
0
100
AcDbLine
 10
-4.575611643011182
 20
-4.086416519896019
 30
0.0
 11
-4.575611643011182
 21
-3.789211936486427
 31
0.0
  0
LINE
  5
31C
330
1F
100
AcDbEntity
  8
0
100
AcDbLine
 10
-4.94415790497256
 20
-3.31080450562179
 30
0.0
 11
-4.537162098537049
 21
-3.768599845289407
 31
0.0
  0
LINE
  5
31D
330
1F
100
AcDbEntity
  8
0
100
AcDbLine
 10
-4.391899851446726
 20
-3.928948154937338
 30
0.0
 11
-4.391899851446726
 21
-2.924352205387353
 31
0.0
  0
LINE
  5
31E
330
1F
100
AcDbEntity
  8
0
100
AcDbLine
 10
-4.363364286974728
 20
-3.989001753816572
 30
0.0
 11
-4.391899851446726
 21
-3.928948154937338
 31
0.0
  0
LINE
  5
31F
330
1F
100
AcDbEntity
  8
0
100
AcDbLine
 10
-2.520542908501009
 20
-5.138355523780671
 30
0.0
 11
-2.304526413482098
 21
-5.592966048688772
 31
0.0
  0
LINE
  5
320
330
1F
100
AcDbEntity
  8
0
100
AcDbLine
 10
-2.43356261286117
 20
-5.638223077523692
 30
0.0
 11
-2.43356261286117
 21
-5.346994182559729
 31
0.0
  0
LINE
  5
321
330
1F
100
AcDbEntity
  8
0
100
AcDbLine
 10
-1.439246575310067
 20
-5.324689479200417
 30
0.0
 11
-1.543558413809512
 21
-5.39257930895004
 31
0.0
  0
LINE
  5
322
330
1F
100
AcDbEntity
  8
0
100
AcDbLine
 10
-1.421126534545571
 20
-5.349638612126147
 30
0.0
 11
-1.439246575310067
 21
-5.324689479200417
 31
0.0
  0
LINE
  5
323
330
1F
100
AcDbEntity
  8
0
100
AcDbLine
 10
-1.541721671724315
 20
-5.391935105941001
 30
0.0
 11
-1.439246575310067
 21
-5.324689479200417
 31
0.0
  0
LINE
  5
324
330
1F
100
AcDbEntity
  8
0
100
AcDbLine
 10
-2.503462337898287
 20
-5.662739096181871
 30
0.0
 11
-2.503462337898287
 21
-5.199888977990635
 31
0.0
  0
LINE
  5
325
330
1F
100
AcDbEntity
  8
0
100
AcDbLine
 10
8.128527374620194
 20
1.709551134560744
 30
0.0
 11
8.140911431646547
 21
1.683488668059065
 31
0.0
  0
LINE
  5
326
330
1F
100
AcDbEntity
  8
0
100
AcDbLine
 10
6.487295331300076
 20
1.005173877832805
 30
0.0
 11
6.80468686619875
 21
1.116493035526801
 31
0.0
  0
LINE
  5
327
330
1F
100
AcDbEntity
  8
0
100
AcDbLine
 10
8.188485694863608
 20
3.039017454599132
 30
0.0
 11
8.20086975188996
 21
3.012954988097449
 31
0.0
  0
LINE
  5
328
330
1F
100
AcDbEntity
  8
0
100
AcDbLine
 10
6.47304647121795
 20
2.437359160491075
 30
0.0
 11
6.485430528244301
 21
2.411296693989392
 31
0.0
  0
LINE
  5
329
330
1F
100
AcDbEntity
  8
0
100
AcDbLine
 10
8.140911431646547
 20
1.683488668059065
 30
0.0
 11
8.140911431646543
 21
2.893585923346168
 31
0.0
  0
LINE
  5
32A
330
1F
100
AcDbEntity
  8
0
100
AcDbLine
 10
6.545388848487721
 20
1.123888897713301
 30
0.0
 11
8.140911431646547
 21
1.683488668059065
 31
0.0
  0
LINE
  5
32B
330
1F
100
AcDbEntity
  8
0
100
AcDbLine
 10
6.545388848487721
 20
1.154294841105277
 30
0.0
 11
8.128527374620194
 21
1.709551134560744
 31
0.0
  0
LINE
  5
32C
330
1F
100
AcDbEntity
  8
0
100
AcDbLine
 10
8.128527374620194
 20
1.709551134560744
 30
0.0
 11
8.128527374620193
 21
2.889242446455872
 31
0.0
  0
LINE
  5
32D
330
1F
100
AcDbEntity
  8
0
100
AcDbLine
 10
-8.502111388188503
 20
-10.59624859530778
 30
0.0
 11
-8.502111388188503
 21
-10.5983660059852
 31
0.0
  0
LINE
  5
32E
330
1F
100
AcDbEntity
  8
0
100
AcDbLine
 10
-8.322642847984653
 20
-12.05418775287937
 30
0.0
 11
-8.226324296970729
 21
-11.95544775118052
 31
0.0
  0
LINE
  5
32F
330
1F
100
AcDbEntity
  8
0
100
AcDbLine
 10
-8.322642847984653
 20
-12.05418775287937
 30
0.0
 11
-8.322642847984655
 21
-10.71342413066196
 31
0.0
  0
LINE
  5
330
330
1F
100
AcDbEntity
  8
0
100
AcDbLine
 10
-8.445418213740828
 20
-12.09724892118026
 30
0.0
 11
-8.322642847984653
 21
-12.05418775287937
 31
0.0
  0
LINE
  5
331
330
1F
100
AcDbEntity
  8
0
100
AcDbLine
 10
-8.445987299361764
 20
-12.09605127045072
 30
0.0
 11
-8.445418213740828
 21
-12.09724892118026
 31
0.0
  0
LINE
  5
332
330
1F
100
AcDbEntity
  8
0
100
AcDbLine
 10
-2.885595886575511
 20
-10.0822869300913
 30
0.0
 11
-2.885595886575517
 21
-8.806481375304704
 31
0.0
  0
LINE
  5
333
330
1F
100
AcDbEntity
  8
0
100
AcDbLine
 10
-2.885595886575511
 20
-10.0822869300913
 30
0.0
 11
-2.736363706077091
 21
-10.09490459518838
 31
0.0
  0
LINE
  5
334
330
1F
100
AcDbEntity
  8
0
100
AcDbLine
 10
-2.736363706077099
 20
-8.754140972970957
 30
0.0
 11
-2.736363706077091
 21
-10.09490459518838
 31
0.0
  0
LINE
  5
335
330
1F
100
AcDbEntity
  8
0
100
AcDbLine
 10
-8.226324296970729
 20
-11.91832885550577
 30
0.0
 11
-2.900714066428224
 21
-10.05047045386389
 31
0.0
  0
LINE
  5
336
330
1F
100
AcDbEntity
  8
0
100
AcDbLine
 10
-8.445418213740828
 20
-10.71556038152257
 30
0.0
 11
-8.445418213740828
 21
-12.09724892118026
 31
0.0
  0
LINE
  5
337
330
1F
100
AcDbEntity
  8
0
100
AcDbLine
 10
-8.502111388188503
 20
-10.59624859530778
 30
0.0
 11
-8.445418213740828
 21
-10.71556038152257
 31
0.0
  0
LINE
  5
338
330
1F
100
AcDbEntity
  8
0
100
AcDbLine
 10
-2.613588340320921
 20
-8.670154855357001
 30
0.0
 11
-8.445418213740828
 21
-10.71556038152257
 31
0.0
  0
LINE
  5
339
330
1F
100
AcDbEntity
  8
0
100
AcDbLine
 10
-2.900714066428224
 20
-10.05047045386389
 30
0.0
 11
-2.900714066428229
 21
-9.26238801943075
 31
0.0
  0
LINE
  5
33A
330
1F
100
AcDbEntity
  8
0
100
AcDbLine
 10
-5.571078271625835
 20
-10.19896842997537
 30
0.0
 11
-2.900714066428229
 21
-9.26238801943075
 31
0.0
  0
LINE
  5
33B
330
1F
100
AcDbEntity
  8
0
100
AcDbLine
 10
-5.571078271625835
 20
-10.19896842997537
 30
0.0
 11
-8.226324296970732
 21
-11.13024642107263
 31
0.0
  0
LINE
  5
33C
330
1F
100
AcDbEntity
  8
0
100
AcDbLine
 10
-2.900714066428224
 20
-10.05047045386389
 30
0.0
 11
-2.885595886575511
 21
-10.0822869300913
 31
0.0
  0
LINE
  5
33D
330
1F
100
AcDbEntity
  8
0
100
AcDbLine
 10
-2.900714066428229
 20
-9.00651709916025
 30
0.0
 11
-2.900714066428231
 21
-8.811783794752051
 31
0.0
  0
LINE
  5
33E
330
1F
100
AcDbEntity
  8
0
100
AcDbLine
 10
-2.900714066428229
 20
-9.26238801943075
 30
0.0
 11
-2.900714066428229
 21
-9.00651709916025
 31
0.0
  0
LINE
  5
33F
330
1F
100
AcDbEntity
  8
0
100
AcDbLine
 10
-8.226324296970732
 20
-10.87437550080213
 30
0.0
 11
-5.571078271625838
 21
-9.943097509704865
 31
0.0
  0
LINE
  5
340
330
1F
100
AcDbEntity
  8
0
100
AcDbLine
 10
-2.900714066428229
 20
-9.00651709916025
 30
0.0
 11
-5.571078271625838
 21
-9.943097509704865
 31
0.0
  0
LINE
  5
341
330
1F
100
AcDbEntity
  8
0
100
AcDbLine
 10
-5.571078271625835
 20
-10.19896842997537
 30
0.0
 11
-5.571078271625838
 21
-9.943097509704865
 31
0.0
  0
LINE
  5
342
330
1F
100
AcDbEntity
  8
0
100
AcDbLine
 10
-5.448302905869666
 20
-9.94097568864726
 30
0.0
 11
-3.023489432184401
 21
-9.090517614704417
 31
0.0
  0
LINE
  5
343
330
1F
100
AcDbEntity
  8
0
100
AcDbLine
 10
-3.023489432184401
 20
-9.090517614704417
 30
0.0
 11
-3.023489432184399
 21
-9.264509840488362
 31
0.0
  0
LINE
  5
344
330
1F
100
AcDbEntity
  8
0
100
AcDbLine
 10
-3.023489432184399
 20
-9.264509840488362
 30
0.0
 11
-5.448302905869663
 21
-10.1149679144312
 31
0.0
  0
LINE
  5
345
330
1F
100
AcDbEntity
  8
0
100
AcDbLine
 10
-5.693853637382007
 20
-10.20109025103298
 30
0.0
 11
-8.118667111067273
 21
-11.05154832497581
 31
0.0
  0
LINE
  5
346
330
1F
100
AcDbEntity
  8
0
100
AcDbLine
 10
-8.118667111067277
 20
-10.87755609919187
 30
0.0
 11
-5.693853637382008
 21
-10.02709802524903
 31
0.0
  0
LINE
  5
347
330
1F
100
AcDbEntity
  8
0
100
AcDbLine
 10
-5.693853637382008
 20
-10.02709802524903
 30
0.0
 11
-5.693853637382007
 21
-10.20109025103298
 31
0.0
  0
LINE
  5
348
330
1F
100
AcDbEntity
  8
0
100
AcDbLine
 10
-3.088656660025663
 20
-9.257616631960312
 30
0.0
 11
-3.088656660025664
 21
-9.124563753419652
 31
0.0
  0
LINE
  5
349
330
1F
100
AcDbEntity
  8
0
100
AcDbLine
 10
-5.759020865223271
 20
-10.06114416396427
 30
0.0
 11
-8.061058973152367
 21
-10.86854106960622
 31
0.0
  0
LINE
  5
34A
330
1F
100
AcDbEntity
  8
0
100
AcDbLine
 10
-8.061058973152367
 20
-10.86854106960622
 30
0.0
 11
-8.061058973152367
 21
-11.00159394814688
 31
0.0
  0
LINE
  5
34B
330
1F
100
AcDbEntity
  8
0
100
AcDbLine
 10
-8.061058973152367
 20
-11.00159394814688
 30
0.0
 11
-5.75902086522327
 21
-10.19419704250493
 31
0.0
  0
LINE
  5
34C
330
1F
100
AcDbEntity
  8
0
100
AcDbLine
 10
-5.75902086522327
 20
-10.19419704250493
 30
0.0
 11
-5.759020865223271
 21
-10.06114416396427
 31
0.0
  0
LINE
  5
34D
330
1F
100
AcDbEntity
  8
0
100
AcDbLine
 10
-3.088656660025664
 20
-9.124563753419652
 30
0.0
 11
-5.390694767954757
 21
-9.931960659061605
 31
0.0
  0
LINE
  5
34E
330
1F
100
AcDbEntity
  8
0
100
AcDbLine
 10
-5.390694767954757
 20
-10.06501353760227
 30
0.0
 11
-3.088656660025663
 21
-9.257616631960312
 31
0.0
  0
LINE
  5
34F
330
1F
100
AcDbEntity
  8
0
100
AcDbLine
 10
-5.390694767954757
 20
-9.931960659061605
 30
0.0
 11
-5.390694767954757
 21
-10.06501353760227
 31
0.0
  0
LINE
  5
350
330
1F
100
AcDbEntity
  8
0
100
AcDbLine
 10
-5.693853637382007
 20
-10.20109025103298
 30
0.0
 11
-5.75902086522327
 21
-10.19419704250493
 31
0.0
  0
LINE
  5
351
330
1F
100
AcDbEntity
  8
0
100
AcDbLine
 10
-8.118667111067273
 20
-11.05154832497581
 30
0.0
 11
-8.061058973152367
 21
-11.00159394814688
 31
0.0
  0
LINE
  5
352
330
1F
100
AcDbEntity
  8
0
100
AcDbLine
 10
-5.693853637382008
 20
-10.02709802524903
 30
0.0
 11
-5.759020865223271
 21
-10.06114416396427
 31
0.0
  0
LINE
  5
353
330
1F
100
AcDbEntity
  8
0
100
AcDbLine
 10
-8.118667111067277
 20
-10.87755609919187
 30
0.0
 11
-8.061058973152367
 21
-10.86854106960622
 31
0.0
  0
LINE
  5
354
330
1F
100
AcDbEntity
  8
0
100
AcDbLine
 10
-5.448302905869663
 20
-10.1149679144312
 30
0.0
 11
-5.390694767954757
 21
-10.06501353760227
 31
0.0
  0
LINE
  5
355
330
1F
100
AcDbEntity
  8
0
100
AcDbLine
 10
-3.023489432184399
 20
-9.264509840488362
 30
0.0
 11
-3.088656660025663
 21
-9.257616631960312
 31
0.0
  0
LINE
  5
356
330
1F
100
AcDbEntity
  8
0
100
AcDbLine
 10
-5.448302905869666
 20
-9.94097568864726
 30
0.0
 11
-5.390694767954757
 21
-9.931960659061605
 31
0.0
  0
LINE
  5
357
330
1F
100
AcDbEntity
  8
0
100
AcDbLine
 10
-3.023489432184401
 20
-9.090517614704417
 30
0.0
 11
-3.088656660025664
 21
-9.124563753419652
 31
0.0
  0
LINE
  5
358
330
1F
100
AcDbEntity
  8
0
100
AcDbLine
 10
9.867801388293241
 20
-0.8066023656488578
 30
0.0
 11
8.280083144380566
 21
-1.363464909648858
 31
0.0
  0
LINE
  5
359
330
1F
100
AcDbEntity
  8
0
100
AcDbLine
 10
9.782203598715817
 20
-1.93686915007739
 30
0.0
 11
9.867801388293243
 21
-1.906847633887267
 31
0.0
  0
LINE
  5
35A
330
1F
100
AcDbEntity
  8
0
100
AcDbLine
 10
8.29050452821058
 20
-1.385396895781754
 30
0.0
 11
8.327041175899502
 21
-1.372582348453038
 31
0.0
  0
LINE
  5
35B
330
1F
100
AcDbEntity
  8
0
100
AcDbLine
 10
8.274822432347351
 20
-1.242001034787379
 30
0.0
 11
8.249869486519014
 21
-0.9309004514601553
 31
0.0
  0
LINE
  5
35C
330
1F
100
AcDbEntity
  8
0
100
AcDbLine
 10
8.146952347241982
 20
0.0837711541693073
 30
0.0
 11
8.249869486519014
 21
-0.9309004514601553
 31
0.0
  0
LINE
  5
35D
330
1F
100
AcDbEntity
  8
0
100
AcDbLine
 10
8.057261686716746
 20
0.0648566993944741
 30
0.0
 11
8.146952347241982
 21
0.0837711541693073
 31
0.0
  0
LINE
  5
35E
330
1F
100
AcDbEntity
  8
0
100
AcDbLine
 10
8.176277610010738
 20
-1.145004331144875
 30
0.0
 11
8.057261686716746
 21
0.0648566993944741
 31
0.0
  0
LINE
  5
35F
330
1F
100
AcDbEntity
  8
0
100
AcDbLine
 10
8.057261686716746
 20
-0.8945332207957917
 30
0.0
 11
8.057261686716746
 21
-0.6650599774565948
 31
0.0
  0
LINE
  5
360
330
1F
100
AcDbEntity
  8
0
100
AcDbLine
 10
8.057261686716746
 20
-0.4173087394296939
 30
0.0
 11
8.057261686716746
 21
0.0648566993944741
 31
0.0
  0
LINE
  5
361
330
1F
100
AcDbEntity
  8
0
100
AcDbLine
 10
8.072383594174898
 20
-0.568659381896354
 30
0.0
 11
8.072383594174898
 21
-0.6710077500045529
 31
0.0
  0
LINE
  5
362
330
1F
100
AcDbEntity
  8
0
100
AcDbLine
 10
8.047989216258316
 20
-0.5203302819283256
 30
0.0
 11
8.047989216258316
 21
-0.506748235362282
 31
0.0
  0
LINE
  5
363
330
1F
100
AcDbEntity
  8
0
100
AcDbLine
 10
8.047989216258316
 20
-0.4713737168471093
 30
0.0
 11
8.047989216258316
 21
-0.4179819138201267
 31
0.0
  0
LINE
  5
364
330
1F
100
AcDbEntity
  8
0
100
AcDbLine
 10
8.047989216258316
 20
-0.4179819138201267
 30
0.0
 11
8.057710991645296
 21
-0.5697246018189424
 31
0.0
  0
LINE
  5
365
330
1F
100
AcDbEntity
  8
0
100
AcDbLine
 10
8.057710991645296
 20
-0.5697246018189424
 30
0.0
 11
8.057710991645296
 21
-0.6720729699271412
 31
0.0
  0
LINE
  5
366
330
1F
100
AcDbEntity
  8
0
100
AcDbLine
 10
8.051400682161121
 20
-0.4931568146140007
 30
0.0
 11
8.051148229227877
 21
-0.4885890780578608
 31
0.0
  0
LINE
  5
367
330
1F
100
AcDbEntity
  8
0
100
AcDbLine
 10
8.051148229227877
 20
-0.4885890780578608
 30
0.0
 11
8.050873533969776
 21
-0.4840394860736762
 31
0.0
  0
LINE
  5
368
330
1F
100
AcDbEntity
  8
0
100
AcDbLine
 10
8.050873533969776
 20
-0.4840394860736762
 30
0.0
 11
8.0505953164147
 21
-0.4798180858366138
 31
0.0
  0
LINE
  5
369
330
1F
100
AcDbEntity
  8
0
100
AcDbLine
 10
8.0505953164147
 20
-0.4798180858366138
 30
0.0
 11
8.050332536629254
 21
-0.4762125587966359
 31
0.0
  0
LINE
  5
36A
330
1F
100
AcDbEntity
  8
0
100
AcDbLine
 10
8.050332536629254
 20
-0.4762125587966359
 30
0.0
 11
8.05010310262155
 21
-0.4734686156631009
 31
0.0
  0
LINE
  5
36B
330
1F
100
AcDbEntity
  8
0
100
AcDbLine
 10
8.05010310262155
 20
-0.4734686156631009
 30
0.0
 11
8.049922649940056
 21
-0.4717732516259795
 31
0.0
  0
LINE
  5
36C
330
1F
100
AcDbEntity
  8
0
100
AcDbLine
 10
8.049922649940056
 20
-0.4717732516259795
 30
0.0
 11
8.049803476136804
 21
-0.4712420029426797
 31
0.0
  0
LINE
  5
36D
330
1F
100
AcDbEntity
  8
0
100
AcDbLine
 10
8.051840220346014
 20
-0.5064686553581272
 30
0.0
 11
8.051889993773276
 21
-0.5057995849677686
 31
0.0
  0
LINE
  5
36E
330
1F
100
AcDbEntity
  8
0
100
AcDbLine
 10
8.051889993773276
 20
-0.5057995849677686
 30
0.0
 11
8.051866974847735
 21
-0.503975791545163
 31
0.0
  0
LINE
  5
36F
330
1F
100
AcDbEntity
  8
0
100
AcDbLine
 10
8.051866974847735
 20
-0.503975791545163
 30
0.0
 11
8.051772732271129
 21
-0.5011215635981002
 31
0.0
  0
LINE
  5
370
330
1F
100
AcDbEntity
  8
0
100
AcDbLine
 10
8.051772732271129
 20
-0.5011215635981002
 30
0.0
 11
8.051613688519305
 21
-0.4974314120443377
 31
0.0
  0
LINE
  5
371
330
1F
100
AcDbEntity
  8
0
100
AcDbLine
 10
8.051613688519305
 20
-0.4974314120443377
 30
0.0
 11
8.051400682161121
 21
-0.4931568146140007
 31
0.0
  0
LINE
  5
372
330
1F
100
AcDbEntity
  8
0
100
AcDbLine
 10
8.051892537312616
 20
-0.5547710368235379
 30
0.0
 11
8.05204954611067
 21
-0.5585325874605751
 31
0.0
  0
LINE
  5
373
330
1F
100
AcDbEntity
  8
0
100
AcDbLine
 10
8.05204954611067
 20
-0.5585325874605751
 30
0.0
 11
8.052109927566041
 21
-0.5597690632740218
 31
0.0
  0
LINE
  5
374
330
1F
100
AcDbEntity
  8
0
100
AcDbLine
 10
8.052109927566041
 20
-0.5740523015401116
 30
0.0
 11
8.052109927566041
 21
-0.5597690632740218
 31
0.0
  0
LINE
  5
375
330
1F
100
AcDbEntity
  8
0
100
AcDbLine
 10
8.052109927566041
 20
-0.5740523015401116
 30
0.0
 11
8.052137422267496
 21
-0.5755807764334762
 31
0.0
  0
LINE
  5
376
330
1F
100
AcDbEntity
  8
0
100
AcDbLine
 10
8.052137422267496
 20
-0.5755807764334762
 30
0.0
 11
8.052218032653395
 21
-0.5778633924026814
 31
0.0
  0
LINE
  5
377
330
1F
100
AcDbEntity
  8
0
100
AcDbLine
 10
8.052218032653395
 20
-0.5778633924026814
 30
0.0
 11
8.052346265259152
 21
-0.5807445929416263
 31
0.0
  0
LINE
  5
378
330
1F
100
AcDbEntity
  8
0
100
AcDbLine
 10
8.052346265259152
 20
-0.5807445929416263
 30
0.0
 11
8.052513381244601
 21
-0.584028028994992
 31
0.0
  0
LINE
  5
379
330
1F
100
AcDbEntity
  8
0
100
AcDbLine
 10
8.052513381244601
 20
-0.584028028994992
 30
0.0
 11
8.052707991931504
 21
-0.5874899398218756
 31
0.0
  0
LINE
  5
37A
330
1F
100
AcDbEntity
  8
0
100
AcDbLine
 10
8.052707991931504
 20
-0.5874899398218756
 30
0.0
 11
8.052916834923161
 21
-0.5908944019205034
 31
0.0
  0
LINE
  5
37B
330
1F
100
AcDbEntity
  8
0
100
AcDbLine
 10
8.052916834923161
 20
-0.5908944019205034
 30
0.0
 11
8.053125677914817
 21
-0.5940094068249934
 31
0.0
  0
LINE
  5
37C
330
1F
100
AcDbEntity
  8
0
100
AcDbLine
 10
8.053125677914817
 20
-0.5940094068249934
 30
0.0
 11
8.05332028860172
 21
-0.5966226720988936
 31
0.0
  0
LINE
  5
37D
330
1F
100
AcDbEntity
  8
0
100
AcDbLine
 10
8.05332028860172
 20
-0.5966226720988936
 30
0.0
 11
8.05348740458717
 21
-0.5985561080324129
 31
0.0
  0
LINE
  5
37E
330
1F
100
AcDbEntity
  8
0
100
AcDbLine
 10
8.05348740458717
 20
-0.5985561080324129
 30
0.0
 11
8.053615637192927
 21
-0.5996779541618354
 31
0.0
  0
LINE
  5
37F
330
1F
100
AcDbEntity
  8
0
100
AcDbLine
 10
8.053615637192927
 20
-0.5996779541618354
 30
0.0
 11
8.053696247578825
 21
-0.5999117585273803
 31
0.0
  0
LINE
  5
380
330
1F
100
AcDbEntity
  8
0
100
AcDbLine
 10
8.053696247578825
 20
-0.5999117585273803
 30
0.0
 11
8.05372374228028
 21
-0.5992415877479147
 31
0.0
  0
LINE
  5
381
330
1F
100
AcDbEntity
  8
0
100
AcDbLine
 10
8.05372374228028
 20
-0.5992415877479147
 30
0.0
 11
8.053637651073442
 21
-0.5840915954564531
 31
0.0
  0
LINE
  5
382
330
1F
100
AcDbEntity
  8
0
100
AcDbLine
 10
8.053637651073442
 20
-0.5840915954564531
 30
0.0
 11
8.053837560721002
 21
-0.5860743007843459
 31
0.0
  0
LINE
  5
383
330
1F
100
AcDbEntity
  8
0
100
AcDbLine
 10
8.053837560721002
 20
-0.5860743007843459
 30
0.0
 11
8.053974724427007
 21
-0.5868440412943885
 31
0.0
  0
LINE
  5
384
330
1F
100
AcDbEntity
  8
0
100
AcDbLine
 10
8.053974724427007
 20
-0.5868440412943885
 30
0.0
 11
8.054039794711572
 21
-0.5863483604428779
 31
0.0
  0
LINE
  5
385
330
1F
100
AcDbEntity
  8
0
100
AcDbLine
 10
8.054039794711572
 20
-0.5863483604428779
 30
0.0
 11
8.054028337142334
 21
-0.5846210380606937
 31
0.0
  0
LINE
  5
386
330
1F
100
AcDbEntity
  8
0
100
AcDbLine
 10
8.054028337142334
 20
-0.5846210380606937
 30
0.0
 11
8.053941132533705
 21
-0.5817797883136455
 31
0.0
  0
LINE
  5
387
330
1F
100
AcDbEntity
  8
0
100
AcDbLine
 10
8.053941132533705
 20
-0.5817797883136455
 30
0.0
 11
8.05378412373565
 21
-0.5780182376766079
 31
0.0
  0
LINE
  5
388
330
1F
100
AcDbEntity
  8
0
100
AcDbLine
 10
8.05378412373565
 20
-0.5780182376766079
 30
0.0
 11
8.053568010638285
 21
-0.5735927296092389
 31
0.0
  0
LINE
  5
389
330
1F
100
AcDbEntity
  8
0
100
AcDbLine
 10
8.053568010638285
 20
-0.5735927296092389
 30
0.0
 11
8.053307520992053
 21
-0.5688048551728317
 31
0.0
  0
LINE
  5
38A
330
1F
100
AcDbEntity
  8
0
100
AcDbLine
 10
8.053307520992053
 20
-0.5688048551728317
 30
0.0
 11
8.053020406735865
 21
-0.5639809000978908
 31
0.0
  0
LINE
  5
38B
330
1F
100
AcDbEntity
  8
0
100
AcDbLine
 10
8.053020406735865
 20
-0.5639809000978908
 30
0.0
 11
8.052726234231804
 21
-0.559449608950811
 31
0.0
  0
LINE
  5
38C
330
1F
100
AcDbEntity
  8
0
100
AcDbLine
 10
8.052726234231804
 20
-0.559449608950811
 30
0.0
 11
8.052445050849872
 21
-0.5555197817349525
 31
0.0
  0
LINE
  5
38D
330
1F
100
AcDbEntity
  8
0
100
AcDbLine
 10
8.052445050849872
 20
-0.5555197817349525
 30
0.0
 11
8.052196018772879
 21
-0.5524592296807298
 31
0.0
  0
LINE
  5
38E
330
1F
100
AcDbEntity
  8
0
100
AcDbLine
 10
8.052196018772879
 20
-0.5524592296807298
 30
0.0
 11
8.05199610912532
 21
-0.5504765243528371
 31
0.0
  0
LINE
  5
38F
330
1F
100
AcDbEntity
  8
0
100
AcDbLine
 10
8.05199610912532
 20
-0.5504765243528371
 30
0.0
 11
8.051858945419314
 21
-0.5497067838427946
 31
0.0
  0
LINE
  5
390
330
1F
100
AcDbEntity
  8
0
100
AcDbLine
 10
8.051858945419314
 20
-0.5497067838427946
 30
0.0
 11
8.051793875134749
 21
-0.5502024646943049
 31
0.0
  0
LINE
  5
391
330
1F
100
AcDbEntity
  8
0
100
AcDbLine
 10
8.051793875134749
 20
-0.5502024646943049
 30
0.0
 11
8.051805332703985
 21
-0.5519297870764899
 31
0.0
  0
LINE
  5
392
330
1F
100
AcDbEntity
  8
0
100
AcDbLine
 10
8.072383594174898
 20
-0.568659381896354
 30
0.0
 11
8.057710991645296
 21
-0.5697246018189424
 31
0.0
  0
LINE
  5
393
330
1F
100
AcDbEntity
  8
0
100
AcDbLine
 10
8.072383594174898
 20
-0.6710077500045529
 30
0.0
 11
8.057710991645296
 21
-0.6720729699271412
 31
0.0
  0
LINE
  5
394
330
1F
100
AcDbEntity
  8
0
100
AcDbLine
 10
8.021418269862117
 20
-0.456885897777908
 30
0.0
 11
8.003077516700113
 21
-0.4582174226811433
 31
0.0
  0
LINE
  5
395
330
1F
100
AcDbEntity
  8
0
100
AcDbLine
 10
8.022425980498156
 20
-0.4685445308468797
 30
0.0
 11
8.004085227336152
 21
-0.4698760557501154
 31
0.0
  0
LINE
  5
396
330
1F
100
AcDbEntity
  8
0
100
AcDbLine
 10
8.021904351089038
 20
-0.4611383914380362
 30
0.0
 11
8.021688285113248
 21
-0.4586386322409702
 31
0.0
  0
LINE
  5
397
330
1F
100
AcDbEntity
  8
0
100
AcDbLine
 10
8.022155965247025
 20
-0.4645171089789458
 30
0.0
 11
8.021904351089038
 21
-0.4611383914380362
 31
0.0
  0
LINE
  5
398
330
1F
100
AcDbEntity
  8
0
100
AcDbLine
 10
8.021688285113248
 20
-0.4586386322409702
 30
0.0
 11
8.02152249185884
 21
-0.4571881858459793
 31
0.0
  0
LINE
  5
399
330
1F
100
AcDbEntity
  8
0
100
AcDbLine
 10
8.02152249185884
 20
-0.4571881858459793
 30
0.0
 11
8.021418269862117
 21
-0.456885897777908
 31
0.0
  0
LINE
  5
39A
330
1F
100
AcDbEntity
  8
0
100
AcDbLine
 10
8.022425980498156
 20
-0.4685445308468797
 30
0.0
 11
8.022155965247025
 21
-0.4645171089789458
 31
0.0
  0
LINE
  5
39B
330
1F
100
AcDbEntity
  8
0
100
AcDbLine
 10
8.031972491343682
 20
-0.6177387169079286
 30
0.0
 11
8.032224105501669
 21
-0.6222146570096384
 31
0.0
  0
LINE
  5
39C
330
1F
100
AcDbEntity
  8
0
100
AcDbLine
 10
8.013631738181678
 20
-0.619070241811164
 30
0.0
 11
8.013883352339665
 21
-0.6235461819128736
 31
0.0
  0
LINE
  5
39D
330
1F
100
AcDbEntity
  8
0
100
AcDbLine
 10
8.03244017147746
 20
-0.6264598452416787
 30
0.0
 11
8.032605964731866
 21
-0.6301849790415408
 31
0.0
  0
LINE
  5
39E
330
1F
100
AcDbEntity
  8
0
100
AcDbLine
 10
8.014099418315455
 20
-0.6277913701449143
 30
0.0
 11
8.014265211569862
 21
-0.6315165039447763
 31
0.0
  0
LINE
  5
39F
330
1F
100
AcDbEntity
  8
0
100
AcDbLine
 10
8.032745734910787
 20
-0.6351123776014828
 30
0.0
 11
8.03271018672859
 21
-0.6359788482926139
 31
0.0
  0
LINE
  5
3A0
330
1F
100
AcDbEntity
  8
0
100
AcDbLine
 10
8.03271018672859
 20
-0.6359788482926139
 30
0.0
 11
8.014369433566586
 21
-0.637310373195849
 31
0.0
  0
LINE
  5
3A1
330
1F
100
AcDbEntity
  8
0
100
AcDbLine
 10
8.014404981748784
 20
-0.6364439025047184
 30
0.0
 11
8.014369433566586
 21
-0.637310373195849
 31
0.0
  0
LINE
  5
3A2
330
1F
100
AcDbEntity
  8
0
100
AcDbLine
 10
8.032605964731866
 20
-0.6301849790415408
 30
0.0
 11
8.03271018672859
 21
-0.6331361966968393
 31
0.0
  0
LINE
  5
3A3
330
1F
100
AcDbEntity
  8
0
100
AcDbLine
 10
8.014265211569862
 20
-0.6315165039447763
 30
0.0
 11
8.014369433566586
 21
-0.6344677216000746
 31
0.0
  0
LINE
  5
3A4
330
1F
100
AcDbEntity
  8
0
100
AcDbLine
 10
8.03271018672859
 20
-0.6331361966968393
 30
0.0
 11
8.032745734910787
 21
-0.6351123776014828
 31
0.0
  0
LINE
  5
3A5
330
1F
100
AcDbEntity
  8
0
100
AcDbLine
 10
8.014369433566586
 20
-0.6344677216000746
 30
0.0
 11
8.014404981748784
 21
-0.6364439025047184
 31
0.0
  0
LINE
  5
3A6
330
1F
100
AcDbEntity
  8
0
100
AcDbLine
 10
8.031702476092551
 20
-0.6133370528576397
 30
0.0
 11
8.031972491343682
 21
-0.6177387169079286
 31
0.0
  0
LINE
  5
3A7
330
1F
100
AcDbEntity
  8
0
100
AcDbLine
 10
8.013361722930547
 20
-0.6146685777608752
 30
0.0
 11
8.013631738181678
 21
-0.619070241811164
 31
0.0
  0
LINE
  5
3A8
330
1F
100
AcDbEntity
  8
0
100
AcDbLine
 10
8.031702476092551
 20
-0.6133370528576397
 30
0.0
 11
8.013361722930547
 21
-0.6146685777608752
 31
0.0
  0
LINE
  5
3A9
330
1F
100
AcDbEntity
  8
0
100
AcDbLine
 10
8.013631738181678
 20
-0.6296791619948116
 30
0.0
 11
8.013361722930547
 21
-0.6256517401268773
 31
0.0
  0
LINE
  5
3AA
330
1F
100
AcDbEntity
  8
0
100
AcDbLine
 10
8.014265211569862
 20
-0.6370080851277773
 30
0.0
 11
8.014099418315455
 21
-0.6355576387327873
 31
0.0
  0
LINE
  5
3AB
330
1F
100
AcDbEntity
  8
0
100
AcDbLine
 10
8.013883352339665
 20
-0.6330578795357207
 30
0.0
 11
8.013631738181678
 21
-0.6296791619948116
 31
0.0
  0
LINE
  5
3AC
330
1F
100
AcDbEntity
  8
0
100
AcDbLine
 10
8.014369433566586
 20
-0.637310373195849
 30
0.0
 11
8.014265211569862
 21
-0.6370080851277773
 31
0.0
  0
LINE
  5
3AD
330
1F
100
AcDbEntity
  8
0
100
AcDbLine
 10
8.032224105501669
 20
-0.6222146570096384
 30
0.0
 11
8.03244017147746
 21
-0.6264598452416787
 31
0.0
  0
LINE
  5
3AE
330
1F
100
AcDbEntity
  8
0
100
AcDbLine
 10
8.013883352339665
 20
-0.6235461819128736
 30
0.0
 11
8.014099418315455
 21
-0.6277913701449143
 31
0.0
  0
LINE
  5
3AF
330
1F
100
AcDbEntity
  8
0
100
AcDbLine
 10
8.014099418315455
 20
-0.6355576387327873
 30
0.0
 11
8.013883352339665
 21
-0.6330578795357207
 31
0.0
  0
LINE
  5
3B0
330
1F
100
AcDbEntity
  8
0
100
AcDbLine
 10
8.003815212085023
 20
-0.4764575540658287
 30
0.0
 11
8.004085227336152
 21
-0.4808592181161174
 31
0.0
  0
LINE
  5
3B1
330
1F
100
AcDbEntity
  8
0
100
AcDbLine
 10
8.003563597927034
 20
-0.4719816139641186
 30
0.0
 11
8.003815212085023
 21
-0.4764575540658287
 31
0.0
  0
LINE
  5
3B2
330
1F
100
AcDbEntity
  8
0
100
AcDbLine
 10
8.003347531951245
 20
-0.4677364257320786
 30
0.0
 11
8.003563597927034
 21
-0.4719816139641186
 31
0.0
  0
LINE
  5
3B3
330
1F
100
AcDbEntity
  8
0
100
AcDbLine
 10
8.003181738696837
 20
-0.464011291932216
 30
0.0
 11
8.003347531951245
 21
-0.4677364257320786
 31
0.0
  0
LINE
  5
3B4
330
1F
100
AcDbEntity
  8
0
100
AcDbLine
 10
8.003077516700113
 20
-0.461060074276918
 30
0.0
 11
8.003181738696837
 21
-0.464011291932216
 31
0.0
  0
LINE
  5
3B5
330
1F
100
AcDbEntity
  8
0
100
AcDbLine
 10
8.003041968517916
 20
-0.4590838933722742
 30
0.0
 11
8.003077516700113
 21
-0.461060074276918
 31
0.0
  0
LINE
  5
3B6
330
1F
100
AcDbEntity
  8
0
100
AcDbLine
 10
8.003077516700113
 20
-0.4582174226811433
 30
0.0
 11
8.003041968517916
 21
-0.4590838933722742
 31
0.0
  0
LINE
  5
3B7
330
1F
100
AcDbEntity
  8
0
100
AcDbLine
 10
8.003181738696837
 20
-0.458519710749215
 30
0.0
 11
8.003077516700113
 21
-0.4582174226811433
 31
0.0
  0
LINE
  5
3B8
330
1F
100
AcDbEntity
  8
0
100
AcDbLine
 10
8.003347531951245
 20
-0.4599701571442056
 30
0.0
 11
8.003181738696837
 21
-0.458519710749215
 31
0.0
  0
LINE
  5
3B9
330
1F
100
AcDbEntity
  8
0
100
AcDbLine
 10
8.003563597927034
 20
-0.4624699163412716
 30
0.0
 11
8.003347531951245
 21
-0.4599701571442056
 31
0.0
  0
LINE
  5
3BA
330
1F
100
AcDbEntity
  8
0
100
AcDbLine
 10
8.003815212085023
 20
-0.4658486338821812
 30
0.0
 11
8.003563597927034
 21
-0.4624699163412716
 31
0.0
  0
LINE
  5
3BB
330
1F
100
AcDbEntity
  8
0
100
AcDbLine
 10
8.004085227336152
 20
-0.4698760557501154
 30
0.0
 11
8.003815212085023
 21
-0.4658486338821812
 31
0.0
  0
LINE
  5
3BC
330
1F
100
AcDbEntity
  8
0
100
AcDbLine
 10
8.013361722930547
 20
-0.6146685777608752
 30
0.0
 11
8.004085227336152
 21
-0.4698760557501154
 31
0.0
  0
LINE
  5
3BD
330
1F
100
AcDbEntity
  8
0
100
AcDbLine
 10
8.052109927566041
 20
-0.5597690632740218
 30
0.0
 11
8.052265659208036
 21
-0.5629580955279444
 31
0.0
  0
LINE
  5
3BE
330
1F
100
AcDbEntity
  8
0
100
AcDbLine
 10
8.052265659208036
 20
-0.5629580955279444
 30
0.0
 11
8.052526148854268
 21
-0.5677459699643512
 31
0.0
  0
LINE
  5
3BF
330
1F
100
AcDbEntity
  8
0
100
AcDbLine
 10
8.052526148854268
 20
-0.5677459699643512
 30
0.0
 11
8.052813263110457
 21
-0.5725699250392922
 31
0.0
  0
LINE
  5
3C0
330
1F
100
AcDbEntity
  8
0
100
AcDbLine
 10
8.053107435614518
 20
-0.5771012161863721
 30
0.0
 11
8.053388618996447
 21
-0.5810310434022303
 31
0.0
  0
LINE
  5
3C1
330
1F
100
AcDbEntity
  8
0
100
AcDbLine
 10
8.053388618996447
 20
-0.5810310434022303
 30
0.0
 11
8.053637651073442
 21
-0.5840915954564531
 31
0.0
  0
LINE
  5
3C2
330
1F
100
AcDbEntity
  8
0
100
AcDbLine
 10
8.27443863552074
 20
-1.242135644361884
 30
0.0
 11
8.146952347241982
 21
0.0837711541693073
 31
0.0
  0
LINE
  5
3C3
330
1F
100
AcDbEntity
  8
0
100
AcDbLine
 10
8.327041175899502
 20
-1.462288915452703
 30
0.0
 11
8.327041175899502
 21
-1.372582348453038
 31
0.0
  0
LINE
  5
3C4
330
1F
100
AcDbEntity
  8
0
100
AcDbLine
 10
9.782203598715817
 20
-1.93686915007739
 30
0.0
 11
9.782203598715817
 21
-0.8622112849413016
 31
0.0
  0
LINE
  5
3C5
330
1F
100
AcDbEntity
  8
0
100
AcDbLine
 10
9.731981005245103
 20
-1.831174816049939
 30
0.0
 11
9.782203598715817
 21
-1.93686915007739
 31
0.0
  0
LINE
  5
3C6
330
1F
100
AcDbEntity
  8
0
100
AcDbLine
 10
15.1781452400929
 20
0.1450001550765659
 30
0.0
 11
10.4734334774441
 21
-1.319495217806328
 31
0.0
  0
LINE
  5
3C7
330
1F
100
AcDbEntity
  8
0
100
AcDbLine
 10
-9.00613315664057
 20
2.450078476299975
 30
0.0
 11
-9.006113403624672
 21
2.450374318237367
 31
0.0
  0
LINE
  5
3C8
330
1F
100
AcDbEntity
  8
0
100
AcDbLine
 10
-9.006113403624672
 20
2.450374318237367
 30
0.0
 11
-9.006133156640551
 21
2.450415888807784
 31
0.0
  0
LINE
  5
3C9
330
1F
100
AcDbEntity
  8
0
100
AcDbLine
 10
-9.251803573480027
 20
2.958033474993728
 30
0.0
 11
-9.25178382046414
 21
2.967392044795733
 31
0.0
  0
LINE
  5
3CA
330
1F
100
AcDbEntity
  8
0
100
AcDbLine
 10
-9.25178382046414
 20
2.967392044795733
 30
0.0
 11
-9.251803573480027
 21
2.967433615366167
 31
0.0
  0
LINE
  5
3CB
330
1F
100
AcDbEntity
  8
0
100
AcDbLine
 10
-4.353956244671916
 20
-2.815395185802827
 30
0.0
 11
-4.353956244671916
 21
-2.800801344901921
 31
0.0
  0
LINE
  5
3CC
330
1F
100
AcDbEntity
  8
0
100
AcDbLine
 10
-4.353956244671916
 20
-2.800801344901921
 30
0.0
 11
-4.353956244671916
 21
-2.790166696134165
 31
0.0
  0
LINE
  5
3CD
330
1F
100
AcDbEntity
  8
0
100
AcDbLine
 10
-4.29726307022424
 20
-4.033680000997393
 30
0.0
 11
-4.324902635866612
 21
-3.975512047463053
 31
0.0
  0
LINE
  5
3CE
330
1F
100
AcDbEntity
  8
0
100
AcDbLine
 10
-4.324902635866612
 20
-3.975512047463053
 30
0.0
 11
-4.325248623041362
 21
-3.9747839113496
 31
0.0
  0
LINE
  5
3CF
330
1F
100
AcDbEntity
  8
0
100
AcDbLine
 10
6.487295331300076
 20
1.002198620468597
 30
0.0
 11
6.487295331300076
 21
1.005173877832805
 31
0.0
  0
LINE
  5
3D0
330
1F
100
AcDbEntity
  8
0
100
AcDbLine
 10
6.487295331300076
 20
1.005173877832805
 30
0.0
 11
6.487295331300076
 21
2.409488681956337
 31
0.0
  0
LINE
  5
3D1
330
1F
100
AcDbEntity
  8
0
100
AcDbLine
 10
-13.34049802667782
 20
-0.4158959624849052
 30
0.0
 11
-13.86338995534881
 21
0.6845393266929827
 31
0.0
  0
LINE
  5
3D2
330
1F
100
AcDbEntity
  8
0
100
AcDbLine
 10
-13.86338995534881
 20
0.6845393266929827
 30
0.0
 11
-14.43656606599956
 21
1.89079856400221
 31
0.0
  0
LINE
  5
3D3
330
1F
100
AcDbEntity
  8
0
100
AcDbLine
 10
-2.83467777545518
 20
-4.340549182671809
 30
0.0
 11
-3.407853886105935
 21
-4.541580006850311
 31
0.0
  0
LINE
  5
3D4
330
1F
100
AcDbEntity
  8
0
100
AcDbLine
 10
-3.407853886105935
 20
-4.541580006850311
 30
0.0
 11
-4.223414034470743
 21
-4.827622508877786
 31
0.0
  0
LINE
  5
3D5
330
1F
100
AcDbEntity
  8
0
100
AcDbLine
 10
-11.65860051806342
 20
-3.955478942784108
 30
0.0
 11
-11.08542440741267
 21
-5.161738180093336
 31
0.0
  0
LINE
  5
3D6
330
1F
100
AcDbEntity
  8
0
100
AcDbLine
 10
-11.7152936925111
 20
-3.836167156931326
 30
0.0
 11
-12.6917310167635
 21
-1.781237580931174
 31
0.0
  0
LINE
  5
3D7
330
1F
100
AcDbEntity
  8
0
100
AcDbLine
 10
-12.6917310167635
 20
-1.781237580931174
 30
0.0
 11
-13.26490712741426
 21
-0.5749783436219476
 31
0.0
  0
LINE
  5
3D8
330
1F
100
AcDbEntity
  8
0
100
AcDbLine
 10
-2.730493774015271
 20
-7.969499536334373
 30
0.0
 11
-2.733216607566332
 21
-7.970454519388794
 31
0.0
  0
LINE
  5
3D9
330
1F
100
AcDbEntity
  8
0
100
AcDbLine
 10
-1.428243409982128
 20
-0.3673721064000783
 30
0.0
 11
-1.428863369014459
 21
-0.3660673131665981
 31
0.0
  0
LINE
  5
3DA
330
1F
100
AcDbEntity
  8
0
100
AcDbLine
 10
-1.503834309245696
 20
-0.2082897252630359
 30
0.0
 11
-1.50578053664612
 21
-0.208972328203172
 31
0.0
  0
LINE
  5
3DB
330
1F
100
AcDbEntity
  8
0
100
AcDbLine
 10
-9.00728920074778
 20
2.398716109171856
 30
0.0
 11
-9.00911415635727
 21
2.402556760449396
 31
0.0
  0
LINE
  5
3DC
330
1F
100
AcDbEntity
  8
0
100
AcDbLine
 10
-5.673839000502916
 20
2.273041615492062
 30
0.0
 11
-7.507805738812466
 21
1.6298120075802
 31
0.0
  0
LINE
  5
3DD
330
1F
100
AcDbEntity
  8
0
100
AcDbLine
 10
-9.714862785346654
 20
2.155028599536505
 30
0.0
 11
-10.1245394788552
 21
2.011342144688898
 31
0.0
  0
LINE
  5
3DE
330
1F
100
AcDbEntity
  8
0
100
AcDbLine
 10
-6.798023611732535
 20
-3.613598908632986
 30
0.0
 11
-6.79802361168188
 21
-3.658012362535183
 31
0.0
  0
LINE
  5
3DF
330
1F
100
AcDbEntity
  8
0
100
AcDbLine
 10
-8.445987299361764
 20
-10.71648014110844
 30
0.0
 11
-8.445987299361764
 21
-12.09605127045072
 31
0.0
  0
LINE
  5
3E0
330
1F
100
AcDbEntity
  8
0
100
AcDbLine
 10
-8.445987299361764
 20
-12.09605127045072
 30
0.0
 11
-8.445987299361764
 21
-12.12377020259617
 31
0.0
  0
LINE
  5
3E1
330
1F
100
AcDbEntity
  8
0
100
AcDbLine
 10
11.21737440421153
 20
-3.680727123130791
 30
0.0
 11
10.93390853197315
 21
-3.780147487768567
 31
0.0
  0
LINE
  5
3E2
330
1F
100
AcDbEntity
  8
0
100
AcDbLine
 10
10.93390853197315
 20
-3.780147487768567
 30
0.0
 11
-2.484823351408675
 21
-8.48651727502976
 31
0.0
  0
LINE
  5
3E3
330
1F
100
AcDbEntity
  8
0
100
AcDbLine
 10
-4.537162098537049
 20
-4.167334254561941
 30
0.0
 11
-4.223414034470743
 21
-4.827622508877786
 31
0.0
  0
LINE
  5
3E4
330
1F
100
AcDbEntity
  8
0
100
AcDbLine
 10
-6.057857303272344
 20
4.829474298778264
 30
0.0
 11
-5.484681192621617
 21
3.623215061469028
 31
0.0
  0
LINE
  5
3E5
330
1F
100
AcDbEntity
  8
0
100
AcDbLine
 10
-5.484681192621617
 20
3.623215061469028
 30
0.0
 11
-5.35864148508437
 21
3.357962273260617
 31
0.0
  0
LINE
  5
3E6
330
1F
100
AcDbEntity
  8
0
100
AcDbLine
 10
-7.537647674602078
 20
-5.166008553050794
 30
0.0
 11
-7.537647674593887
 21
-5.170184428811326
 31
0.0
  0
LINE
  5
3E7
330
1F
100
AcDbEntity
  8
0
100
AcDbLine
 10
-3.637584565178777
 20
-6.060511214311091
 30
0.0
 11
-2.777984601007504
 21
-5.759022635507631
 31
0.0
  0
LINE
  5
3E8
330
1F
100
AcDbEntity
  8
0
100
AcDbLine
 10
13.40122962135968
 20
3.883250404450056
 30
0.0
 11
13.40175910739909
 21
3.883436111797091
 31
0.0
  0
LINE
  5
3E9
330
1F
100
AcDbEntity
  8
0
100
AcDbLine
 10
11.74257173722421
 20
6.920599433808688
 30
0.0
 11
11.74257173722421
 21
5.997460395948985
 31
0.0
  0
LINE
  5
3EA
330
1F
100
AcDbEntity
  8
0
100
AcDbLine
 10
11.85944714158146
 20
6.961591300754185
 30
0.0
 11
11.74257173722421
 21
6.920599433808688
 31
0.0
  0
LINE
  5
3EB
330
1F
100
AcDbEntity
  8
0
100
AcDbLine
 10
8.338180939000129
 20
3.174181421231817
 30
0.0
 11
8.385234885288021
 21
3.075155561104507
 31
0.0
  0
LINE
  5
3EC
330
1F
100
AcDbEntity
  8
0
100
AcDbLine
 10
8.385234885288007
 20
1.667865499616761
 30
0.0
 11
8.385234885288007
 21
1.783408519140606
 31
0.0
  0
LINE
  5
3ED
330
1F
100
AcDbEntity
  8
0
100
AcDbLine
 10
6.8450703127928
 20
6.316459076771751
 30
0.0
 11
7.418246423443559
 21
5.110199839462514
 31
0.0
  0
LINE
  5
3EE
330
1F
100
AcDbEntity
  8
0
100
AcDbLine
 10
11.47419117617803
 20
7.940036830791678
 30
0.0
 11
11.47406121622276
 21
7.940310333810402
 31
0.0
  0
LINE
  5
3EF
330
1F
100
AcDbEntity
  8
0
100
AcDbLine
 10
11.47406121622276
 20
7.940310333810402
 30
0.0
 11
11.39860027691446
 21
8.099119211928723
 31
0.0
  0
LINE
  5
3F0
330
1F
100
AcDbEntity
  8
0
100
AcDbLine
 10
12.50939314199633
 20
2.613828866521435
 30
0.0
 11
12.50939314199633
 21
2.68320521751783
 31
0.0
  0
LINE
  5
3F1
330
1F
100
AcDbEntity
  8
0
100
AcDbLine
 10
10.2770131617576
 20
2.277104969951544
 30
0.0
 11
11.97906028035175
 21
2.874066233136685
 31
0.0
  0
LINE
  5
3F2
330
1F
100
AcDbEntity
  8
0
100
AcDbLine
 10
8.19906719705192
 20
3.012322775627347
 30
0.0
 11
8.20007005075261
 21
3.010212450943702
 31
0.0
  0
LINE
  5
3F3
330
1F
100
AcDbEntity
  8
0
100
AcDbLine
 10
9.700399169587119
 20
0.3073691215862277
 30
0.0
 11
10.4734334774441
 21
-1.319495217806328
 31
0.0
  0
LINE
  5
3F4
330
1F
100
AcDbEntity
  8
0
100
AcDbLine
 10
9.634490518017271
 20
3.629305209616408
 30
0.0
 11
10.20766662866803
 21
2.42304597230717
 31
0.0
  0
LINE
  5
3F5
330
1F
100
AcDbEntity
  8
0
100
AcDbLine
 10
10.20766662866803
 20
2.42304597230717
 30
0.0
 11
10.2770131617576
 21
2.277104969951544
 31
0.0
  0
LINE
  5
3F6
330
1F
100
AcDbEntity
  8
0
100
AcDbLine
 10
11.81017732380832
 20
2.985096692518032
 30
0.0
 11
11.81017732380832
 21
2.989337045102336
 31
0.0
  0
LINE
  5
3F7
330
1F
100
AcDbEntity
  8
0
100
AcDbLine
 10
13.21659427286363
 20
2.835593808744604
 30
0.0
 11
13.21659427286363
 21
2.791347371312154
 31
0.0
  0
LINE
  5
3F8
330
1F
100
AcDbEntity
  8
0
100
AcDbLine
 10
13.21659427286363
 20
2.791347371312154
 30
0.0
 11
13.21659427286363
 21
2.41120294014854
 31
0.0
  0
LINE
  5
3F9
330
1F
100
AcDbEntity
  8
0
100
AcDbLine
 10
-8.104579418911603
 20
-2.5697765091305
 30
0.0
 11
-8.114933144298904
 21
-2.573407885087398
 31
0.0
  0
LINE
  5
3FA
330
1F
100
AcDbEntity
  8
0
100
AcDbLine
 10
-8.114933144298904
 20
-2.573407885087398
 30
0.0
 11
-11.7152936925111
 21
-3.836167156931326
 31
0.0
  0
LINE
  5
3FB
330
1F
100
AcDbEntity
  8
0
100
AcDbLine
 10
-2.108291388796882
 20
-0.4202917905787031
 30
0.0
 11
-5.901499129388545
 21
-1.750688843345054
 31
0.0
  0
LINE
  5
3FC
330
1F
100
AcDbEntity
  8
0
100
AcDbLine
 10
-10.3073961791736
 20
0.6479079066764208
 30
0.0
 11
-13.34049802667782
 21
-0.4158959624849052
 31
0.0
  0
LINE
  5
3FD
330
1F
100
AcDbEntity
  8
0
100
AcDbLine
 10
-2.450133726947026
 20
-4.808859787561053
 30
0.0
 11
-3.539957408104293
 21
-2.515306443850053
 31
0.0
  0
LINE
  5
3FE
330
1F
100
AcDbEntity
  8
0
100
AcDbLine
 10
-3.539957408104293
 20
-2.515306443850053
 30
0.0
 11
-3.659588115164135
 21
-2.26354149055389
 31
0.0
  0
LINE
  5
3FF
330
1F
100
AcDbEntity
  8
0
100
AcDbLine
 10
6.804686865063712
 20
1.173250376240287
 30
0.0
 11
6.80468686619875
 21
1.116493035526801
 31
0.0
  0
LINE
  5
400
330
1F
100
AcDbEntity
  8
0
100
AcDbLine
 10
6.487295331300076
 20
2.409488681956337
 30
0.0
 11
6.4862924775994
 21
2.411599006639965
 31
0.0
  0
LINE
  5
401
330
1F
100
AcDbEntity
  8
0
100
AcDbLine
 10
12.50939314199633
 20
2.920874728488131
 30
0.0
 11
12.50014640349248
 21
2.940334652808038
 31
0.0
  0
LINE
  5
402
330
1F
100
AcDbEntity
  8
0
100
AcDbLine
 10
12.50014640349248
 20
2.940334652808038
 30
0.0
 11
12.45269996754866
 21
3.040186514340896
 31
0.0
  0
LINE
  5
403
330
1F
100
AcDbEntity
  8
0
100
AcDbLine
 10
11.92880379023037
 20
6.983296563868661
 30
0.0
 11
11.92773657175947
 21
6.98554254396943
 31
0.0
  0
LINE
  5
404
330
1F
100
AcDbEntity
  8
0
100
AcDbLine
 10
14.61991889962679
 20
1.24480279670836
 30
0.0
 11
14.649008945248
 21
1.255005587330571
 31
0.0
  0
LINE
  5
405
330
1F
100
AcDbEntity
  8
0
100
AcDbLine
 10
14.649008945248
 20
1.255005587330571
 30
0.0
 11
14.65025445446872
 21
1.255442426446004
 31
0.0
  0
LINE
  5
406
330
1F
100
AcDbEntity
  8
0
100
AcDbLine
 10
11.74257173722421
 20
5.899120593078849
 30
0.0
 11
11.44616365186131
 21
6.52291663820047
 31
0.0
  0
LINE
  5
407
330
1F
100
AcDbEntity
  8
0
100
AcDbLine
 10
11.44616365186131
 20
6.52291663820047
 30
0.0
 11
11.44607697875082
 21
6.52309904329066
 31
0.0
  0
LINE
  5
408
330
1F
100
AcDbEntity
  8
0
100
AcDbLine
 10
-2.991540388814831
 20
-7.426807564190566
 30
0.0
 11
-2.733216607566332
 21
-7.970454519388794
 31
0.0
  0
LINE
  5
409
330
1F
100
AcDbEntity
  8
0
100
AcDbLine
 10
-3.034629397944543
 20
3.010461094024818
 30
0.0
 11
-3.034550019332952
 21
3.010294040336262
 31
0.0
  0
LINE
  5
40A
330
1F
100
AcDbEntity
  8
0
100
AcDbLine
 10
-3.034550019332952
 20
3.010294040336262
 30
0.0
 11
-1.50578053664612
 21
-0.2070283077876221
 31
0.0
  0
LINE
  5
40B
330
1F
100
AcDbEntity
  8
0
100
AcDbLine
 10
-3.06496495278648
 20
1.593044603259795
 30
0.0
 11
-3.06496495278648
 21
1.595170960970081
 31
0.0
  0
LINE
  5
40C
330
1F
100
AcDbEntity
  8
0
100
AcDbLine
 10
-3.06496495278648
 20
1.595170960970081
 30
0.0
 11
-3.06496495278648
 21
2.999821464287174
 31
0.0
  0
LINE
  5
40D
330
1F
100
AcDbEntity
  8
0
100
AcDbLine
 10
6.038951640390824
 20
-4.221216779924077
 30
0.0
 11
6.038951640390824
 21
-4.174818160330629
 31
0.0
  0
LINE
  5
40E
330
1F
100
AcDbEntity
  8
0
100
AcDbLine
 10
6.038951640390824
 20
-4.174818160330629
 30
0.0
 11
6.038951640390824
 21
-2.859983484085031
 31
0.0
  0
LINE
  5
40F
330
1F
100
AcDbEntity
  8
0
100
AcDbLine
 10
-1.956465914848084
 20
-7.025460276667276
 30
0.0
 11
-1.956465914848083
 21
-6.97906165707378
 31
0.0
  0
LINE
  5
410
330
1F
100
AcDbEntity
  8
0
100
AcDbLine
 10
-1.956465914848083
 20
-6.97906165707378
 30
0.0
 11
-1.956465914848084
 21
-5.66422698082823
 31
0.0
  0
LINE
  5
411
330
1F
100
AcDbEntity
  8
0
100
AcDbLine
 10
2.041242862771371
 20
-5.623338528295677
 30
0.0
 11
2.041242862771371
 21
-5.576939908702217
 31
0.0
  0
LINE
  5
412
330
1F
100
AcDbEntity
  8
0
100
AcDbLine
 10
2.041242862771371
 20
-5.576939908702217
 30
0.0
 11
2.041242862771371
 21
-4.262105232456629
 31
0.0
  0
LINE
  5
413
330
1F
100
AcDbEntity
  8
0
100
AcDbLine
 10
-2.034383780757694
 20
-7.086819346425159
 30
0.0
 11
8.009063903705433
 21
-3.564267502265129
 31
0.0
  0
LINE
  5
414
330
1F
100
AcDbEntity
  8
0
100
AcDbLine
 10
8.009063903705433
 20
-3.564267502265129
 30
0.0
 11
8.0105357718901
 21
-3.563751271967413
 31
0.0
  0
LINE
  5
415
330
1F
100
AcDbEntity
  8
0
100
AcDbLine
 10
-0.0552043055317966
 20
-4.997394952769953
 30
0.0
 11
-1.956465914848084
 21
-5.66422698082823
 31
0.0
  0
LINE
  5
416
330
1F
100
AcDbEntity
  8
0
100
AcDbLine
 10
-2.072956419157415
 20
-5.578255779682071
 30
0.0
 11
-2.072956419157415
 21
-5.602636064185903
 31
0.0
  0
LINE
  5
417
330
1F
100
AcDbEntity
  8
0
100
AcDbLine
 10
-2.072956419157415
 20
-5.602636064185903
 30
0.0
 11
-2.072956419157415
 21
-5.603874553312334
 31
0.0
  0
LINE
  5
418
330
1F
100
AcDbEntity
  8
0
100
AcDbLine
 10
-1.543558413809512
 20
-5.39257930895004
 30
0.0
 11
-2.072956419157415
 21
-5.578255779682071
 31
0.0
  0
LINE
  5
419
330
1F
100
AcDbEntity
  8
0
100
AcDbLine
 10
0.0423884739616427
 20
-6.324399402481439
 30
0.0
 11
0.0423884739616427
 21
-6.278000782887994
 31
0.0
  0
LINE
  5
41A
330
1F
100
AcDbEntity
  8
0
100
AcDbLine
 10
0.0423884739616427
 20
-6.278000782887994
 30
0.0
 11
0.0423884739616427
 21
-4.963166106642429
 31
0.0
  0
LINE
  5
41B
330
1F
100
AcDbEntity
  8
0
100
AcDbLine
 10
4.040097251581094
 20
-4.92227765410989
 30
0.0
 11
4.040097251581094
 21
-4.875879034516431
 31
0.0
  0
LINE
  5
41C
330
1F
100
AcDbEntity
  8
0
100
AcDbLine
 10
4.040097251581094
 20
-4.875879034516431
 30
0.0
 11
4.040097251581094
 21
-3.56104435827083
 31
0.0
  0
LINE
  5
41D
330
1F
100
AcDbEntity
  8
0
100
AcDbLine
 10
4.483524184370608
 20
0.333938751237369
 30
0.0
 11
4.483524184370608
 21
0.3803373708308284
 31
0.0
  0
LINE
  5
41E
330
1F
100
AcDbEntity
  8
0
100
AcDbLine
 10
4.483524184370608
 20
0.3803373708308284
 30
0.0
 11
4.483524184370608
 21
1.679403040575041
 31
0.0
  0
LINE
  5
41F
330
1F
100
AcDbEntity
  8
0
100
AcDbLine
 10
-1.371237759332344
 20
-1.719509738748091
 30
0.0
 11
-1.371237759332343
 21
-1.673111119154647
 31
0.0
  0
LINE
  5
420
330
1F
100
AcDbEntity
  8
0
100
AcDbLine
 10
-1.371237759332343
 20
-1.673111119154647
 30
0.0
 11
-1.371237759332343
 21
-0.3740454494104207
 31
0.0
  0
LINE
  5
421
330
1F
100
AcDbEntity
  8
0
100
AcDbLine
 10
1.556143212519133
 20
-0.6927854937553608
 30
0.0
 11
1.556143212519133
 21
-0.6463868741619153
 31
0.0
  0
LINE
  5
422
330
1F
100
AcDbEntity
  8
0
100
AcDbLine
 10
1.556143212519133
 20
-0.6463868741619153
 30
0.0
 11
1.556143212519133
 21
0.6526787955823105
 31
0.0
  0
LINE
  5
423
330
1F
100
AcDbEntity
  8
0
100
AcDbLine
 10
0.0159293920953867
 20
0.1124775415918635
 30
0.0
 11
-1.371237759332343
 21
-0.3740454494104207
 31
0.0
  0
LINE
  5
424
330
1F
100
AcDbEntity
  8
0
100
AcDbLine
 10
5.856467863536786
 20
2.287371260540846
 30
0.0
 11
-1.466658818646243
 21
-0.2810787587933535
 31
0.0
  0
LINE
  5
425
330
1F
100
AcDbEntity
  8
0
100
AcDbLine
 10
0.0924527265933938
 20
-1.206147616251741
 30
0.0
 11
0.0924527265933939
 21
-1.159748996658282
 31
0.0
  0
LINE
  5
426
330
1F
100
AcDbEntity
  8
0
100
AcDbLine
 10
0.0924527265933939
 20
-1.159748996658282
 30
0.0
 11
0.0924527265933939
 21
0.1393166730859457
 31
0.0
  0
LINE
  5
427
330
1F
100
AcDbEntity
  8
0
100
AcDbLine
 10
3.019833698444865
 20
-0.1794233712589942
 30
0.0
 11
3.019833698444867
 21
-0.1330247516655455
 31
0.0
  0
LINE
  5
428
330
1F
100
AcDbEntity
  8
0
100
AcDbLine
 10
3.019833698444867
 20
-0.1330247516655455
 30
0.0
 11
3.019833698444867
 21
1.166040918078676
 31
0.0
  0
LINE
  5
429
330
1F
100
AcDbEntity
  8
0
100
AcDbLine
 10
-6.456895026760267
 20
-3.616647858233912
 30
0.0
 11
-6.483351841122615
 21
-3.625927092013663
 31
0.0
  0
LINE
  5
42A
330
1F
100
AcDbEntity
  8
0
100
AcDbLine
 10
-6.483351841122615
 20
-3.625927092013663
 30
0.0
 11
-7.537647676897604
 21
-3.995701681106667
 31
0.0
  0
LINE
  5
42B
330
1F
100
AcDbEntity
  8
0
100
AcDbLine
 10
-6.483908912990648
 20
-3.721771482188433
 30
0.0
 11
-6.512444477462645
 21
-3.731779798895302
 31
0.0
  0
LINE
  5
42C
330
1F
100
AcDbEntity
  8
0
100
AcDbLine
 10
-6.512444477462645
 20
-3.731779798895302
 30
0.0
 11
-7.428249569121199
 21
-4.052981344008487
 31
0.0
  0
LINE
  5
42D
330
1F
100
AcDbEntity
  8
0
100
AcDbLine
 10
-6.930266516180578
 20
-5.081790013569369
 30
0.0
 11
-6.930155585024013
 21
-5.081951306881971
 31
0.0
  0
LINE
  5
42E
330
1F
100
AcDbEntity
  8
0
100
AcDbLine
 10
-6.930155585024013
 20
-5.081951306881971
 30
0.0
 11
-6.92869733051548
 21
-5.084071601194094
 31
0.0
  0
LINE
  5
42F
330
1F
100
AcDbEntity
  8
0
100
AcDbLine
 10
-6.977878250577938
 20
-5.063891826435823
 30
0.0
 11
-7.010799295697677
 21
-5.03433409074969
 31
0.0
  0
LINE
  5
430
330
1F
100
AcDbEntity
  8
0
100
AcDbLine
 10
-6.943428466691074
 20
-5.094822120503606
 30
0.0
 11
-6.947385294095053
 21
-5.091269534061194
 31
0.0
  0
LINE
  5
431
330
1F
100
AcDbEntity
  8
0
100
AcDbLine
 10
-6.939640117376517
 20
-5.097487708695186
 30
0.0
 11
-6.940294517977255
 21
-5.097096628650897
 31
0.0
  0
LINE
  5
432
330
1F
100
AcDbEntity
  8
0
100
AcDbLine
 10
-6.940294517977255
 20
-5.097096628650897
 30
0.0
 11
-6.941467472786857
 21
-5.096395652492917
 31
0.0
  0
LINE
  5
433
330
1F
100
AcDbEntity
  8
0
100
AcDbLine
 10
-6.798023613067308
 20
-2.443292036351891
 30
0.0
 11
-6.57166849417479
 21
-2.363902202647336
 31
0.0
  0
LINE
  5
434
330
1F
100
AcDbEntity
  8
0
100
AcDbLine
 10
-5.875631655929682
 20
-2.189842186682323
 30
0.0
 11
-5.901499129408527
 21
-2.135403632370839
 31
0.0
  0
LINE
  5
435
330
1F
100
AcDbEntity
  8
0
100
AcDbLine
 10
-5.901499129408527
 20
-2.135403632370839
 30
0.0
 11
-5.90416722040168
 21
-2.12978858780309
 31
0.0
  0
LINE
  5
436
330
1F
100
AcDbEntity
  8
0
100
AcDbLine
 10
-6.57166849417479
 20
-2.459551210260488
 30
0.0
 11
-6.793864070390737
 21
-2.537482161996765
 31
0.0
  0
LINE
  5
437
330
1F
100
AcDbEntity
  8
0
100
AcDbLine
 10
-6.984985498797482
 20
-3.679172301431867
 30
0.0
 11
-6.984985498845505
 21
-3.605517100685862
 31
0.0
  0
LINE
  5
438
330
1F
100
AcDbEntity
  8
0
100
AcDbLine
 10
-7.069459069659646
 20
-3.63873791437699
 30
0.0
 11
-7.069459069659646
 21
-3.427740980423572
 31
0.0
  0
LINE
  5
439
330
1F
100
AcDbEntity
  8
0
100
AcDbLine
 10
-7.069459069659646
 20
-3.427740980423572
 30
0.0
 11
-7.069459069659646
 21
-2.634141964827005
 31
0.0
  0
LINE
  5
43A
330
1F
100
AcDbEntity
  8
0
100
AcDbLine
 10
-7.013521063262007
 20
-2.518873745389495
 30
0.0
 11
-7.431641491960316
 21
-2.665521682775021
 31
0.0
  0
LINE
  5
43B
330
1F
100
AcDbEntity
  8
0
100
AcDbLine
 10
-7.431641491960316
 20
-2.665521682775021
 30
0.0
 11
-7.969454413002151
 21
-2.85414952814726
 31
0.0
  0
LINE
  5
43C
330
1F
100
AcDbEntity
  8
0
100
AcDbLine
 10
-7.930497471756534
 20
-2.936135115634287
 30
0.0
 11
-7.392684543658148
 21
-2.747507267787094
 31
0.0
  0
LINE
  5
43D
330
1F
100
AcDbEntity
  8
0
100
AcDbLine
 10
-7.528089071252822
 20
0.1480519848690487
 30
0.0
 11
-7.480372284435632
 21
0.1647877573528652
 31
0.0
  0
LINE
  5
43E
330
1F
100
AcDbEntity
  8
0
100
AcDbLine
 10
-7.480372284435632
 20
0.1647877573528652
 30
0.0
 11
-7.479767428048283
 21
0.1649998994428775
 31
0.0
  0
LINE
  5
43F
330
1F
100
AcDbEntity
  8
0
100
AcDbLine
 10
-8.355966624259123
 20
1.027996255780629
 30
0.0
 11
-8.175797887684189
 21
1.091187077819143
 31
0.0
  0
LINE
  5
440
330
1F
100
AcDbEntity
  8
0
100
AcDbLine
 10
-7.507805738812466
 20
1.324251976284196
 30
0.0
 11
-7.50829661391108
 21
1.325300692663388
 31
0.0
  0
LINE
  5
441
330
1F
100
AcDbEntity
  8
0
100
AcDbLine
 10
-8.175797887684189
 20
0.9955380702059899
 30
0.0
 11
-8.31700967595735
 21
0.9460106707684167
 31
0.0
  0
LINE
  5
442
330
1F
100
AcDbEntity
  8
0
100
AcDbLine
 10
9.31043316871335
 20
2.10790455096992
 30
0.0
 11
9.310452057580306
 21
2.108364705347272
 31
0.0
  0
LINE
  5
443
330
1F
100
AcDbEntity
  8
0
100
AcDbLine
 10
8.440528776066028
 20
2.877459684570598
 30
0.0
 11
9.233569582427613
 21
3.155603947647172
 31
0.0
  0
LINE
  5
444
330
1F
100
AcDbEntity
  8
0
100
AcDbLine
 10
9.233569582427613
 20
3.155603947647172
 30
0.0
 11
9.26210514689961
 21
3.165612264354041
 31
0.0
  0
LINE
  5
445
330
1F
100
AcDbEntity
  8
0
100
AcDbLine
 10
9.716450585100198
 20
1.708559412492449
 30
0.0
 11
9.132000376883523
 21
1.503574408990292
 31
0.0
  0
LINE
  5
446
330
1F
100
AcDbEntity
  8
0
100
AcDbLine
 10
9.999458332088809
 20
0.6375122254991774
 30
0.0
 11
9.999458332088809
 21
0.6583388446283169
 31
0.0
  0
LINE
  5
447
330
1F
100
AcDbEntity
  8
0
100
AcDbLine
 10
9.999458332088809
 20
0.6583388446283169
 30
0.0
 11
9.999458332088809
 21
1.737757182662315
 31
0.0
  0
LINE
  5
448
330
1F
100
AcDbEntity
  8
0
100
AcDbLine
 10
9.75540753340221
 20
1.62657382748032
 30
0.0
 11
9.170957325185535
 21
1.421588823978163
 31
0.0
  0
LINE
  5
449
330
1F
100
AcDbEntity
  8
0
100
AcDbLine
 10
9.922594745803071
 20
0.680615672626443
 30
0.0
 11
9.922594745803071
 21
1.274725389328295
 31
0.0
  0
LINE
  5
44A
330
1F
100
AcDbEntity
  8
0
100
AcDbLine
 10
9.922594745803071
 20
1.274725389328295
 30
0.0
 11
9.922594745803071
 21
1.685211622176427
 31
0.0
  0
LINE
  5
44B
330
1F
100
AcDbEntity
  8
0
100
AcDbLine
 10
12.74354759696769
 20
4.487006122574156
 30
0.0
 11
12.30356447689469
 21
4.332690254188637
 31
0.0
  0
LINE
  5
44C
330
1F
100
AcDbEntity
  8
0
100
AcDbLine
 10
12.30356447689469
 20
4.332690254188637
 30
0.0
 11
11.81017732380833
 21
4.15964391785158
 31
0.0
  0
LINE
  5
44D
330
1F
100
AcDbEntity
  8
0
100
AcDbLine
 10
12.77208316143968
 20
3.326707566531785
 30
0.0
 11
12.77208316143968
 21
3.346684416571308
 31
0.0
  0
LINE
  5
44E
330
1F
100
AcDbEntity
  8
0
100
AcDbLine
 10
12.77208316143968
 20
3.346684416571308
 30
0.0
 11
12.77208316143968
 21
4.426952523694924
 31
0.0
  0
LINE
  5
44F
330
1F
100
AcDbEntity
  8
0
100
AcDbLine
 10
12.34252142519669
 20
4.250704669176507
 30
0.0
 11
11.90217876879237
 21
4.096262700132454
 31
0.0
  0
LINE
  5
450
330
1F
100
AcDbEntity
  8
0
100
AcDbLine
 10
12.37568396747972
 20
3.058868879998796
 30
0.0
 11
12.37572583154001
 21
3.058802853242799
 31
0.0
  0
LINE
  5
451
330
1F
100
AcDbEntity
  8
0
100
AcDbLine
 10
12.37572583154001
 20
3.058802853242799
 30
0.0
 11
12.37715289620257
 21
3.056552129122575
 31
0.0
  0
LINE
  5
452
330
1F
100
AcDbEntity
  8
0
100
AcDbLine
 10
12.32996221633171
 20
3.079997644233095
 30
0.0
 11
12.30106965465964
 21
3.108400594561824
 31
0.0
  0
LINE
  5
453
330
1F
100
AcDbEntity
  8
0
100
AcDbLine
 10
12.69521957515395
 20
3.369811013659052
 30
0.0
 11
12.69521957515395
 21
3.508445190000317
 31
0.0
  0
LINE
  5
454
330
1F
100
AcDbEntity
  8
0
100
AcDbLine
 10
12.69521957515395
 20
3.508445190000317
 30
0.0
 11
12.69521957515395
 21
4.374406963209036
 31
0.0
  0
LINE
  5
455
330
1F
100
AcDbEntity
  8
0
100
AcDbLine
 10
13.47467019784703
 20
1.851451258074672
 30
0.0
 11
13.47467019784703
 21
1.868077602833029
 31
0.0
  0
LINE
  5
456
330
1F
100
AcDbEntity
  8
0
100
AcDbLine
 10
13.47467019784703
 20
1.868077602833029
 30
0.0
 11
13.47467019784703
 21
2.95169621523781
 31
0.0
  0
LINE
  5
457
330
1F
100
AcDbEntity
  8
0
100
AcDbLine
 10
13.3978066115613
 20
1.894554705201938
 30
0.0
 11
13.3978066115613
 21
2.029838376262038
 31
0.0
  0
LINE
  5
458
330
1F
100
AcDbEntity
  8
0
100
AcDbLine
 10
13.3978066115613
 20
2.029838376262038
 30
0.0
 11
13.3978066115613
 21
2.899150654751923
 31
0.0
  0
LINE
  5
459
330
1F
100
AcDbEntity
  8
0
100
AcDbLine
 10
12.45021124625701
 20
3.437287428658385
 30
0.0
 11
12.47302399893799
 21
3.442079196072279
 31
0.0
  0
LINE
  5
45A
330
1F
100
AcDbEntity
  8
0
100
AcDbLine
 10
12.47302399893799
 20
3.442079196072279
 30
0.0
 11
12.50086840687993
 21
3.447927851361765
 31
0.0
  0
LINE
  5
45B
330
1F
100
AcDbEntity
  8
0
100
AcDbLine
 10
12.60476580519971
 20
2.621006391675349
 30
0.0
 11
13.19857311175995
 21
2.829273222799014
 31
0.0
  0
LINE
  5
45C
330
1F
100
AcDbEntity
  8
0
100
AcDbLine
 10
-9.026489284547024
 20
2.462110183754886
 30
0.0
 11
-9.026489284547024
 21
2.416163551973241
 31
0.0
  0
LINE
  5
45D
330
1F
100
AcDbEntity
  8
0
100
AcDbLine
 10
-9.006113403624672
 20
2.430876904137965
 30
0.0
 11
-9.006113403624672
 21
2.419228782865733
 31
0.0
  0
LINE
  5
45E
330
1F
100
AcDbEntity
  8
0
100
AcDbLine
 10
-9.006113403624672
 20
2.419228782865733
 30
0.0
 11
-9.006113403624672
 21
2.396241623381893
 31
0.0
  0
LINE
  5
45F
330
1F
100
AcDbEntity
  8
0
100
AcDbLine
 10
-9.006113403624672
 20
2.472536660993035
 30
0.0
 11
-8.973456655552521
 21
2.483990405937989
 31
0.0
  0
LINE
  5
460
330
1F
100
AcDbEntity
  8
0
100
AcDbLine
 10
-8.973456655552521
 20
2.483990405937989
 30
0.0
 11
-8.970859266786546
 21
2.484901391575097
 31
0.0
  0
LINE
  5
461
330
1F
100
AcDbEntity
  8
0
100
AcDbLine
 10
-9.026489284547024
 20
2.513204472540418
 30
0.0
 11
-8.999340335817099
 21
2.522726459652826
 31
0.0
  0
LINE
  5
462
330
1F
100
AcDbEntity
  8
0
100
AcDbLine
 10
-8.999340335817099
 20
2.522726459652826
 30
0.0
 11
-8.988863790734507
 21
2.526400912326901
 31
0.0
  0
LINE
  5
463
330
1F
100
AcDbEntity
  8
0
100
AcDbLine
 10
-9.272159707153621
 20
2.979127922450273
 30
0.0
 11
-9.272159707153621
 21
2.933181290668628
 31
0.0
  0
LINE
  5
464
330
1F
100
AcDbEntity
  8
0
100
AcDbLine
 10
-9.25178382046414
 20
2.947894630696331
 30
0.0
 11
-9.25178382046414
 21
2.936246509424098
 31
0.0
  0
LINE
  5
465
330
1F
100
AcDbEntity
  8
0
100
AcDbLine
 10
-9.25178382046414
 20
2.936246509424098
 30
0.0
 11
-9.25178382046414
 21
2.893186752330579
 31
0.0
  0
LINE
  5
466
330
1F
100
AcDbEntity
  8
0
100
AcDbLine
 10
-9.25178382046414
 20
2.9895543875514
 30
0.0
 11
-9.219127077365137
 21
3.001008130752115
 31
0.0
  0
LINE
  5
467
330
1F
100
AcDbEntity
  8
0
100
AcDbLine
 10
-9.219127077365137
 20
3.001008130752115
 30
0.0
 11
-9.216529683626014
 21
3.001919118133462
 31
0.0
  0
LINE
  5
468
330
1F
100
AcDbEntity
  8
0
100
AcDbLine
 10
-9.272159707153621
 20
3.030222211235806
 30
0.0
 11
-9.245010758423696
 21
3.039744198348214
 31
0.0
  0
LINE
  5
469
330
1F
100
AcDbEntity
  8
0
100
AcDbLine
 10
-9.245010758423696
 20
3.039744198348214
 30
0.0
 11
-9.234534213341103
 21
3.043418651022289
 31
0.0
  0
LINE
  5
46A
330
1F
100
AcDbEntity
  8
0
100
AcDbLine
 10
-9.490244340240226
 20
3.555842597893798
 30
0.0
 11
-9.482038518187352
 21
3.538573300609663
 31
0.0
  0
LINE
  5
46B
330
1F
100
AcDbEntity
  8
0
100
AcDbLine
 10
-9.482038518187352
 20
3.538573300609663
 30
0.0
 11
-9.245010758423696
 21
3.039744198348214
 31
0.0
  0
LINE
  5
46C
330
1F
100
AcDbEntity
  8
0
100
AcDbLine
 10
-9.25178382046414
 20
2.967392044795733
 30
0.0
 11
-9.026489284547024
 21
2.49325571912652
 31
0.0
  0
LINE
  5
46D
330
1F
100
AcDbEntity
  8
0
100
AcDbLine
 10
-9.006113403624672
 20
2.450374318237367
 30
0.0
 11
-8.997251360436104
 21
2.431723991995566
 31
0.0
  0
LINE
  5
46E
330
1F
100
AcDbEntity
  8
0
100
AcDbLine
 10
-8.998162450339077
 20
2.41414398267117
 30
0.0
 11
-9.006113403624672
 21
2.430876904137965
 31
0.0
  0
LINE
  5
46F
330
1F
100
AcDbEntity
  8
0
100
AcDbLine
 10
-9.006113403624672
 20
2.430876904137965
 30
0.0
 11
-9.006133156640571
 21
2.430918474708422
 31
0.0
  0
LINE
  5
470
330
1F
100
AcDbEntity
  8
0
100
AcDbLine
 10
-9.026489284547024
 20
2.473758305027118
 30
0.0
 11
-9.25178382046414
 21
2.947894630696331
 31
0.0
  0
LINE
  5
471
330
1F
100
AcDbEntity
  8
0
100
AcDbLine
 10
-9.25178382046414
 20
2.947894630696331
 30
0.0
 11
-9.251803573480029
 21
2.947936201266767
 31
0.0
  0
LINE
  5
472
330
1F
100
AcDbEntity
  8
0
100
AcDbLine
 10
-9.525249485015971
 20
3.523417860399073
 30
0.0
 11
-9.525518230094242
 21
3.523973525210644
 31
0.0
  0
LINE
  5
473
330
1F
100
AcDbEntity
  8
0
100
AcDbLine
 10
-8.998162450339077
 20
2.410607185850599
 30
0.0
 11
-8.998162450339077
 21
2.41414398267117
 31
0.0
  0
LINE
  5
474
330
1F
100
AcDbEntity
  8
0
100
AcDbLine
 10
-8.998162450339077
 20
2.41414398267117
 30
0.0
 11
-8.998162450339077
 21
2.431404444214889
 31
0.0
  0
LINE
  5
475
330
1F
100
AcDbEntity
  8
0
100
AcDbLine
 10
-8.961977470582086
 20
2.44409565057932
 30
0.0
 11
-8.951871242643342
 21
2.447640221426061
 31
0.0
  0
LINE
  5
476
330
1F
100
AcDbEntity
  8
0
100
AcDbLine
 10
-8.951871242643342
 20
2.447640221426061
 30
0.0
 11
-8.93538518949796
 21
2.412945031721084
 31
0.0
  0
LINE
  5
477
330
1F
100
AcDbEntity
  8
0
100
AcDbLine
 10
-8.93538518949796
 20
2.412945031721084
 30
0.0
 11
-8.9326711588441
 21
2.40723330632687
 31
0.0
  0
LINE
  5
478
330
1F
100
AcDbEntity
  8
0
100
AcDbLine
 10
-8.998162450339077
 20
2.410607185850599
 30
0.0
 11
-8.993320679482506
 21
2.400417593660437
 31
0.0
  0
LINE
  5
479
330
1F
100
AcDbEntity
  8
0
100
AcDbLine
 10
-8.993320679482506
 20
2.400417593660437
 30
0.0
 11
-8.978962366539834
 21
2.370200270751408
 31
0.0
  0
LINE
  5
47A
330
1F
100
AcDbEntity
  8
0
100
AcDbLine
 10
-8.9326711588441
 20
2.38643604796258
 30
0.0
 11
-8.961443027683346
 21
2.376344851908818
 31
0.0
  0
LINE
  5
47B
330
1F
100
AcDbEntity
  8
0
100
AcDbLine
 10
-8.961443027683346
 20
2.376344851908818
 30
0.0
 11
-8.978962366539834
 21
2.370200270751408
 31
0.0
  0
LINE
  5
47C
330
1F
100
AcDbEntity
  8
0
100
AcDbLine
 10
-4.35378418751336
 20
-2.8153348399654
 30
0.0
 11
-4.353956244671916
 21
-2.815395185802827
 31
0.0
  0
LINE
  5
47D
330
1F
100
AcDbEntity
  8
0
100
AcDbLine
 10
-4.353956244671916
 20
-2.815395185802827
 30
0.0
 11
-5.061623438919093
 21
-3.063596247675556
 31
0.0
  0
LINE
  5
47E
330
1F
100
AcDbEntity
  8
0
100
AcDbLine
 10
-4.363364286974728
 20
-2.914343888680483
 30
0.0
 11
-4.391899851446726
 21
-2.924352205387353
 31
0.0
  0
LINE
  5
47F
330
1F
100
AcDbEntity
  8
0
100
AcDbLine
 10
-4.391899851446726
 20
-2.924352205387353
 30
0.0
 11
-5.022666486474581
 21
-3.14558183123478
 31
0.0
  0
LINE
  5
480
330
1F
100
AcDbEntity
  8
0
100
AcDbLine
 10
-2.450643183463894
 20
-5.113839499694969
 30
0.0
 11
-2.450133726947026
 21
-5.114911659922967
 31
0.0
  0
LINE
  5
481
330
1F
100
AcDbEntity
  8
0
100
AcDbLine
 10
-2.450133726947026
 20
-5.114911659922967
 30
0.0
 11
-2.234626686234402
 21
-5.568450029255273
 31
0.0
  0
LINE
  5
482
330
1F
100
AcDbEntity
  8
0
100
AcDbLine
 10
-2.314947797641688
 20
-5.596621153889327
 30
0.0
 11
-2.43356261286117
 21
-5.346994182559729
 31
0.0
  0
LINE
  5
483
330
1F
100
AcDbEntity
  8
0
100
AcDbLine
 10
-2.43356261286117
 20
-5.346994182559729
 30
0.0
 11
-2.503462337898287
 21
-5.199888977990635
 31
0.0
  0
LINE
  5
484
330
1F
100
AcDbEntity
  8
0
100
AcDbLine
 10
7.059259643666185
 20
1.205779686377595
 30
0.0
 11
8.198858256190208
 21
1.605472632491986
 31
0.0
  0
LINE
  5
485
330
1F
100
AcDbEntity
  8
0
100
AcDbLine
 10
8.198858256190208
 20
1.605472632491986
 30
0.0
 11
8.199067197051916
 21
1.605545914599968
 31
0.0
  0
LINE
  5
486
330
1F
100
AcDbEntity
  8
0
100
AcDbLine
 10
6.4862924775994
 20
2.411599006639965
 30
0.0
 11
6.485430528244301
 21
2.411296693989392
 31
0.0
  0
LINE
  5
487
330
1F
100
AcDbEntity
  8
0
100
AcDbLine
 10
8.140911431646543
 20
2.893585923346168
 30
0.0
 11
8.128527374620193
 21
2.889242446455872
 31
0.0
  0
LINE
  5
488
330
1F
100
AcDbEntity
  8
0
100
AcDbLine
 10
8.128527374620193
 20
2.889242446455872
 30
0.0
 11
6.545388848487723
 21
2.333986153000401
 31
0.0
  0
LINE
  5
489
330
1F
100
AcDbEntity
  8
0
100
AcDbLine
 10
6.545388848487723
 20
2.333986153000401
 30
0.0
 11
6.545388848487721
 21
1.154294841105277
 31
0.0
  0
LINE
  5
48A
330
1F
100
AcDbEntity
  8
0
100
AcDbLine
 10
6.545388848487721
 20
1.154294841105277
 30
0.0
 11
6.545388848487721
 21
1.123888897713301
 31
0.0
  0
LINE
  5
48B
330
1F
100
AcDbEntity
  8
0
100
AcDbLine
 10
6.473908420573048
 20
2.437661473141647
 30
0.0
 11
6.47304647121795
 21
2.437359160491075
 31
0.0
  0
LINE
  5
48C
330
1F
100
AcDbEntity
  8
0
100
AcDbLine
 10
-2.670281514768607
 20
-8.55084306950422
 30
0.0
 11
-2.91565860855068
 21
-8.636890107982314
 31
0.0
  0
LINE
  5
48D
330
1F
100
AcDbEntity
  8
0
100
AcDbLine
 10
-8.322642847984655
 20
-10.71342413066196
 30
0.0
 11
-8.226324296970734
 21
-10.67964219639393
 31
0.0
  0
LINE
  5
48E
330
1F
100
AcDbEntity
  8
0
100
AcDbLine
 10
-2.736363706077091
 20
-10.09490459518838
 30
0.0
 11
-2.624015588293562
 21
-10.05550058952023
 31
0.0
  0
LINE
  5
48F
330
1F
100
AcDbEntity
  8
0
100
AcDbLine
 10
-2.624015588293562
 20
-10.05550058952023
 30
0.0
 11
-2.613588340320919
 21
-10.05184342688749
 31
0.0
  0
LINE
  5
490
330
1F
100
AcDbEntity
  8
0
100
AcDbLine
 10
9.731981005245103
 20
-1.831174816049939
 30
0.0
 11
9.731981005245103
 21
-1.621011241507466
 31
0.0
  0
LINE
  5
491
330
1F
100
AcDbEntity
  8
0
100
AcDbLine
 10
9.731981005245103
 20
-1.621011241507466
 30
0.0
 11
9.731981005245103
 21
-0.8798259223453915
 31
0.0
  0
LINE
  5
492
330
1F
100
AcDbEntity
  8
0
100
AcDbLine
 10
9.817578794822525
 20
-0.7009080316214066
 30
0.0
 11
9.369459163433882
 21
-0.8580776295070294
 31
0.0
  0
LINE
  5
493
330
1F
100
AcDbEntity
  8
0
100
AcDbLine
 10
8.057710991645296
 20
-0.6720729699271412
 30
0.0
 11
8.057261686716746
 21
-0.6650599774565948
 31
0.0
  0
LINE
  5
494
330
1F
100
AcDbEntity
  8
0
100
AcDbLine
 10
8.057261686716746
 20
-0.6650599774565948
 30
0.0
 11
8.047989216258316
 21
-0.5203302819283256
 31
0.0
  0
LINE
  5
495
330
1F
100
AcDbEntity
  8
0
100
AcDbLine
 10
8.06266181878792
 20
-0.4169166938975388
 30
0.0
 11
8.057261686716746
 21
-0.4173087394296939
 31
0.0
  0
LINE
  5
496
330
1F
100
AcDbEntity
  8
0
100
AcDbLine
 10
8.057261686716746
 20
-0.4173087394296939
 30
0.0
 11
8.047989216258316
 21
-0.4179819138201267
 31
0.0
  0
LINE
  5
497
330
1F
100
AcDbEntity
  8
0
100
AcDbLine
 10
8.051840220346014
 20
-0.5064686553581272
 30
0.0
 11
8.047989216258316
 21
-0.506748235362282
 31
0.0
  0
LINE
  5
498
330
1F
100
AcDbEntity
  8
0
100
AcDbLine
 10
8.047989216258316
 20
-0.506748235362282
 30
0.0
 11
8.024980615337068
 21
-0.5084186425066687
 31
0.0
  0
LINE
  5
499
330
1F
100
AcDbEntity
  8
0
100
AcDbLine
 10
8.049803476136804
 20
-0.4712420029426797
 30
0.0
 11
8.047989216258316
 21
-0.4713737168471093
 31
0.0
  0
LINE
  5
49A
330
1F
100
AcDbEntity
  8
0
100
AcDbLine
 10
8.047989216258316
 20
-0.4713737168471093
 30
0.0
 11
8.022724750799478
 21
-0.4732078980624734
 31
0.0
  0
LINE
  5
49B
330
1F
100
AcDbEntity
  8
0
100
AcDbLine
 10
8.022724750799478
 20
-0.4732078980624734
 30
0.0
 11
8.022425980498156
 21
-0.4685445308468797
 31
0.0
  0
LINE
  5
49C
330
1F
100
AcDbEntity
  8
0
100
AcDbLine
 10
8.031702476092551
 20
-0.6133370528576397
 30
0.0
 11
8.024980615337068
 21
-0.5084186425066687
 31
0.0
  0
LINE
  5
49D
330
1F
100
AcDbEntity
  8
0
100
AcDbLine
 10
8.327041175899502
 20
-1.372582348453038
 30
0.0
 11
9.430103140734612
 21
-0.9857039496673764
 31
0.0
  0
LINE
  5
49E
330
1F
100
AcDbEntity
  8
0
100
AcDbLine
 10
-11.08542440741267
 20
-5.161738180093336
 30
0.0
 11
-8.502111388188503
 21
-10.5983660059852
 31
0.0
  0
LINE
  5
49F
330
1F
100
AcDbEntity
  8
0
100
AcDbLine
 10
-8.502111388188503
 20
-10.5983660059852
 30
0.0
 11
-8.445987299361764
 21
-10.71648014110844
 31
0.0
  0
LINE
  5
4A0
330
1F
100
AcDbEntity
  8
0
100
AcDbLine
 10
-2.803605046510697
 20
-7.995141950757066
 30
0.0
 11
-2.91565860855068
 21
-8.03444264649517
 31
0.0
  0
LINE
  5
4A1
330
1F
100
AcDbEntity
  8
0
100
AcDbLine
 10
-1.466658818646243
 20
-0.2865261807562442
 30
0.0
 11
-1.503834309245696
 21
-0.2082897252630359
 31
0.0
  0
LINE
  5
4A2
330
1F
100
AcDbEntity
  8
0
100
AcDbLine
 10
-1.428243409982128
 20
-1.774662167887812
 30
0.0
 11
-1.428243409982128
 21
-1.773140014105537
 31
0.0
  0
LINE
  5
4A3
330
1F
100
AcDbEntity
  8
0
100
AcDbLine
 10
-1.428243409982128
 20
-1.773140014105537
 30
0.0
 11
-1.428243409982128
 21
-1.739503406872094
 31
0.0
  0
LINE
  5
4A4
330
1F
100
AcDbEntity
  8
0
100
AcDbLine
 10
-1.428243409982128
 20
-1.739503406872094
 30
0.0
 11
-1.428243409982128
 21
-0.3940391175344234
 31
0.0
  0
LINE
  5
4A5
330
1F
100
AcDbEntity
  8
0
100
AcDbLine
 10
-1.428243409982128
 20
-0.3940391175344234
 30
0.0
 11
-1.428243409982128
 21
-0.3673721064000783
 31
0.0
  0
LINE
  5
4A6
330
1F
100
AcDbEntity
  8
0
100
AcDbLine
 10
-2.034383780997402
 20
-7.091102746488067
 30
0.0
 11
-2.034383780757694
 21
-7.086819346425159
 31
0.0
  0
LINE
  5
4A7
330
1F
100
AcDbEntity
  8
0
100
AcDbLine
 10
-2.034383780757694
 20
-7.086819346425159
 30
0.0
 11
-2.034383778853252
 21
-7.052788513361236
 31
0.0
  0
LINE
  5
4A8
330
1F
100
AcDbEntity
  8
0
100
AcDbLine
 10
-2.034383778853252
 20
-7.052788513361236
 30
0.0
 11
-2.034383702675592
 21
-5.691555190804298
 31
0.0
  0
LINE
  5
4A9
330
1F
100
AcDbEntity
  8
0
100
AcDbLine
 10
-2.034383702675592
 20
-5.691555190804298
 30
0.0
 11
-2.034383702242323
 21
-5.683813027462847
 31
0.0
  0
LINE
  5
4AA
330
1F
100
AcDbEntity
  8
0
100
AcDbLine
 10
-9.006113403624672
 20
2.396241623381893
 30
0.0
 11
-9.00728920074778
 21
2.398716109171856
 31
0.0
  0
LINE
  5
4AB
330
1F
100
AcDbEntity
  8
0
100
AcDbLine
 10
-5.497515110985905
 20
2.334883929177677
 30
0.0
 11
-5.673839000502916
 21
2.273041615492062
 31
0.0
  0
LINE
  5
4AC
330
1F
100
AcDbEntity
  8
0
100
AcDbLine
 10
-6.798023613286939
 20
-2.250722297346631
 30
0.0
 11
-8.31700967595735
 21
0.9460106707684167
 31
0.0
  0
LINE
  5
4AD
330
1F
100
AcDbEntity
  8
0
100
AcDbLine
 10
-8.31700967595735
 20
0.9460106707684167
 30
0.0
 11
-8.3274310597873
 21
0.967942656901334
 31
0.0
  0
LINE
  5
4AE
330
1F
100
AcDbEntity
  8
0
100
AcDbLine
 10
-8.3274310597873
 20
0.967942656901334
 30
0.0
 11
-8.355966624259123
 21
1.027996255780629
 31
0.0
  0
LINE
  5
4AF
330
1F
100
AcDbEntity
  8
0
100
AcDbLine
 10
-8.355966624259123
 20
1.027996255780629
 30
0.0
 11
-8.47992112012336
 21
1.288860679236016
 31
0.0
  0
LINE
  5
4B0
330
1F
100
AcDbEntity
  8
0
100
AcDbLine
 10
-6.798023612987399
 20
-2.513353951909968
 30
0.0
 11
-6.798023611732535
 21
-3.613598908632986
 31
0.0
  0
LINE
  5
4B1
330
1F
100
AcDbEntity
  8
0
100
AcDbLine
 10
-4.575611643011182
 20
-4.086416519896019
 30
0.0
 11
-4.537162098537049
 21
-4.167334254561941
 31
0.0
  0
LINE
  5
4B2
330
1F
100
AcDbEntity
  8
0
100
AcDbLine
 10
-3.11014091859652
 20
3.172210873899119
 30
0.0
 11
-3.110349632513517
 21
3.172137671387758
 31
0.0
  0
LINE
  5
4B3
330
1F
100
AcDbEntity
  8
0
100
AcDbLine
 10
-3.673599392144953
 20
2.974588329583384
 30
0.0
 11
-3.713652276247382
 21
2.960540527952755
 31
0.0
  0
LINE
  5
4B4
330
1F
100
AcDbEntity
  8
0
100
AcDbLine
 10
-7.53764767735425
 20
-3.762894613644241
 30
0.0
 11
-7.537647676897604
 21
-3.995701681106667
 31
0.0
  0
LINE
  5
4B5
330
1F
100
AcDbEntity
  8
0
100
AcDbLine
 10
-7.53764767735425
 20
-3.762894613644241
 30
0.0
 11
-7.930497471756534
 21
-2.936135115634287
 31
0.0
  0
LINE
  5
4B6
330
1F
100
AcDbEntity
  8
0
100
AcDbLine
 10
-7.930497471756534
 20
-2.936135115634287
 30
0.0
 11
-7.94091885369889
 21
-2.91420312883933
 31
0.0
  0
LINE
  5
4B7
330
1F
100
AcDbEntity
  8
0
100
AcDbLine
 10
-7.94091885369889
 20
-2.91420312883933
 30
0.0
 11
-7.969454413002151
 21
-2.85414952814726
 31
0.0
  0
LINE
  5
4B8
330
1F
100
AcDbEntity
  8
0
100
AcDbLine
 10
8.280083144380566
 20
-1.363464909648858
 30
0.0
 11
8.22986055090985
 21
-1.257770575621407
 31
0.0
  0
LINE
  5
4B9
330
1F
100
AcDbEntity
  8
0
100
AcDbLine
 10
8.22986055090985
 20
-1.257770575621407
 30
0.0
 11
8.176277610010738
 21
-1.145004331144875
 31
0.0
  0
LINE
  5
4BA
330
1F
100
AcDbEntity
  8
0
100
AcDbLine
 10
-2.777984601007504
 20
-5.759022635507631
 30
0.0
 11
-2.589007352848584
 21
-5.692742407089347
 31
0.0
  0
LINE
  5
4BB
330
1F
100
AcDbEntity
  8
0
100
AcDbLine
 10
-5.187198000081254
 20
-2.799322401005005
 30
0.0
 11
-5.825908230229137
 21
-3.023338095010625
 31
0.0
  0
LINE
  5
4BC
330
1F
100
AcDbEntity
  8
0
100
AcDbLine
 10
-6.132478508427046
 20
-3.130861899061955
 30
0.0
 11
-6.483351840868753
 21
-3.253924172632859
 31
0.0
  0
LINE
  5
4BD
330
1F
100
AcDbEntity
  8
0
100
AcDbLine
 10
13.21659427286363
 20
3.81849300163628
 30
0.0
 11
13.33116164669582
 21
3.858675369947656
 31
0.0
  0
LINE
  5
4BE
330
1F
100
AcDbEntity
  8
0
100
AcDbLine
 10
11.74257173722421
 20
5.997460395948985
 30
0.0
 11
11.74257173722421
 21
5.899120593078849
 31
0.0
  0
LINE
  5
4BF
330
1F
100
AcDbEntity
  8
0
100
AcDbLine
 10
11.74257173722421
 20
5.899120593078849
 30
0.0
 11
11.74257173722421
 21
5.513309372320949
 31
0.0
  0
LINE
  5
4C0
330
1F
100
AcDbEntity
  8
0
100
AcDbLine
 10
11.92773657175947
 20
6.98554254396943
 30
0.0
 11
11.89950002568389
 21
6.975639102384814
 31
0.0
  0
LINE
  5
4C1
330
1F
100
AcDbEntity
  8
0
100
AcDbLine
 10
11.89950002568389
 20
6.975639102384814
 30
0.0
 11
11.85944714158146
 21
6.961591300754185
 31
0.0
  0
LINE
  5
4C2
330
1F
100
AcDbEntity
  8
0
100
AcDbLine
 10
8.285974217123334
 20
3.284051388495481
 30
0.0
 11
8.338180939000129
 21
3.174181421231817
 31
0.0
  0
LINE
  5
4C3
330
1F
100
AcDbEntity
  8
0
100
AcDbLine
 10
8.38523488528801
 20
2.883653476303746
 30
0.0
 11
8.385234885288016
 21
2.95371539188985
 31
0.0
  0
LINE
  5
4C4
330
1F
100
AcDbEntity
  8
0
100
AcDbLine
 10
8.385234885288016
 20
2.95371539188985
 30
0.0
 11
8.385234885288021
 21
3.075155561104507
 31
0.0
  0
LINE
  5
4C5
330
1F
100
AcDbEntity
  8
0
100
AcDbLine
 10
10.4734334774441
 20
-1.319495217806328
 30
0.0
 11
14.34394541760765
 21
0.0386725663777021
 31
0.0
  0
LINE
  5
4C6
330
1F
100
AcDbEntity
  8
0
100
AcDbLine
 10
14.34394541760765
 20
0.0386725663777021
 30
0.0
 11
14.4638441107124
 21
0.0807451771480894
 31
0.0
  0
LINE
  5
4C7
330
1F
100
AcDbEntity
  8
0
100
AcDbLine
 10
12.50939314199633
 20
2.68320521751783
 30
0.0
 11
12.50939314199633
 21
2.848311464708763
 31
0.0
  0
LINE
  5
4C8
330
1F
100
AcDbEntity
  8
0
100
AcDbLine
 10
12.50939314199633
 20
2.848311464708763
 30
0.0
 11
12.50939314199633
 21
2.920874728488131
 31
0.0
  0
LINE
  5
4C9
330
1F
100
AcDbEntity
  8
0
100
AcDbLine
 10
11.97906028035175
 20
2.874066233136685
 30
0.0
 11
12.3646924537656
 21
3.009319521280731
 31
0.0
  0
LINE
  5
4CA
330
1F
100
AcDbEntity
  8
0
100
AcDbLine
 10
6.584314578993824
 20
6.410598347747997
 30
0.0
 11
8.18668314002557
 21
3.038385242129031
 31
0.0
  0
LINE
  5
4CB
330
1F
100
AcDbEntity
  8
0
100
AcDbLine
 10
9.655547229595758
 20
0.4017608206128861
 30
0.0
 11
9.700399169587119
 21
0.3073691215862277
 31
0.0
  0
LINE
  5
4CC
330
1F
100
AcDbEntity
  8
0
100
AcDbLine
 10
9.31043316871335
 20
2.108404457301032
 30
0.0
 11
9.31043316871335
 21
3.208149508133058
 31
0.0
  0
LINE
  5
4CD
330
1F
100
AcDbEntity
  8
0
100
AcDbLine
 10
9.31043316871335
 20
3.208149508133058
 30
0.0
 11
9.310452057580306
 21
3.515654766835012
 31
0.0
  0
LINE
  5
4CE
330
1F
100
AcDbEntity
  8
0
100
AcDbLine
 10
11.81017732380833
 20
4.15964391785158
 30
0.0
 11
11.81017732380833
 21
4.392386754005755
 31
0.0
  0
LINE
  5
4CF
330
1F
100
AcDbEntity
  8
0
100
AcDbLine
 10
-2.06823850566952
 20
-0.4062439868960274
 30
0.0
 11
-2.108291388796882
 21
-0.4202917905787031
 31
0.0
  0
LINE
  5
4D0
330
1F
100
AcDbEntity
  8
0
100
AcDbLine
 10
-10.20671993030908
 20
0.6832182221420393
 30
0.0
 11
-10.3073961791736
 21
0.6479079066764208
 31
0.0
  0
LINE
  5
4D1
330
1F
100
AcDbEntity
  8
0
100
AcDbLine
 10
6.473908420573048
 20
2.437661473141647
 30
0.0
 11
6.411962367143014
 21
2.568028234111024
 31
0.0
  0
LINE
  5
4D2
330
1F
100
AcDbEntity
  8
0
100
AcDbLine
 10
13.17498640960838
 20
4.360683255208222
 30
0.0
 11
11.93090279899673
 21
6.978879162887414
 31
0.0
  0
LINE
  5
4D3
330
1F
100
AcDbEntity
  8
0
100
AcDbLine
 10
11.93090279899673
 20
6.978879162887414
 30
0.0
 11
11.92880379023037
 21
6.983296563868661
 31
0.0
  0
LINE
  5
4D4
330
1F
100
AcDbEntity
  8
0
100
AcDbLine
 10
-3.035040751954137
 20
-7.335260282494687
 30
0.0
 11
-3.032857371069544
 21
-7.339855246087316
 31
0.0
  0
LINE
  5
4D5
330
1F
100
AcDbEntity
  8
0
100
AcDbLine
 10
-3.032857371069544
 20
-7.339855246087316
 30
0.0
 11
-2.991540388814831
 21
-7.426807564190566
 31
0.0
  0
LINE
  5
4D6
330
1F
100
AcDbEntity
  8
0
100
AcDbLine
 10
-0.0363065807159054
 20
-4.990766928460769
 30
0.0
 11
-0.0552043055317966
 21
-4.997394952769953
 31
0.0
  0
LINE
  5
4D7
330
1F
100
AcDbEntity
  8
0
100
AcDbLine
 10
-1.956465914848084
 20
-7.025460276667276
 30
0.0
 11
-0.0363065807159054
 21
-6.352000224299777
 31
0.0
  0
LINE
  5
4D8
330
1F
100
AcDbEntity
  8
0
100
AcDbLine
 10
-1.541721671724315
 20
-5.391935105941001
 30
0.0
 11
-1.543558413809512
 21
-5.39257930895004
 31
0.0
  0
LINE
  5
4D9
330
1F
100
AcDbEntity
  8
0
100
AcDbLine
 10
-1.371237759332344
 20
-1.719509738748091
 30
0.0
 11
0.0348271169112783
 21
-1.226358723436623
 31
0.0
  0
LINE
  5
4DA
330
1F
100
AcDbEntity
  8
0
100
AcDbLine
 10
5.909419220664564
 20
2.30594296087337
 30
0.0
 11
5.891424661710559
 21
2.29963170513533
 31
0.0
  0
LINE
  5
4DB
330
1F
100
AcDbEntity
  8
0
100
AcDbLine
 10
5.891424661710559
 20
2.29963170513533
 30
0.0
 11
5.856467863536786
 21
2.287371260540846
 31
0.0
  0
LINE
  5
4DC
330
1F
100
AcDbEntity
  8
0
100
AcDbLine
 10
-7.001425694501737
 20
-5.017164930880718
 30
0.0
 11
-6.977878250577938
 21
-5.03830669965058
 31
0.0
  0
LINE
  5
4DD
330
1F
100
AcDbEntity
  8
0
100
AcDbLine
 10
-6.977878250577938
 20
-5.03830669965058
 30
0.0
 11
-6.946762193190817
 21
-5.066243850384946
 31
0.0
  0
LINE
  5
4DE
330
1F
100
AcDbEntity
  8
0
100
AcDbLine
 10
-6.57166849417479
 20
-2.363902202647336
 30
0.0
 11
-6.019616684018275
 21
-2.17028033264476
 31
0.0
  0
LINE
  5
4DF
330
1F
100
AcDbEntity
  8
0
100
AcDbLine
 10
-5.972287699557161
 20
-2.249329582213309
 30
0.0
 11
-6.00082326402916
 21
-2.259337898920179
 31
0.0
  0
LINE
  5
4E0
330
1F
100
AcDbEntity
  8
0
100
AcDbLine
 10
-6.00082326402916
 20
-2.259337898920179
 30
0.0
 11
-6.57166849417479
 21
-2.459551210260488
 31
0.0
  0
LINE
  5
4E1
330
1F
100
AcDbEntity
  8
0
100
AcDbLine
 10
-7.392684543658148
 20
-2.747507267787094
 30
0.0
 11
-7.069459069659646
 21
-2.634141964827005
 31
0.0
  0
LINE
  5
4E2
330
1F
100
AcDbEntity
  8
0
100
AcDbLine
 10
-7.069459069659646
 20
-2.634141964827005
 30
0.0
 11
-7.040923505187648
 21
-2.624133648120135
 31
0.0
  0
LINE
  5
4E3
330
1F
100
AcDbEntity
  8
0
100
AcDbLine
 10
-8.175797887684189
 20
1.091187077819143
 30
0.0
 11
-7.623746077527675
 21
1.284808947821719
 31
0.0
  0
LINE
  5
4E4
330
1F
100
AcDbEntity
  8
0
100
AcDbLine
 10
-7.576417093066561
 20
1.205759698253169
 30
0.0
 11
-7.604952657538559
 21
1.195751381546299
 31
0.0
  0
LINE
  5
4E5
330
1F
100
AcDbEntity
  8
0
100
AcDbLine
 10
-7.604952657538559
 20
1.195751381546299
 30
0.0
 11
-8.175797887684189
 21
0.9955380702059899
 31
0.0
  0
LINE
  5
4E6
330
1F
100
AcDbEntity
  8
0
100
AcDbLine
 10
9.281897604241355
 20
3.268203107012292
 30
0.0
 11
9.25375888313263
 21
3.258333975709186
 31
0.0
  0
LINE
  5
4E7
330
1F
100
AcDbEntity
  8
0
100
AcDbLine
 10
9.25375888313263
 20
3.258333975709186
 30
0.0
 11
8.409943863923122
 21
2.962381605026306
 31
0.0
  0
LINE
  5
4E8
330
1F
100
AcDbEntity
  8
0
100
AcDbLine
 10
8.409943863923122
 20
2.962381605026306
 30
0.0
 11
8.4095624904199
 21
2.962247845387257
 31
0.0
  0
LINE
  5
4E9
330
1F
100
AcDbEntity
  8
0
100
AcDbLine
 10
8.4095624904199
 20
2.962247845387257
 30
0.0
 11
8.385234885288016
 21
2.95371539188985
 31
0.0
  0
LINE
  5
4EA
330
1F
100
AcDbEntity
  8
0
100
AcDbLine
 10
9.97092276761681
 20
1.797810781541549
 30
0.0
 11
9.952974701320635
 21
1.791515832235594
 31
0.0
  0
LINE
  5
4EB
330
1F
100
AcDbEntity
  8
0
100
AcDbLine
 10
9.952974701320635
 20
1.791515832235594
 30
0.0
 11
9.716450585100198
 21
1.708559412492449
 31
0.0
  0
LINE
  5
4EC
330
1F
100
AcDbEntity
  8
0
100
AcDbLine
 10
9.951130310275069
 20
1.695219938883297
 30
0.0
 11
9.922594745803071
 21
1.685211622176427
 31
0.0
  0
LINE
  5
4ED
330
1F
100
AcDbEntity
  8
0
100
AcDbLine
 10
9.922594745803071
 20
1.685211622176427
 30
0.0
 11
9.75540753340221
 21
1.62657382748032
 31
0.0
  0
LINE
  5
4EE
330
1F
100
AcDbEntity
  8
0
100
AcDbLine
 10
12.72375513962594
 20
4.384415279915905
 30
0.0
 11
12.69521957515395
 21
4.374406963209036
 31
0.0
  0
LINE
  5
4EF
330
1F
100
AcDbEntity
  8
0
100
AcDbLine
 10
12.69521957515395
 20
4.374406963209036
 30
0.0
 11
12.34252142519669
 21
4.250704669176507
 31
0.0
  0
LINE
  5
4F0
330
1F
100
AcDbEntity
  8
0
100
AcDbLine
 10
12.30907122479725
 20
3.12508854014198
 30
0.0
 11
12.32996221633171
 21
3.104551565899071
 31
0.0
  0
LINE
  5
4F1
330
1F
100
AcDbEntity
  8
0
100
AcDbLine
 10
12.32996221633171
 20
3.104551565899071
 30
0.0
 11
12.36020776132855
 21
3.074818559807021
 31
0.0
  0
LINE
  5
4F2
330
1F
100
AcDbEntity
  8
0
100
AcDbLine
 10
13.44613463337504
 20
3.011749814117044
 30
0.0
 11
13.21659427286363
 21
2.931242816357757
 31
0.0
  0
LINE
  5
4F3
330
1F
100
AcDbEntity
  8
0
100
AcDbLine
 10
12.52541868458409
 20
2.688825877511263
 30
0.0
 11
12.50939314199633
 21
2.68320521751783
 31
0.0
  0
LINE
  5
4F4
330
1F
100
AcDbEntity
  8
0
100
AcDbLine
 10
13.19857311175995
 20
2.829273222799014
 30
0.0
 11
13.21659427286363
 21
2.835593808744604
 31
0.0
  0
LINE
  5
4F5
330
1F
100
AcDbEntity
  8
0
100
AcDbLine
 10
-9.026489284547024
 20
2.513204472540418
 30
0.0
 11
-9.026489284547024
 21
2.49325571912652
 31
0.0
  0
LINE
  5
4F6
330
1F
100
AcDbEntity
  8
0
100
AcDbLine
 10
-9.272159707153621
 20
2.990776043722507
 30
0.0
 11
-9.272159707153621
 21
2.979127922450273
 31
0.0
  0
LINE
  5
4F7
330
1F
100
AcDbEntity
  8
0
100
AcDbLine
 10
-9.216529683626014
 20
2.979805273949925
 30
0.0
 11
-9.215334123774731
 21
2.977289197149854
 31
0.0
  0
LINE
  5
4F8
330
1F
100
AcDbEntity
  8
0
100
AcDbLine
 10
-9.215334123774731
 20
2.977289197149854
 30
0.0
 11
-8.999340335817099
 21
2.522726459652826
 31
0.0
  0
LINE
  5
4F9
330
1F
100
AcDbEntity
  8
0
100
AcDbLine
 10
-8.970859266786546
 20
2.462787547391561
 30
0.0
 11
-8.969663706935263
 21
2.460271470591489
 31
0.0
  0
LINE
  5
4FA
330
1F
100
AcDbEntity
  8
0
100
AcDbLine
 10
-8.969663706935263
 20
2.460271470591489
 30
0.0
 11
-8.961977470582086
 21
2.44409565057932
 31
0.0
  0
LINE
  5
4FB
330
1F
100
AcDbEntity
  8
0
100
AcDbLine
 10
-9.272159707153621
 20
2.990776043722507
 30
0.0
 11
-9.275346047377642
 21
2.997481752939998
 31
0.0
  0
LINE
  5
4FC
330
1F
100
AcDbEntity
  8
0
100
AcDbLine
 10
-9.275346047377642
 20
2.997481752939998
 30
0.0
 11
-9.525249485015971
 21
3.523417860399073
 31
0.0
  0
LINE
  5
4FD
330
1F
100
AcDbEntity
  8
0
100
AcDbLine
 10
-8.998162450339077
 20
2.431404444214889
 30
0.0
 11
-8.997251360436104
 21
2.431723991995566
 31
0.0
  0
LINE
  5
4FE
330
1F
100
AcDbEntity
  8
0
100
AcDbLine
 10
-8.997251360436104
 20
2.431723991995566
 30
0.0
 11
-8.961977470582086
 21
2.44409565057932
 31
0.0
  0
LINE
  5
4FF
330
1F
100
AcDbEntity
  8
0
100
AcDbLine
 10
8.20086975188996
 20
3.012954988097449
 30
0.0
 11
8.19906719705192
 21
3.012322775627347
 31
0.0
  0
LINE
  5
500
330
1F
100
AcDbEntity
  8
0
100
AcDbLine
 10
8.19906719705192
 20
3.012322775627347
 30
0.0
 11
6.4862924775994
 21
2.411599006639965
 31
0.0
  0
LINE
  5
501
330
1F
100
AcDbEntity
  8
0
100
AcDbLine
 10
7.613507110271946
 20
2.837354446323684
 30
0.0
 11
6.473908420573048
 21
2.437661473141647
 31
0.0
  0
LINE
  5
502
330
1F
100
AcDbEntity
  8
0
100
AcDbLine
 10
-8.226324296970734
 20
-10.67964219639393
 30
0.0
 11
-8.226324296970732
 21
-10.87437550080213
 31
0.0
  0
LINE
  5
503
330
1F
100
AcDbEntity
  8
0
100
AcDbLine
 10
-8.226324296970732
 20
-10.87437550080213
 30
0.0
 11
-8.226324296970732
 21
-11.13024642107263
 31
0.0
  0
LINE
  5
504
330
1F
100
AcDbEntity
  8
0
100
AcDbLine
 10
-8.226324296970732
 20
-11.13024642107263
 30
0.0
 11
-8.226324296970729
 21
-11.91832885550577
 31
0.0
  0
LINE
  5
505
330
1F
100
AcDbEntity
  8
0
100
AcDbLine
 10
-8.226324296970729
 20
-11.91832885550577
 30
0.0
 11
-8.226324296970729
 21
-11.95544775118052
 31
0.0
  0
LINE
  5
506
330
1F
100
AcDbEntity
  8
0
100
AcDbLine
 10
-2.885595886575517
 20
-8.806481375304704
 30
0.0
 11
-2.736363706077099
 21
-8.754140972970957
 31
0.0
  0
LINE
  5
507
330
1F
100
AcDbEntity
  8
0
100
AcDbLine
 10
-3.218022205604953
 20
-8.742938496929275
 30
0.0
 11
-3.243463489561987
 21
-8.751861552491091
 31
0.0
  0
LINE
  5
508
330
1F
100
AcDbEntity
  8
0
100
AcDbLine
 10
9.369459163433882
 20
-0.8580776295070294
 30
0.0
 11
8.274822432347351
 21
-1.242001034787379
 31
0.0
  0
LINE
  5
509
330
1F
100
AcDbEntity
  8
0
100
AcDbLine
 10
9.430103140734612
 20
-0.9857039496673764
 30
0.0
 11
9.731981005245103
 21
-0.8798259223453915
 31
0.0
  0
LINE
  5
50A
330
1F
100
AcDbEntity
  8
0
100
AcDbLine
 10
9.731981005245103
 20
-0.8798259223453915
 30
0.0
 11
9.782203598715817
 21
-0.8622112849413016
 31
0.0
  0
LINE
  5
50B
330
1F
100
AcDbEntity
  8
0
100
AcDbLine
 10
-2.733216607566332
 20
-7.970454519388794
 30
0.0
 11
-2.76355216240827
 21
-7.981094149126438
 31
0.0
  0
LINE
  5
50C
330
1F
100
AcDbEntity
  8
0
100
AcDbLine
 10
-2.76355216240827
 20
-7.981094149126438
 30
0.0
 11
-2.803605046510697
 21
-7.995141950757066
 31
0.0
  0
LINE
  5
50D
330
1F
100
AcDbEntity
  8
0
100
AcDbLine
 10
-1.50578053664612
 20
-0.208972328203172
 30
0.0
 11
-1.536116091488057
 21
-0.2196119579408158
 31
0.0
  0
LINE
  5
50E
330
1F
100
AcDbEntity
  8
0
100
AcDbLine
 10
-1.536116091488057
 20
-0.2196119579408158
 30
0.0
 11
-1.589552674006381
 21
-0.2383538420237808
 31
0.0
  0
LINE
  5
50F
330
1F
100
AcDbEntity
  8
0
100
AcDbLine
 10
-8.996624346245074
 20
2.37627173471277
 30
0.0
 11
-9.006113403624672
 21
2.396241623381893
 31
0.0
  0
LINE
  5
510
330
1F
100
AcDbEntity
  8
0
100
AcDbLine
 10
-5.358641485084348
 20
2.383591261798275
 30
0.0
 11
-5.497515110985905
 21
2.334883929177677
 31
0.0
  0
LINE
  5
511
330
1F
100
AcDbEntity
  8
0
100
AcDbLine
 10
-9.00911415635727
 20
2.402556760449396
 30
0.0
 11
-9.018465335189827
 21
2.399277008985897
 31
0.0
  0
LINE
  5
512
330
1F
100
AcDbEntity
  8
0
100
AcDbLine
 10
-9.292523287206718
 20
2.303156296794878
 30
0.0
 11
-9.431396913108271
 21
2.254448964174281
 31
0.0
  0
LINE
  5
513
330
1F
100
AcDbEntity
  8
0
100
AcDbLine
 10
-9.431396913108271
 20
2.254448964174281
 30
0.0
 11
-9.714862785346654
 21
2.155028599536505
 31
0.0
  0
LINE
  5
514
330
1F
100
AcDbEntity
  8
0
100
AcDbLine
 10
-6.798023613286939
 20
-2.250722297346631
 30
0.0
 11
-6.798023613067308
 21
-2.443292036351891
 31
0.0
  0
LINE
  5
515
330
1F
100
AcDbEntity
  8
0
100
AcDbLine
 10
-6.798023613067308
 20
-2.443292036351891
 30
0.0
 11
-6.798023612987399
 21
-2.513353951909968
 31
0.0
  0
LINE
  5
516
330
1F
100
AcDbEntity
  8
0
100
AcDbLine
 10
-5.187198000081254
 20
-2.799322401005005
 30
0.0
 11
-5.067567374775268
 21
-3.051087131350269
 31
0.0
  0
LINE
  5
517
330
1F
100
AcDbEntity
  8
0
100
AcDbLine
 10
-3.180738071457882
 20
3.147450240019487
 30
0.0
 11
-3.673599392144953
 21
2.974588329583384
 31
0.0
  0
LINE
  5
518
330
1F
100
AcDbEntity
  8
0
100
AcDbLine
 10
-7.537647676897604
 20
-3.995701681106667
 30
0.0
 11
-7.53764767676018
 21
-4.065763596644571
 31
0.0
  0
LINE
  5
519
330
1F
100
AcDbEntity
  8
0
100
AcDbLine
 10
-7.53764767676018
 20
-4.065763596644571
 30
0.0
 11
-7.537647674602078
 21
-5.166008553050794
 31
0.0
  0
LINE
  5
51A
330
1F
100
AcDbEntity
  8
0
100
AcDbLine
 10
-7.969454413002151
 20
-2.85414952814726
 30
0.0
 11
-8.025035116047876
 21
-2.737178933268777
 31
0.0
  0
LINE
  5
51B
330
1F
100
AcDbEntity
  8
0
100
AcDbLine
 10
8.29050452821058
 20
-1.385396895781754
 30
0.0
 11
8.280083144380566
 21
-1.363464909648858
 31
0.0
  0
LINE
  5
51C
330
1F
100
AcDbEntity
  8
0
100
AcDbLine
 10
8.176277610010738
 20
-1.145004331144875
 30
0.0
 11
8.057261686716746
 21
-0.8945332207957917
 31
0.0
  0
LINE
  5
51D
330
1F
100
AcDbEntity
  8
0
100
AcDbLine
 10
-2.589007352848584
 20
-5.692742407089347
 30
0.0
 11
-2.520542908501009
 21
-5.668729786236321
 31
0.0
  0
LINE
  5
51E
330
1F
100
AcDbEntity
  8
0
100
AcDbLine
 10
-5.825908230229137
 20
-3.023338095010625
 30
0.0
 11
-5.875631655929682
 21
-3.040777658667004
 31
0.0
  0
LINE
  5
51F
330
1F
100
AcDbEntity
  8
0
100
AcDbLine
 10
-5.875631655929682
 20
-3.040777658667004
 30
0.0
 11
-5.923959677743422
 21
-3.057727810450258
 31
0.0
  0
LINE
  5
520
330
1F
100
AcDbEntity
  8
0
100
AcDbLine
 10
-6.12980683814143
 20
-3.129924860566348
 30
0.0
 11
-6.132478508427046
 21
-3.130861899061955
 31
0.0
  0
LINE
  5
521
330
1F
100
AcDbEntity
  8
0
100
AcDbLine
 10
13.33116164669582
 20
3.858675369947656
 30
0.0
 11
13.37089406651774
 21
3.872610774712412
 31
0.0
  0
LINE
  5
522
330
1F
100
AcDbEntity
  8
0
100
AcDbLine
 10
13.37089406651774
 20
3.872610774712412
 30
0.0
 11
13.40122962135968
 21
3.883250404450056
 31
0.0
  0
LINE
  5
523
330
1F
100
AcDbEntity
  8
0
100
AcDbLine
 10
15.03164128890893
 20
0.2799859616486904
 30
0.0
 11
15.07168929994805
 21
0.2940440187270175
 31
0.0
  0
LINE
  5
524
330
1F
100
AcDbEntity
  8
0
100
AcDbLine
 10
9.288763217039676
 20
1.173664246142609
 30
0.0
 11
9.655547229595758
 21
0.4017608206128861
 31
0.0
  0
LINE
  5
525
330
1F
100
AcDbEntity
  8
0
100
AcDbLine
 10
11.81017732380832
 20
2.989337045102336
 30
0.0
 11
11.81017732380833
 21
4.089582002265476
 31
0.0
  0
LINE
  5
526
330
1F
100
AcDbEntity
  8
0
100
AcDbLine
 10
11.81017732380833
 20
4.089582002265476
 30
0.0
 11
11.81017732380833
 21
4.15964391785158
 31
0.0
  0
LINE
  5
527
330
1F
100
AcDbEntity
  8
0
100
AcDbLine
 10
-8.47992112012336
 20
1.288860679236016
 30
0.0
 11
-8.952420981909594
 21
1.123140170523132
 31
0.0
  0
LINE
  5
528
330
1F
100
AcDbEntity
  8
0
100
AcDbLine
 10
-8.952420981909594
 20
1.123140170523132
 30
0.0
 11
-10.20671993030908
 21
0.6832182221420393
 31
0.0
  0
LINE
  5
529
330
1F
100
AcDbEntity
  8
0
100
AcDbLine
 10
0.0423884739616427
 20
-6.324399402481439
 30
0.0
 11
1.962547808093824
 21
-5.650939350114013
 31
0.0
  0
LINE
  5
52A
330
1F
100
AcDbEntity
  8
0
100
AcDbLine
 10
2.041242862771371
 20
-5.623338528295677
 30
0.0
 11
3.961402196903545
 21
-4.949878475928214
 31
0.0
  0
LINE
  5
52B
330
1F
100
AcDbEntity
  8
0
100
AcDbLine
 10
-1.421126534545571
 20
-5.349638612126147
 30
0.0
 11
-1.541721671724315
 21
-5.391935105941001
 31
0.0
  0
LINE
  5
52C
330
1F
100
AcDbEntity
  8
0
100
AcDbLine
 10
0.0348271169112783
 20
0.1191055659010494
 30
0.0
 11
0.0159293920953867
 21
0.1124775415918635
 31
0.0
  0
LINE
  5
52D
330
1F
100
AcDbEntity
  8
0
100
AcDbLine
 10
0.0924527265933938
 20
-1.206147616251741
 30
0.0
 11
1.498517602837018
 21
-0.7129966009402567
 31
0.0
  0
LINE
  5
52E
330
1F
100
AcDbEntity
  8
0
100
AcDbLine
 10
-5.970854475545566
 20
-2.153177898024965
 30
0.0
 11
-5.90416722040168
 21
-2.12978858780309
 31
0.0
  0
LINE
  5
52F
330
1F
100
AcDbEntity
  8
0
100
AcDbLine
 10
-7.623746077527675
 20
1.284808947821719
 30
0.0
 11
-7.623364704024453
 21
1.284942707460768
 31
0.0
  0
LINE
  5
530
330
1F
100
AcDbEntity
  8
0
100
AcDbLine
 10
13.21659427286363
 20
2.931242816357757
 30
0.0
 11
13.19966904756037
 21
2.925306609441771
 31
0.0
  0
LINE
  5
531
330
1F
100
AcDbEntity
  8
0
100
AcDbLine
 10
12.5741808930568
 20
2.705928312131057
 30
0.0
 11
12.57379951955358
 21
2.705794552492008
 31
0.0
  0
LINE
  5
532
330
1F
100
AcDbEntity
  8
0
100
AcDbLine
 10
12.57379951955358
 20
2.705794552492008
 30
0.0
 11
12.52541868458409
 21
2.688825877511263
 31
0.0
  0
LINE
  5
533
330
1F
100
AcDbEntity
  8
0
100
AcDbLine
 10
13.21659427286363
 20
2.835593808744604
 30
0.0
 11
13.3978066115613
 21
2.899150654751923
 31
0.0
  0
LINE
  5
534
330
1F
100
AcDbEntity
  8
0
100
AcDbLine
 10
13.3978066115613
 20
2.899150654751923
 30
0.0
 11
13.42634217603329
 21
2.909158971458793
 31
0.0
  0
LINE
  5
535
330
1F
100
AcDbEntity
  8
0
100
AcDbLine
 10
-9.026489284547024
 20
2.49325571912652
 30
0.0
 11
-9.026489284547024
 21
2.473758305027118
 31
0.0
  0
LINE
  5
536
330
1F
100
AcDbEntity
  8
0
100
AcDbLine
 10
-9.026489284547024
 20
2.473758305027118
 30
0.0
 11
-9.026489284547024
 21
2.462110183754886
 31
0.0
  0
LINE
  5
537
330
1F
100
AcDbEntity
  8
0
100
AcDbLine
 10
-9.272159707153621
 20
3.030222211235806
 30
0.0
 11
-9.272159707153621
 21
3.010273457821909
 31
0.0
  0
LINE
  5
538
330
1F
100
AcDbEntity
  8
0
100
AcDbLine
 10
-9.272159707153621
 20
3.010273457821909
 30
0.0
 11
-9.272159707153621
 21
2.990776043722507
 31
0.0
  0
LINE
  5
539
330
1F
100
AcDbEntity
  8
0
100
AcDbLine
 10
8.188485694863608
 20
3.039017454599132
 30
0.0
 11
8.18668314002557
 21
3.038385242129031
 31
0.0
  0
LINE
  5
53A
330
1F
100
AcDbEntity
  8
0
100
AcDbLine
 10
8.18668314002557
 20
3.038385242129031
 30
0.0
 11
7.613507110271946
 21
2.837354446323684
 31
0.0
  0
LINE
  5
53B
330
1F
100
AcDbEntity
  8
0
100
AcDbLine
 10
-8.226324296970734
 20
-10.67964219639393
 30
0.0
 11
-2.900714066428231
 21
-8.811783794752051
 31
0.0
  0
LINE
  5
53C
330
1F
100
AcDbEntity
  8
0
100
AcDbLine
 10
-2.900714066428231
 20
-8.811783794752051
 30
0.0
 11
-2.885595886575517
 21
-8.806481375304704
 31
0.0
  0
LINE
  5
53D
330
1F
100
AcDbEntity
  8
0
100
AcDbLine
 10
8.274822432347351
 20
-1.242001034787379
 30
0.0
 11
8.27443863552074
 21
-1.242135644361884
 31
0.0
  0
LINE
  5
53E
330
1F
100
AcDbEntity
  8
0
100
AcDbLine
 10
8.27443863552074
 20
-1.242135644361884
 30
0.0
 11
8.22986055090985
 21
-1.257770575621407
 31
0.0
  0
LINE
  5
53F
330
1F
100
AcDbEntity
  8
0
100
AcDbLine
 10
-8.952420981909594
 20
2.283244974596613
 30
0.0
 11
-8.961443027683346
 21
2.302232029101834
 31
0.0
  0
LINE
  5
540
330
1F
100
AcDbEntity
  8
0
100
AcDbLine
 10
-8.961443027683346
 20
2.302232029101834
 30
0.0
 11
-8.996624346245074
 21
2.37627173471277
 31
0.0
  0
LINE
  5
541
330
1F
100
AcDbEntity
  8
0
100
AcDbLine
 10
-9.018465335189827
 20
2.399277008985897
 30
0.0
 11
-9.280090218483455
 21
2.307516963623208
 31
0.0
  0
LINE
  5
542
330
1F
100
AcDbEntity
  8
0
100
AcDbLine
 10
-9.280090218483455
 20
2.307516963623208
 30
0.0
 11
-9.292523287206718
 21
2.303156296794878
 31
0.0
  0
LINE
  5
543
330
1F
100
AcDbEntity
  8
0
100
AcDbLine
 10
-5.067567374775268
 20
-3.051087131350269
 30
0.0
 11
-5.061623438919093
 21
-3.063596247675556
 31
0.0
  0
LINE
  5
544
330
1F
100
AcDbEntity
  8
0
100
AcDbLine
 10
-3.110349632513517
 20
3.172137671387758
 30
0.0
 11
-3.140685187355455
 21
3.161498041650115
 31
0.0
  0
LINE
  5
545
330
1F
100
AcDbEntity
  8
0
100
AcDbLine
 10
-3.140685187355455
 20
3.161498041650115
 30
0.0
 11
-3.180738071457882
 21
3.147450240019487
 31
0.0
  0
LINE
  5
546
330
1F
100
AcDbEntity
  8
0
100
AcDbLine
 10
-8.025035116047876
 20
-2.737178933268777
 30
0.0
 11
-8.02818522419199
 21
-2.730549473701754
 31
0.0
  0
LINE
  5
547
330
1F
100
AcDbEntity
  8
0
100
AcDbLine
 10
8.566302990538853
 20
-1.965819625615084
 30
0.0
 11
8.327041175899502
 21
-1.462288915452703
 31
0.0
  0
LINE
  5
548
330
1F
100
AcDbEntity
  8
0
100
AcDbLine
 10
8.327041175899502
 20
-1.462288915452703
 30
0.0
 11
8.29050452821058
 21
-1.385396895781754
 31
0.0
  0
LINE
  5
549
330
1F
100
AcDbEntity
  8
0
100
AcDbLine
 10
8.057261686716746
 20
-0.8945332207957917
 30
0.0
 11
7.059259643666185
 21
1.205779686377595
 31
0.0
  0
LINE
  5
54A
330
1F
100
AcDbEntity
  8
0
100
AcDbLine
 10
7.059259643666185
 20
1.205779686377595
 30
0.0
 11
7.036142908232967
 21
1.254429263941278
 31
0.0
  0
LINE
  5
54B
330
1F
100
AcDbEntity
  8
0
100
AcDbLine
 10
-6.00082326402916
 20
-3.084686278958855
 30
0.0
 11
-6.12980683814143
 21
-3.129924860566348
 31
0.0
  0
LINE
  5
54C
330
1F
100
AcDbEntity
  8
0
100
AcDbLine
 10
14.6357092546365
 20
0.1410528845807142
 30
0.0
 11
15.03164128890893
 21
0.2799859616486904
 31
0.0
  0
LINE
  5
54D
330
1F
100
AcDbEntity
  8
0
100
AcDbLine
 10
12.3646924537656
 20
3.009319521280731
 30
0.0
 11
12.39605589466683
 21
3.020319662871227
 31
0.0
  0
LINE
  5
54E
330
1F
100
AcDbEntity
  8
0
100
AcDbLine
 10
12.42817205894663
 20
3.031583808139408
 30
0.0
 11
12.45021124625701
 21
3.039313641792454
 31
0.0
  0
LINE
  5
54F
330
1F
100
AcDbEntity
  8
0
100
AcDbLine
 10
12.45021124625701
 20
3.039313641792454
 30
0.0
 11
12.45269996754866
 21
3.040186514340896
 31
0.0
  0
LINE
  5
550
330
1F
100
AcDbEntity
  8
0
100
AcDbLine
 10
1.943650083277931
 20
-4.296334078584152
 30
0.0
 11
0.0423884739616427
 21
-4.963166106642429
 31
0.0
  0
LINE
  5
551
330
1F
100
AcDbEntity
  8
0
100
AcDbLine
 10
7.713168413766045
 20
-2.145955123531691
 30
0.0
 11
-1.421126534545571
 21
-5.349638612126147
 31
0.0
  0
LINE
  5
552
330
1F
100
AcDbEntity
  8
0
100
AcDbLine
 10
1.498517602837018
 20
0.6324676883974153
 30
0.0
 11
1.479619878021125
 21
0.6258396640882292
 31
0.0
  0
LINE
  5
553
330
1F
100
AcDbEntity
  8
0
100
AcDbLine
 10
1.479619878021125
 20
0.6258396640882292
 30
0.0
 11
0.0924527265933939
 21
0.1393166730859457
 31
0.0
  0
LINE
  5
554
330
1F
100
AcDbEntity
  8
0
100
AcDbLine
 10
1.556143212519133
 20
-0.6927854937553608
 30
0.0
 11
2.962208088762751
 21
-0.1996344784438926
 31
0.0
  0
LINE
  5
555
330
1F
100
AcDbEntity
  8
0
100
AcDbLine
 10
4.483524184370608
 20
0.333938751237369
 30
0.0
 11
5.889589060614234
 21
0.8270897665488396
 31
0.0
  0
LINE
  5
556
330
1F
100
AcDbEntity
  8
0
100
AcDbLine
 10
-6.019616684018275
 20
-2.17028033264476
 30
0.0
 11
-6.019235310515055
 21
-2.170146573005711
 31
0.0
  0
LINE
  5
557
330
1F
100
AcDbEntity
  8
0
100
AcDbLine
 10
-6.019235310515055
 20
-2.170146573005711
 30
0.0
 11
-5.970854475545566
 21
-2.153177898024965
 31
0.0
  0
LINE
  5
558
330
1F
100
AcDbEntity
  8
0
100
AcDbLine
 10
-7.623364704024453
 20
1.284942707460768
 30
0.0
 11
-7.574983869054965
 21
1.301911382441514
 31
0.0
  0
LINE
  5
559
330
1F
100
AcDbEntity
  8
0
100
AcDbLine
 10
-7.574983869054965
 20
1.301911382441514
 30
0.0
 11
-7.50829661391108
 21
1.325300692663388
 31
0.0
  0
LINE
  5
55A
330
1F
100
AcDbEntity
  8
0
100
AcDbLine
 10
13.19966904756037
 20
2.925306609441771
 30
0.0
 11
13.15961616345794
 21
2.911258807811143
 31
0.0
  0
LINE
  5
55B
330
1F
100
AcDbEntity
  8
0
100
AcDbLine
 10
13.15961616345794
 20
2.911258807811143
 30
0.0
 11
12.5741808930568
 21
2.705928312131057
 31
0.0
  0
LINE
  5
55C
330
1F
100
AcDbEntity
  8
0
100
AcDbLine
 10
-3.051095137558311
 20
-8.684391943010588
 30
0.0
 11
-3.065376306796074
 21
-8.689400796605062
 31
0.0
  0
LINE
  5
55D
330
1F
100
AcDbEntity
  8
0
100
AcDbLine
 10
-3.065376306796074
 20
-8.689400796605062
 30
0.0
 11
-3.218022205604953
 21
-8.742938496929275
 31
0.0
  0
LINE
  5
55E
330
1F
100
AcDbEntity
  8
0
100
AcDbLine
 10
-5.061623438919093
 20
-3.063596247675556
 30
0.0
 11
-5.033087871412755
 21
-3.123649845490551
 31
0.0
  0
LINE
  5
55F
330
1F
100
AcDbEntity
  8
0
100
AcDbLine
 10
-8.02818522419199
 20
-2.730549473701754
 30
0.0
 11
-8.092093846244222
 21
-2.596052622642425
 31
0.0
  0
LINE
  5
560
330
1F
100
AcDbEntity
  8
0
100
AcDbLine
 10
-8.092093846244222
 20
-2.596052622642425
 30
0.0
 11
-8.104579418911603
 21
-2.5697765091305
 31
0.0
  0
LINE
  5
561
330
1F
100
AcDbEntity
  8
0
100
AcDbLine
 10
-2.520542908501009
 20
-5.668729786236321
 30
0.0
 11
-2.503462337898287
 21
-5.662739096181871
 31
0.0
  0
LINE
  5
562
330
1F
100
AcDbEntity
  8
0
100
AcDbLine
 10
-2.503462337898287
 20
-5.662739096181871
 30
0.0
 11
-2.43356261286117
 21
-5.638223077523692
 31
0.0
  0
LINE
  5
563
330
1F
100
AcDbEntity
  8
0
100
AcDbLine
 10
-5.923959677743422
 20
-3.057727810450258
 30
0.0
 11
-5.972287699557161
 21
-3.074677962233512
 31
0.0
  0
LINE
  5
564
330
1F
100
AcDbEntity
  8
0
100
AcDbLine
 10
-5.972287699557161
 20
-3.074677962233512
 30
0.0
 11
-6.00082326402916
 21
-3.084686278958855
 31
0.0
  0
LINE
  5
565
330
1F
100
AcDbEntity
  8
0
100
AcDbLine
 10
14.4638441107124
 20
0.0807451771480894
 30
0.0
 11
14.61991889962679
 21
0.1355120280205051
 31
0.0
  0
LINE
  5
566
330
1F
100
AcDbEntity
  8
0
100
AcDbLine
 10
14.61991889962679
 20
0.1355120280205051
 30
0.0
 11
14.6357092546365
 21
0.1410528845807142
 31
0.0
  0
LINE
  5
567
330
1F
100
AcDbEntity
  8
0
100
AcDbLine
 10
12.39605589466683
 20
3.020319662871227
 30
0.0
 11
12.40245715077692
 21
3.022564783991381
 31
0.0
  0
LINE
  5
568
330
1F
100
AcDbEntity
  8
0
100
AcDbLine
 10
12.40245715077692
 20
3.022564783991381
 30
0.0
 11
12.42817205894663
 21
3.031583808139408
 31
0.0
  0
LINE
  5
569
330
1F
100
AcDbEntity
  8
0
100
AcDbLine
 10
9.132000376883523
 20
1.503574408990292
 30
0.0
 11
9.160535941355521
 21
1.443520810111058
 31
0.0
  0
LINE
  5
56A
330
1F
100
AcDbEntity
  8
0
100
AcDbLine
 10
1.962547808093825
 20
-4.289706054274967
 30
0.0
 11
1.943650083277931
 21
-4.296334078584152
 31
0.0
  0
LINE
  5
56B
330
1F
100
AcDbEntity
  8
0
100
AcDbLine
 10
4.040097251581094
 20
-4.92227765410989
 30
0.0
 11
5.960256585713277
 21
-4.248817601742412
 31
0.0
  0
LINE
  5
56C
330
1F
100
AcDbEntity
  8
0
100
AcDbLine
 10
7.916319868655977
 20
-2.074703541948471
 30
0.0
 11
7.713168413766045
 21
-2.145955123531691
 31
0.0
  0
LINE
  5
56D
330
1F
100
AcDbEntity
  8
0
100
AcDbLine
 10
3.019833698444865
 20
-0.1794233712589942
 30
0.0
 11
4.425898574688493
 21
0.3137276440524738
 31
0.0
  0
LINE
  5
56E
330
1F
100
AcDbEntity
  8
0
100
AcDbLine
 10
-5.033087871412755
 20
-3.123649845490551
 30
0.0
 11
-5.022666486474581
 21
-3.14558183123478
 31
0.0
  0
LINE
  5
56F
330
1F
100
AcDbEntity
  8
0
100
AcDbLine
 10
-2.43356261286117
 20
-5.638223077523692
 30
0.0
 11
-2.314947797641688
 21
-5.596621153889327
 31
0.0
  0
LINE
  5
570
330
1F
100
AcDbEntity
  8
0
100
AcDbLine
 10
-2.314947797641688
 20
-5.596621153889327
 30
0.0
 11
-2.304526413482098
 21
-5.592966048688772
 31
0.0
  0
LINE
  5
571
330
1F
100
AcDbEntity
  8
0
100
AcDbLine
 10
-2.304526413482098
 20
-5.592966048688772
 30
0.0
 11
-2.234626686234402
 21
-5.568450029255273
 31
0.0
  0
LINE
  5
572
330
1F
100
AcDbEntity
  8
0
100
AcDbLine
 10
-2.234626686234402
 20
-5.568450029255273
 30
0.0
 11
-2.109974601446246
 21
-5.524730646456205
 31
0.0
  0
LINE
  5
573
330
1F
100
AcDbEntity
  8
0
100
AcDbLine
 10
9.160535941355521
 20
1.443520810111058
 30
0.0
 11
9.170957325185535
 21
1.421588823978163
 31
0.0
  0
LINE
  5
574
330
1F
100
AcDbEntity
  8
0
100
AcDbLine
 10
6.038951640390824
 20
-4.221216779924077
 30
0.0
 11
7.959110974523008
 21
-3.547756727556609
 31
0.0
  0
LINE
  5
575
330
1F
100
AcDbEntity
  8
0
100
AcDbLine
 10
8.00001057956877
 20
-2.045350586934729
 30
0.0
 11
7.962306066644731
 21
-2.058574741199921
 31
0.0
  0
LINE
  5
576
330
1F
100
AcDbEntity
  8
0
100
AcDbLine
 10
7.962306066644731
 20
-2.058574741199921
 30
0.0
 11
7.916319868655977
 21
-2.074703541948471
 31
0.0
  0
LINE
  5
577
330
1F
100
AcDbEntity
  8
0
100
AcDbLine
 10
4.425898574688492
 20
1.659191933390146
 30
0.0
 11
4.407000849872594
 21
1.652563909080958
 31
0.0
  0
LINE
  5
578
330
1F
100
AcDbEntity
  8
0
100
AcDbLine
 10
-5.022666486474581
 20
-3.14558183123478
 30
0.0
 11
-4.947734227000804
 21
-3.303278073750636
 31
0.0
  0
LINE
  5
579
330
1F
100
AcDbEntity
  8
0
100
AcDbLine
 10
9.170957325185535
 20
1.421588823978163
 30
0.0
 11
9.222495632772956
 21
1.313125546379191
 31
0.0
  0
LINE
  5
57A
330
1F
100
AcDbEntity
  8
0
100
AcDbLine
 10
3.94250447208765
 20
-3.595273204398355
 30
0.0
 11
2.041242862771371
 21
-4.262105232456629
 31
0.0
  0
LINE
  5
57B
330
1F
100
AcDbEntity
  8
0
100
AcDbLine
 10
5.889589060614233
 20
2.172554055886511
 30
0.0
 11
5.870691335798336
 21
2.165926031577325
 31
0.0
  0
LINE
  5
57C
330
1F
100
AcDbEntity
  8
0
100
AcDbLine
 10
5.870691335798336
 20
2.165926031577325
 30
0.0
 11
4.483524184370608
 21
1.679403040575041
 31
0.0
  0
LINE
  5
57D
330
1F
100
AcDbEntity
  8
0
100
AcDbLine
 10
2.943310363946857
 20
1.139201786584593
 30
0.0
 11
1.556143212519133
 21
0.6526787955823105
 31
0.0
  0
LINE
  5
57E
330
1F
100
AcDbEntity
  8
0
100
AcDbLine
 10
-4.947734227000804
 20
-3.303278073750636
 30
0.0
 11
-4.94415790497256
 21
-3.31080450562179
 31
0.0
  0
LINE
  5
57F
330
1F
100
AcDbEntity
  8
0
100
AcDbLine
 10
9.222495632772956
 20
1.313125546379191
 30
0.0
 11
9.224955421874453
 21
1.307948876817465
 31
0.0
  0
LINE
  5
580
330
1F
100
AcDbEntity
  8
0
100
AcDbLine
 10
9.224955421874453
 20
1.307948876817465
 30
0.0
 11
9.288763217039676
 21
1.173664246142609
 31
0.0
  0
LINE
  5
581
330
1F
100
AcDbEntity
  8
0
100
AcDbLine
 10
4.407000849872594
 20
1.652563909080958
 30
0.0
 11
3.019833698444867
 21
1.166040918078676
 31
0.0
  0
LINE
  5
582
330
1F
100
AcDbEntity
  8
0
100
AcDbLine
 10
-4.94415790497256
 20
-3.31080450562179
 30
0.0
 11
-4.880187016330581
 21
-3.445432352694398
 31
0.0
  0
LINE
  5
583
330
1F
100
AcDbEntity
  8
0
100
AcDbLine
 10
-4.880187016330581
 20
-3.445432352694398
 30
0.0
 11
-4.575611643011182
 21
-4.086416519896019
 31
0.0
  0
LINE
  5
584
330
1F
100
AcDbEntity
  8
0
100
AcDbLine
 10
3.961402196903545
 20
-3.588645180089169
 30
0.0
 11
3.94250447208765
 21
-3.595273204398355
 31
0.0
  0
LINE
  5
585
330
1F
100
AcDbEntity
  8
0
100
AcDbLine
 10
2.962208088762751
 20
1.145829810893779
 30
0.0
 11
2.943310363946857
 21
1.139201786584593
 31
0.0
  0
LINE
  5
586
330
1F
100
AcDbEntity
  8
0
100
AcDbLine
 10
5.960256585713276
 20
-2.887584305903367
 30
0.0
 11
5.941358860897375
 21
-2.894212330212555
 31
0.0
  0
LINE
  5
587
330
1F
100
AcDbEntity
  8
0
100
AcDbLine
 10
5.941358860897375
 20
-2.894212330212555
 30
0.0
 11
4.040097251581094
 21
-3.56104435827083
 31
0.0
  0
LINE
  5
588
330
1F
100
AcDbEntity
  8
0
100
AcDbLine
 10
7.959110974523006
 20
-2.186523431717565
 30
0.0
 11
7.940213249707107
 21
-2.193151456026752
 31
0.0
  0
LINE
  5
589
330
1F
100
AcDbEntity
  8
0
100
AcDbLine
 10
7.940213249707107
 20
-2.193151456026752
 30
0.0
 11
6.038951640390824
 21
-2.859983484085031
 31
0.0
  0
LINE
  5
58A
330
1F
100
AcDbEntity
  8
0
100
AcDbLine
 10
-6.428359462803173
 20
-4.776946414337012
 30
0.0
 11
-6.428359462630026
 21
-3.676701457113146
 31
0.0
  0
LINE
  5
58B
330
1F
100
AcDbEntity
  8
0
100
AcDbLine
 10
-6.984985498845507
 20
-2.578927344285573
 30
0.0
 11
-7.012488136717019
 21
-2.521047557524529
 31
0.0
  0
LINE
  5
58C
330
1F
100
AcDbEntity
  8
0
100
AcDbLine
 10
-8.970859266786546
 20
2.462787547391561
 30
0.0
 11
-8.976125929108422
 21
2.47387133116675
 31
0.0
  0
LINE
  5
58D
330
1F
100
AcDbEntity
  8
0
100
AcDbLine
 10
-8.97287545471246
 20
2.475011374400668
 30
0.0
 11
-8.97287545471246
 21
2.48168413318032
 31
0.0
  0
LINE
  5
58E
330
1F
100
AcDbEntity
  8
0
100
AcDbLine
 10
-9.216529683626014
 20
2.979805273949925
 30
0.0
 11
-9.221796360365712
 21
2.99088908806767
 31
0.0
  0
LINE
  5
58F
330
1F
100
AcDbEntity
  8
0
100
AcDbLine
 10
-9.218545885969748
 20
2.99202913130159
 30
0.0
 11
-9.218545885969748
 21
2.998701890081242
 31
0.0
  0
LINE
  5
590
330
1F
100
AcDbEntity
  8
0
100
AcDbLine
 10
-9.525518230094242
 20
3.543470939310047
 30
0.0
 11
-9.490244340240226
 21
3.555842597893798
 31
0.0
  0
LINE
  5
591
330
1F
100
AcDbEntity
  8
0
100
AcDbLine
 10
6.804686870679578
 20
-0.234039687927081
 30
0.0
 11
6.80468686619875
 21
1.116493035526801
 31
0.0
  0
LINE
  5
592
330
1F
100
AcDbEntity
  8
0
100
AcDbLine
 10
-1.589552674006381
 20
-0.2383538420237808
 30
0.0
 11
-2.06823850566952
 21
-0.4062439868960274
 31
0.0
  0
LINE
  5
593
330
1F
100
AcDbEntity
  8
0
100
AcDbLine
 10
-3.713652276247382
 20
2.960540527952755
 30
0.0
 11
-5.358641485084348
 21
2.383591261798275
 31
0.0
  0
LINE
  5
594
330
1F
100
AcDbEntity
  8
0
100
AcDbLine
 10
-3.243463489561987
 20
-8.751861552491091
 30
0.0
 11
-5.315669660168988
 21
-4.390867106881771
 31
0.0
  0
LINE
  5
595
330
1F
100
AcDbEntity
  8
0
100
AcDbLine
 10
11.41294120456077
 20
-3.751331576362977
 30
0.0
 11
11.07278215787471
 21
-3.035460861246285
 31
0.0
  0
LINE
  5
596
330
1F
100
AcDbEntity
  8
0
100
AcDbLine
 10
13.21659427286363
 20
3.81849300163628
 30
0.0
 11
14.46384411071243
 21
1.19363371287506
 31
0.0
  0
LINE
  5
597
330
1F
100
AcDbEntity
  8
0
100
AcDbLine
 10
7.418246423443559
 20
5.110199839462514
 30
0.0
 11
8.285974217123334
 21
3.284051388495481
 31
0.0
  0
LINE
  5
598
330
1F
100
AcDbEntity
  8
0
100
AcDbLine
 10
8.38523488528801
 20
2.883653476303746
 30
0.0
 11
8.385234885288007
 21
1.783408519140606
 31
0.0
  0
LINE
  5
599
330
1F
100
AcDbEntity
  8
0
100
AcDbLine
 10
11.47419117617803
 20
7.940036830791678
 30
0.0
 11
6.8450703127928
 21
6.316459076771751
 31
0.0
  0
LINE
  5
59A
330
1F
100
AcDbEntity
  8
0
100
AcDbLine
 10
10.00966787576831
 20
0.636852679829625
 30
0.0
 11
10.00966787576831
 21
2.044142741317365
 31
0.0
  0
LINE
  5
59B
330
1F
100
AcDbEntity
  8
0
100
AcDbLine
 10
8.200070050752597
 20
1.602922389455962
 30
0.0
 11
8.20007005075261
 21
3.010212450943702
 31
0.0
  0
LINE
  5
59C
330
1F
100
AcDbEntity
  8
0
100
AcDbLine
 10
8.933268904948886
 20
1.921808297860939
 30
0.0
 11
9.132000376883523
 21
1.503574408990292
 31
0.0
  0
LINE
  5
59D
330
1F
100
AcDbEntity
  8
0
100
AcDbLine
 10
12.98982157507293
 20
4.29574014504741
 30
0.0
 11
11.74257173722421
 21
6.920599433808688
 31
0.0
  0
LINE
  5
59E
330
1F
100
AcDbEntity
  8
0
100
AcDbLine
 10
-5.825908230346919
 20
-1.909770972398492
 30
0.0
 11
-5.901499129388545
 21
-1.750688843345054
 31
0.0
  0
LINE
  5
59F
330
1F
100
AcDbEntity
  8
0
100
AcDbLine
 10
-6.934988224419067
 20
-5.108404315635271
 30
0.0
 11
-6.935621550519076
 21
-5.109315805378265
 31
0.0
  0
LINE
  5
5A0
330
1F
100
AcDbEntity
  8
0
100
AcDbLine
 10
-6.899774682692597
 20
-5.053954888661162
 30
0.0
 11
-6.970379369621185
 21
-4.990563381288085
 31
0.0
  0
LINE
  5
5A1
330
1F
100
AcDbEntity
  8
0
100
AcDbLine
 10
-6.934054865495135
 20
-5.077652960634634
 30
0.0
 11
-6.946762193190817
 21
-5.066243850384946
 31
0.0
  0
LINE
  5
5A2
330
1F
100
AcDbEntity
  8
0
100
AcDbLine
 10
-6.977878250577938
 20
-5.063891826435823
 30
0.0
 11
-6.947385294095053
 21
-5.091269534061194
 31
0.0
  0
LINE
  5
5A3
330
1F
100
AcDbEntity
  8
0
100
AcDbLine
 10
-6.942308349392321
 20
-5.106739855069994
 30
0.0
 11
-6.944444786074472
 21
-5.104761371773315
 31
0.0
  0
LINE
  5
5A4
330
1F
100
AcDbEntity
  8
0
100
AcDbLine
 10
12.37011195307081
 20
3.03195634891206
 30
0.0
 11
12.36951909084939
 21
3.031059051119342
 31
0.0
  0
LINE
  5
5A5
330
1F
100
AcDbEntity
  8
0
100
AcDbLine
 10
12.40245715077692
 20
3.085399757750165
 30
0.0
 11
12.3363634724418
 21
3.150373417202802
 31
0.0
  0
LINE
  5
5A6
330
1F
100
AcDbEntity
  8
0
100
AcDbLine
 10
12.37213765983487
 20
3.06309082453219
 30
0.0
 11
12.36020776132855
 21
3.074818559807021
 31
0.0
  0
LINE
  5
5A7
330
1F
100
AcDbEntity
  8
0
100
AcDbLine
 10
12.32996221633171
 20
3.079997644233095
 30
0.0
 11
12.36413608969725
 21
3.046402878952034
 31
0.0
  0
LINE
  5
5A8
330
1F
100
AcDbEntity
  8
0
100
AcDbLine
 10
12.36325951867301
 20
3.033784843218621
 30
0.0
 11
12.36125958120432
 21
3.035811201067069
 31
0.0
  0
LINE
  5
5A9
330
1F
100
AcDbEntity
  8
0
100
AcDbLine
 10
-2.91565860855068
 20
-8.636890107982314
 30
0.0
 11
-3.051095137558311
 21
-8.684391943010588
 31
0.0
  0
LINE
  5
5AA
330
1F
100
AcDbEntity
  8
0
100
AcDbLine
 10
-8.502111388188503
 20
-10.59624859530778
 30
0.0
 11
-3.243463489561987
 21
-8.751861552491091
 31
0.0
  0
LINE
  5
5AB
330
1F
100
AcDbEntity
  8
0
100
AcDbLine
 10
-5.448302905869666
 20
-9.94097568864726
 30
0.0
 11
-5.448302905869663
 21
-10.1149679144312
 31
0.0
  0
LINE
  5
5AC
330
1F
100
AcDbEntity
  8
0
100
AcDbLine
 10
-8.118667111067273
 20
-11.05154832497581
 30
0.0
 11
-8.118667111067277
 21
-10.87755609919187
 31
0.0
  0
LINE
  5
5AD
330
1F
100
AcDbEntity
  8
0
100
AcDbLine
 10
8.051805332703985
 20
-0.5519297870764899
 30
0.0
 11
8.051892537312616
 21
-0.5547710368235379
 31
0.0
  0
LINE
  5
5AE
330
1F
100
AcDbEntity
  8
0
100
AcDbLine
 10
8.06266181878792
 20
-0.4169166938975388
 30
0.0
 11
8.072383594174898
 21
-0.568659381896354
 31
0.0
  0
LINE
  5
5AF
330
1F
100
AcDbEntity
  8
0
100
AcDbLine
 10
8.022724750799478
 20
-0.4732078980624734
 30
0.0
 11
8.024980615337068
 21
-0.5084186425066687
 31
0.0
  0
LINE
  5
5B0
330
1F
100
AcDbEntity
  8
0
100
AcDbLine
 10
8.013361722930547
 20
-0.6256517401268773
 30
0.0
 11
8.004085227336152
 21
-0.4808592181161174
 31
0.0
  0
LINE
  5
5B1
330
1F
100
AcDbEntity
  8
0
100
AcDbLine
 10
8.052813263110457
 20
-0.5725699250392922
 30
0.0
 11
8.053107435614518
 21
-0.5771012161863721
 31
0.0
  0
LINE
  5
5B2
330
1F
100
AcDbEntity
  8
0
100
AcDbLine
 10
-6.196730929173901
 20
4.780766966157667
 30
0.0
 11
-6.19678767056283
 21
4.780886379411748
 31
0.0
  0
LINE
  5
5B3
330
1F
100
AcDbEntity
  8
0
100
AcDbLine
 10
-5.640743757725985
 20
-2.127051381979783
 30
0.0
 11
-5.640742515565969
 21
-2.127915781334882
 31
0.0
  0
LINE
  5
5B4
330
1F
100
AcDbEntity
  8
0
100
AcDbLine
 10
-8.97287545471246
 20
2.475011374400668
 30
0.0
 11
-8.97287545471246
 21
2.476305346627837
 31
0.0
  0
LINE
  5
5B5
330
1F
100
AcDbEntity
  8
0
100
AcDbLine
 10
-8.97287545471246
 20
2.476305346627837
 30
0.0
 11
-8.97287545471246
 21
2.48168413318032
 31
0.0
  0
LINE
  5
5B6
330
1F
100
AcDbEntity
  8
0
100
AcDbLine
 10
-9.218545885969748
 20
2.99202913130159
 30
0.0
 11
-9.218545885969748
 21
2.993323103528759
 31
0.0
  0
LINE
  5
5B7
330
1F
100
AcDbEntity
  8
0
100
AcDbLine
 10
-9.218545885969748
 20
2.993323103528759
 30
0.0
 11
-9.218545885969748
 21
2.998701890081242
 31
0.0
  0
LINE
  5
5B8
330
1F
100
AcDbEntity
  8
0
100
AcDbLine
 10
11.35624803011309
 20
-3.632019790510195
 30
0.0
 11
11.35891497497432
 21
-3.631084409370735
 31
0.0
  0
LINE
  5
5B9
330
1F
100
AcDbEntity
  8
0
 62
   250
100
AcDbLine
 10
-14.73226127357715
 20
2.058468573976486
 30
0.0
 11
-15.20173323944893
 21
3.046480608964469
 31
0.0
  0
LINE
  5
5BA
330
1F
100
AcDbEntity
  8
0
 62
   250
100
AcDbLine
 10
-4.316739330960436
 20
5.711518520521306
 30
0.0
 11
-4.786211296832261
 21
6.699530555509376
 31
0.0
  0
LINE
  5
5BB
330
1F
100
AcDbEntity
  8
0
 62
   250
100
AcDbLine
 10
-15.23690274770081
 20
2.850320330170657
 30
0.0
 11
-15.17178511906727
 21
2.983454261251874
 31
0.0
  0
LINE
  5
5BC
330
1F
100
AcDbEntity
  8
0
 62
   250
100
AcDbLine
 10
-15.17178511906727
 20
2.983454261251874
 30
0.0
 11
-15.10666749043373
 21
3.11658819233309
 31
0.0
  0
LINE
  5
5BD
330
1F
100
AcDbEntity
  8
0
 62
   250
100
AcDbLine
 10
-15.17178511906727
 20
2.983454261251874
 30
0.0
 11
-15.2818249282733
 21
2.944859851739554
 31
0.0
  0
LINE
  5
5BE
330
1F
100
AcDbEntity
  8
0
 62
   250
100
AcDbLine
 10
-4.691145547817061
 20
6.769638138877998
 30
0.0
 11
-4.756263176450598
 21
6.636504207796781
 31
0.0
  0
LINE
  5
5BF
330
1F
100
AcDbEntity
  8
0
 62
   250
100
AcDbLine
 10
-4.756263176450598
 20
6.636504207796781
 30
0.0
 11
-4.821380805084135
 21
6.503370276715565
 31
0.0
  0
LINE
  5
5C0
330
1F
100
AcDbEntity
  8
0
 62
   250
100
AcDbLine
 10
-4.756263176450598
 20
6.636504207796781
 30
0.0
 11
-4.646223367244566
 21
6.675098617309102
 31
0.0
  0
LINE
  5
5C1
330
1F
100
AcDbEntity
  8
0
 62
   250
100
AcDbLine
 10
-15.17178511906727
 20
2.983454261251872
 30
0.0
 11
-10.56490753920813
 21
4.599230598679977
 31
0.0
  0
LINE
  5
5C2
330
1F
100
AcDbEntity
  8
0
 62
   250
100
AcDbLine
 10
-9.363140756309733
 20
5.020727870368656
 30
0.0
 11
-4.756263176450599
 21
6.636504207796778
 31
0.0
  0
LINE
  5
5C3
330
1F
100
AcDbEntity
  8
0
 62
   250
100
AcDbLine
 10
-2.578355537717801
 20
-8.74430291004137
 30
0.0
 11
-1.540366101039601
 21
-10.92876999259459
 31
0.0
  0
LINE
  5
5C4
330
1F
100
AcDbEntity
  8
0
 62
   250
100
AcDbLine
 10
11.44788067833938
 20
-3.824862315361006
 30
0.0
 11
12.48587011501752
 21
-6.009329397914109
 31
0.0
  0
LINE
  5
5C5
330
1F
100
AcDbEntity
  8
0
 62
   250
100
AcDbLine
 10
-1.635431850054802
 20
-10.99887757596321
 30
0.0
 11
-1.570314221421264
 21
-10.86574364488199
 31
0.0
  0
LINE
  5
5C6
330
1F
100
AcDbEntity
  8
0
 62
   250
100
AcDbLine
 10
-1.570314221421264
 20
-10.86574364488199
 30
0.0
 11
-1.505196592787727
 21
-10.73260971380077
 31
0.0
  0
LINE
  5
5C7
330
1F
100
AcDbEntity
  8
0
 62
   250
100
AcDbLine
 10
-1.570314221421264
 20
-10.86574364488199
 30
0.0
 11
-1.680354030627296
 21
-10.90433805439431
 31
0.0
  0
LINE
  5
5C8
330
1F
100
AcDbEntity
  8
0
 62
   250
100
AcDbLine
 10
12.5210396232694
 20
-5.813169119120295
 30
0.0
 11
12.45592199463586
 21
-5.946303050201513
 31
0.0
  0
LINE
  5
5C9
330
1F
100
AcDbEntity
  8
0
 62
   250
100
AcDbLine
 10
12.45592199463586
 20
-5.946303050201513
 30
0.0
 11
12.39080436600232
 21
-6.079436981282729
 31
0.0
  0
LINE
  5
5CA
330
1F
100
AcDbEntity
  8
0
 62
   250
100
AcDbLine
 10
12.45592199463586
 20
-5.946303050201513
 30
0.0
 11
12.56596180384189
 21
-5.907708640689192
 31
0.0
  0
LINE
  5
5CB
330
1F
100
AcDbEntity
  8
0
 62
   250
100
AcDbLine
 10
-1.570314221421264
 20
-10.86574364488199
 30
0.0
 11
4.828714266774598
 21
-8.621403821536513
 31
0.0
  0
LINE
  5
5CC
330
1F
100
AcDbEntity
  8
0
 62
   250
100
AcDbLine
 10
6.056893506439995
 20
-8.19064287354699
 30
0.0
 11
12.45592199463586
 21
-5.946303050201512
 31
0.0
  0
LINE
  5
5CD
330
1F
100
AcDbEntity
  8
0
 62
   250
100
AcDbLine
 10
11.89576384207969
 20
4.422404628070893
 30
0.0
 11
13.70393480341535
 21
5.05658684861085
 31
0.0
  0
LINE
  5
5CE
330
1F
100
AcDbEntity
  8
0
 62
   250
100
AcDbLine
 10
12.53828648582002
 20
3.070204388406037
 30
0.0
 11
14.34645744715569
 21
3.704386608946
 31
0.0
  0
LINE
  5
5CF
330
1F
100
AcDbEntity
  8
0
 62
   250
100
AcDbLine
 10
13.47561294083281
 20
5.086802354325877
 30
0.0
 11
13.63057493061133
 21
5.0308572422693
 31
0.0
  0
LINE
  5
5D0
330
1F
100
AcDbEntity
  8
0
 62
   250
100
AcDbLine
 10
13.63057493061133
 20
5.0308572422693
 30
0.0
 11
13.78553692038986
 21
4.974912130212724
 31
0.0
  0
LINE
  5
5D1
330
1F
100
AcDbEntity
  8
0
 62
   250
100
AcDbLine
 10
13.63057493061133
 20
5.0308572422693
 30
0.0
 11
13.58565275003884
 21
5.125396763838197
 31
0.0
  0
LINE
  5
5D2
330
1F
100
AcDbEntity
  8
0
 62
   250
100
AcDbLine
 10
14.4280595641302
 20
3.622711890547871
 30
0.0
 11
14.27309757435168
 21
3.678657002604447
 31
0.0
  0
LINE
  5
5D3
330
1F
100
AcDbEntity
  8
0
 62
   250
100
AcDbLine
 10
14.27309757435168
 20
3.678657002604447
 30
0.0
 11
14.11813558457315
 21
3.734602114661024
 31
0.0
  0
LINE
  5
5D4
330
1F
100
AcDbEntity
  8
0
 62
   250
100
AcDbLine
 10
14.27309757435168
 20
3.678657002604447
 30
0.0
 11
14.31801975492417
 21
3.584117481035551
 31
0.0
  0
LINE
  5
5D5
330
1F
100
AcDbEntity
  8
0
 62
   250
100
AcDbLine
 10
13.63057493061133
 20
5.030857242269303
 30
0.0
 11
13.84515818148263
 21
4.579263004956344
 31
0.0
  0
LINE
  5
5D6
330
1F
100
AcDbEntity
  8
0
 62
   250
100
AcDbLine
 10
14.05851432348039
 20
4.130251239917384
 30
0.0
 11
14.27309757435167
 21
3.678657002604453
 31
0.0
  0
LINE
  5
5D7
330
1F
100
AcDbEntity
  8
0
 62
   250
100
AcDbLine
 10
11.83907066763201
 20
4.541716413923693
 30
0.0
 11
14.55510334061681
 21
5.494314187278173
 31
0.0
  0
LINE
  5
5D8
330
1F
100
AcDbEntity
  8
0
 62
   250
100
AcDbLine
 10
12.59497966026769
 20
2.950892602553272
 30
0.0
 11
15.31101233325251
 21
3.903490375907758
 31
0.0
  0
LINE
  5
5D9
330
1F
100
AcDbEntity
  8
0
 62
   250
100
AcDbLine
 10
14.32678147803426
 20
5.524529692993202
 30
0.0
 11
14.48174346781279
 21
5.468584580936626
 31
0.0
  0
LINE
  5
5DA
330
1F
100
AcDbEntity
  8
0
 62
   250
100
AcDbLine
 10
14.48174346781279
 20
5.468584580936626
 30
0.0
 11
14.63670545759132
 21
5.412639468880049
 31
0.0
  0
LINE
  5
5DB
330
1F
100
AcDbEntity
  8
0
 62
   250
100
AcDbLine
 10
14.48174346781279
 20
5.468584580936626
 30
0.0
 11
14.4368212872403
 21
5.563124102505522
 31
0.0
  0
LINE
  5
5DC
330
1F
100
AcDbEntity
  8
0
 62
   250
100
AcDbLine
 10
15.39261445022701
 20
3.821815657509632
 30
0.0
 11
15.23765246044849
 21
3.877760769566208
 31
0.0
  0
LINE
  5
5DD
330
1F
100
AcDbEntity
  8
0
 62
   250
100
AcDbLine
 10
15.23765246044849
 20
3.877760769566208
 30
0.0
 11
15.08269047066996
 21
3.933705881622784
 31
0.0
  0
LINE
  5
5DE
330
1F
100
AcDbEntity
  8
0
 62
   250
100
AcDbLine
 10
15.23765246044849
 20
3.877760769566208
 30
0.0
 11
15.28257464102098
 21
3.783221247997311
 31
0.0
  0
LINE
  5
5DF
330
1F
100
AcDbEntity
  8
0
 62
   250
100
AcDbLine
 10
14.48174346781279
 20
5.468584580936626
 30
0.0
 11
14.75301989313176
 21
4.897678557770894
 31
0.0
  0
LINE
  5
5E0
330
1F
100
AcDbEntity
  8
0
 62
   250
100
AcDbLine
 10
14.96637603512952
 20
4.44866679273193
 30
0.0
 11
15.23765246044849
 21
3.877760769566212
 31
0.0
  0
LINE
  5
5E1
330
1F
100
AcDbEntity
  8
0
 62
   250
100
AcDbLine
 10
10.09525439403967
 20
2.074160615382503
 30
0.0
 11
11.52567970803568
 21
2.575855599620309
 31
0.0
  0
LINE
  5
5E2
330
1F
100
AcDbEntity
  8
0
 62
   250
100
AcDbLine
 10
10.55901999571545
 20
-1.289477343741183
 30
0.0
 11
12.96190679404351
 21
-0.4467096419834964
 31
0.0
  0
LINE
  5
5E3
330
1F
100
AcDbEntity
  8
0
 62
   250
100
AcDbLine
 10
11.29735784545313
 20
2.606071105335341
 30
0.0
 11
11.45231983523166
 21
2.550125993278765
 31
0.0
  0
LINE
  5
5E4
330
1F
100
AcDbEntity
  8
0
 62
   250
100
AcDbLine
 10
11.45231983523166
 20
2.550125993278765
 30
0.0
 11
11.60728182501018
 21
2.494180881222189
 31
0.0
  0
LINE
  5
5E5
330
1F
100
AcDbEntity
  8
0
 62
   250
100
AcDbLine
 10
11.45231983523166
 20
2.550125993278765
 30
0.0
 11
11.40739765465916
 21
2.644665514847662
 31
0.0
  0
LINE
  5
5E6
330
1F
100
AcDbEntity
  8
0
 62
   250
100
AcDbLine
 10
13.04350891101802
 20
-0.5283843603816243
 30
0.0
 11
12.88854692123949
 21
-0.4724392483250481
 31
0.0
  0
LINE
  5
5E7
330
1F
100
AcDbEntity
  8
0
 62
   250
100
AcDbLine
 10
12.88854692123949
 20
-0.4724392483250481
 30
0.0
 11
12.73358493146097
 21
-0.4164941362684721
 31
0.0
  0
LINE
  5
5E8
330
1F
100
AcDbEntity
  8
0
 62
   250
100
AcDbLine
 10
12.88854692123949
 20
-0.4724392483250481
 30
0.0
 11
12.93346910181199
 21
-0.5669787698939447
 31
0.0
  0
LINE
  5
5E9
330
1F
100
AcDbEntity
  8
0
 62
   250
100
AcDbLine
 10
11.45231983523166
 20
2.550125993278763
 30
0.0
 11
12.06375530723669
 21
1.26334925499634
 31
0.0
  0
LINE
  5
5EA
330
1F
100
AcDbEntity
  8
0
 62
   250
100
AcDbLine
 10
12.27711144923446
 20
0.8143374899573772
 30
0.0
 11
12.88854692123949
 21
-0.4724392483250433
 31
0.0
  0
LINE
  5
5EB
330
1F
100
AcDbEntity
  8
0
 62
   250
100
AcDbLine
 10
15.21308471387151
 20
0.0714694160785352
 30
0.0
 11
15.55099304906447
 21
-0.6396646369920065
 31
0.0
  0
LINE
  5
5EC
330
1F
100
AcDbEntity
  8
0
 62
   250
100
AcDbLine
 10
10.39879901595086
 20
-1.617051448102194
 30
0.0
 11
10.73670735114384
 21
-2.328185501172775
 31
0.0
  0
LINE
  5
5ED
330
1F
100
AcDbEntity
  8
0
 62
   250
100
AcDbLine
 10
15.58616255731634
 20
-0.4435043581981944
 30
0.0
 11
15.52104492868281
 21
-0.5766382892794113
 31
0.0
  0
LINE
  5
5EE
330
1F
100
AcDbEntity
  8
0
 62
   250
100
AcDbLine
 10
15.52104492868281
 20
-0.5766382892794113
 30
0.0
 11
15.45592730004927
 21
-0.7097722203606281
 31
0.0
  0
LINE
  5
5EF
330
1F
100
AcDbEntity
  8
0
 62
   250
100
AcDbLine
 10
15.52104492868281
 20
-0.5766382892794113
 30
0.0
 11
15.63108473788884
 21
-0.5380438797670909
 31
0.0
  0
LINE
  5
5F0
330
1F
100
AcDbEntity
  8
0
 62
   250
100
AcDbLine
 10
10.64164160212864
 20
-2.398293084541399
 30
0.0
 11
10.70675923076218
 21
-2.265159153460182
 31
0.0
  0
LINE
  5
5F1
330
1F
100
AcDbEntity
  8
0
 62
   250
100
AcDbLine
 10
10.70675923076218
 20
-2.265159153460182
 30
0.0
 11
10.77187685939572
 21
-2.132025222378965
 31
0.0
  0
LINE
  5
5F2
330
1F
100
AcDbEntity
  8
0
 62
   250
100
AcDbLine
 10
10.70675923076218
 20
-2.265159153460182
 30
0.0
 11
10.59671942155615
 21
-2.303753562972502
 31
0.0
  0
LINE
  5
5F3
330
1F
100
AcDbEntity
  8
0
 62
   250
100
AcDbLine
 10
15.5210449286828
 20
-0.5766382892794089
 30
0.0
 11
13.64215121506245
 21
-1.235625195352798
 31
0.0
  0
LINE
  5
5F4
330
1F
100
AcDbEntity
  8
0
 62
   250
100
AcDbLine
 10
12.58565294438253
 20
-1.606172247386799
 30
0.0
 11
10.70675923076218
 21
-2.265159153460177
 31
0.0
  0
LINE
  5
5F5
330
1F
100
AcDbEntity
  8
0
 62
   250
100
AcDbLine
 10
12.59497966026768
 20
2.950892602553269
 30
0.0
 11
14.71750601810409
 21
3.695329111904666
 31
0.0
  0
LINE
  5
5F6
330
1F
100
AcDbEntity
  8
0
 62
   250
100
AcDbLine
 10
15.26373175836426
 20
0.1750180291416988
 30
0.0
 11
16.22932400337551
 21
0.5136814891637855
 31
0.0
  0
LINE
  5
5F7
330
1F
100
AcDbEntity
  8
0
 62
   250
100
AcDbLine
 10
14.48918415552154
 20
3.725544617619696
 30
0.0
 11
14.64414614530007
 21
3.66959950556312
 31
0.0
  0
LINE
  5
5F8
330
1F
100
AcDbEntity
  8
0
 62
   250
100
AcDbLine
 10
14.64414614530007
 20
3.66959950556312
 30
0.0
 11
14.79910813507859
 21
3.613654393506544
 31
0.0
  0
LINE
  5
5F9
330
1F
100
AcDbEntity
  8
0
 62
   250
100
AcDbLine
 10
14.64414614530007
 20
3.66959950556312
 30
0.0
 11
14.59922396472757
 21
3.764139027132017
 31
0.0
  0
LINE
  5
5FA
330
1F
100
AcDbEntity
  8
0
 62
   250
100
AcDbLine
 10
16.31092612035001
 20
0.4320067707656624
 30
0.0
 11
16.15596413057149
 21
0.4879518828222384
 31
0.0
  0
LINE
  5
5FB
330
1F
100
AcDbEntity
  8
0
 62
   250
100
AcDbLine
 10
16.15596413057149
 20
0.4879518828222384
 30
0.0
 11
16.00100214079296
 21
0.5438969948788145
 31
0.0
  0
LINE
  5
5FC
330
1F
100
AcDbEntity
  8
0
 62
   250
100
AcDbLine
 10
16.15596413057149
 20
0.4879518828222384
 30
0.0
 11
16.20088631114398
 21
0.3934123612533419
 31
0.0
  0
LINE
  5
5FD
330
1F
100
AcDbEntity
  8
0
 62
   250
100
AcDbLine
 10
14.64414614530007
 20
3.669599505563119
 30
0.0
 11
15.29337706693689
 21
2.303281576712155
 31
0.0
  0
LINE
  5
5FE
330
1F
100
AcDbEntity
  8
0
 62
   250
100
AcDbLine
 10
15.50673320893467
 20
1.854269811673191
 30
0.0
 11
16.15596413057149
 21
0.4879518828222388
 31
0.0
  0
LINE
  5
5FF
330
1F
100
AcDbEntity
  8
0
 62
   250
100
AcDbLine
 10
8.713164596634861
 20
1.930395926698164
 30
0.0
 11
7.447993850376662
 21
4.592970083382132
 31
0.0
  0
LINE
  5
600
330
1F
100
AcDbEntity
  8
0
 62
   250
100
AcDbLine
 10
10.10320006207744
 20
2.301928376328965
 30
0.0
 11
8.790785003779504
 21
5.063929021223598
 31
0.0
  0
LINE
  5
601
330
1F
100
AcDbEntity
  8
0
 62
   250
100
AcDbLine
 10
7.412824342124789
 20
4.396809804588321
 30
0.0
 11
7.477941970758326
 21
4.529943735669538
 31
0.0
  0
LINE
  5
602
330
1F
100
AcDbEntity
  8
0
 62
   250
100
AcDbLine
 10
7.477941970758348
 20
4.529943735669582
 30
0.0
 11
7.543059599391864
 21
4.663077666750755
 31
0.0
  0
LINE
  5
603
330
1F
100
AcDbEntity
  8
0
 62
   250
100
AcDbLine
 10
7.477941970758326
 20
4.529943735669538
 30
0.0
 11
7.367902161552294
 21
4.491349326157218
 31
0.0
  0
LINE
  5
604
330
1F
100
AcDbEntity
  8
0
 62
   250
100
AcDbLine
 10
8.885850752794703
 20
5.134036604592222
 30
0.0
 11
8.820733124161166
 21
5.000902673511005
 31
0.0
  0
LINE
  5
605
330
1F
100
AcDbEntity
  8
0
 62
   250
100
AcDbLine
 10
8.820733124161166
 20
5.000902673511005
 30
0.0
 11
8.755615495527628
 21
4.867768742429789
 31
0.0
  0
LINE
  5
606
330
1F
100
AcDbEntity
  8
0
 62
   250
100
AcDbLine
 10
8.820733124161166
 20
5.000902673511005
 30
0.0
 11
8.930772933367196
 21
5.039497083023326
 31
0.0
  0
LINE
  5
607
330
1F
100
AcDbEntity
  8
0
 62
   250
100
AcDbLine
 10
7.477941970758364
 20
4.529943735669548
 30
0.0
 11
7.621088412119795
 21
4.580149678573264
 31
0.0
  0
LINE
  5
608
330
1F
100
AcDbEntity
  8
0
 62
   250
100
AcDbLine
 10
8.677586682799705
 20
4.950696730607264
 30
0.0
 11
8.820733124161167
 21
5.000902673511
 31
0.0
  0
LINE
  5
609
330
1F
100
AcDbEntity
  8
0
 62
   250
100
AcDbLine
 10
8.89832943117028
 20
1.99533903685897
 30
0.0
 11
8.782279311130855
 21
2.239568561933671
 31
0.0
  0
LINE
  5
60A
330
1F
100
AcDbEntity
  8
0
 62
   250
100
AcDbLine
 10
9.918035227542026
 20
2.236985266168183
 30
0.0
 11
9.75474079546287
 21
2.580641279453536
 31
0.0
  0
LINE
  5
60B
330
1F
100
AcDbEntity
  8
0
 62
   250
100
AcDbLine
 10
8.747109802878983
 20
2.043408283139859
 30
0.0
 11
8.81222743151252
 21
2.176542214221075
 31
0.0
  0
LINE
  5
60C
330
1F
100
AcDbEntity
  8
0
 62
   250
100
AcDbLine
 10
8.81222743151252
 20
2.176542214221075
 30
0.0
 11
8.877345060146059
 21
2.309676145302292
 31
0.0
  0
LINE
  5
60D
330
1F
100
AcDbEntity
  8
0
 62
   250
100
AcDbLine
 10
8.81222743151252
 20
2.176542214221075
 30
0.0
 11
8.70218762230649
 21
2.137947804708755
 31
0.0
  0
LINE
  5
60E
330
1F
100
AcDbEntity
  8
0
 62
   250
100
AcDbLine
 10
9.84980654447807
 20
2.65074886282216
 30
0.0
 11
9.784688915844534
 21
2.517614931740943
 31
0.0
  0
LINE
  5
60F
330
1F
100
AcDbEntity
  8
0
 62
   250
100
AcDbLine
 10
9.784688915844534
 20
2.517614931740943
 30
0.0
 11
9.719571287210997
 21
2.384481000659726
 31
0.0
  0
LINE
  5
610
330
1F
100
AcDbEntity
  8
0
 62
   250
100
AcDbLine
 10
9.784688915844534
 20
2.517614931740943
 30
0.0
 11
9.894728725050566
 21
2.556209341253263
 31
0.0
  0
LINE
  5
611
330
1F
100
AcDbEntity
  8
0
 62
   250
100
AcDbLine
 10
8.60124246431746
 20
-2.039350364613115
 30
0.0
 11
9.314673604353143
 21
-3.540778785757559
 31
0.0
  0
LINE
  5
612
330
1F
100
AcDbEntity
  8
0
 62
   250
100
AcDbLine
 10
10.39879901595086
 20
-1.617051443347393
 30
0.0
 11
11.0274483294645
 21
-2.94005501478544
 31
0.0
  0
LINE
  5
613
330
1F
100
AcDbEntity
  8
0
 62
   250
100
AcDbLine
 10
9.21960785533794
 20
-3.610886369126177
 30
0.0
 11
9.28472548397148
 21
-3.47775243804496
 31
0.0
  0
LINE
  5
614
330
1F
100
AcDbEntity
  8
0
 62
   250
100
AcDbLine
 10
9.28472548397148
 20
-3.47775243804496
 30
0.0
 11
9.349843112605017
 21
-3.344618506963743
 31
0.0
  0
LINE
  5
615
330
1F
100
AcDbEntity
  8
0
 62
   250
100
AcDbLine
 10
9.28472548397148
 20
-3.47775243804496
 30
0.0
 11
9.174685674765447
 21
-3.51634684755728
 31
0.0
  0
LINE
  5
616
330
1F
100
AcDbEntity
  8
0
 62
   250
100
AcDbLine
 10
11.06261783771638
 20
-2.743894735991627
 30
0.0
 11
10.99750020908284
 21
-2.877028667072844
 31
0.0
  0
LINE
  5
617
330
1F
100
AcDbEntity
  8
0
 62
   250
100
AcDbLine
 10
10.99750020908284
 20
-2.877028667072844
 30
0.0
 11
10.9323825804493
 21
-3.01016259815406
 31
0.0
  0
LINE
  5
618
330
1F
100
AcDbEntity
  8
0
 62
   250
100
AcDbLine
 10
10.99750020908284
 20
-2.877028667072844
 30
0.0
 11
11.10754001828887
 21
-2.838434257560523
 31
0.0
  0
LINE
  5
619
330
1F
100
AcDbEntity
  8
0
 62
   250
100
AcDbLine
 10
9.28472548397148
 20
-3.477752438044961
 30
0.0
 11
9.612863711187206
 21
-3.362664078575907
 31
0.0
  0
LINE
  5
61A
330
1F
100
AcDbEntity
  8
0
 62
   250
100
AcDbLine
 10
10.66936198186712
 20
-2.992117026541909
 30
0.0
 11
10.99750020908284
 21
-2.877028667072842
 31
0.0
  0
LINE
  5
61B
330
1F
100
AcDbEntity
  8
0
 62
   250
100
AcDbLine
 10
8.662517552142111
 20
1.826847313634996
 30
0.0
 11
6.131637967873538
 21
0.9391885308144392
 31
0.0
  0
LINE
  5
61C
330
1F
100
AcDbEntity
  8
0
 62
   250
100
AcDbLine
 10
8.11448353248125
 20
2.98019457687856
 30
0.0
 11
5.583603948212654
 21
2.092535794057996
 31
0.0
  0
LINE
  5
61D
330
1F
100
AcDbEntity
  8
0
 62
   250
100
AcDbLine
 10
6.359959830456085
 20
0.9089730250994119
 30
0.0
 11
6.204997840677559
 21
0.9649181371559881
 31
0.0
  0
LINE
  5
61E
330
1F
100
AcDbEntity
  8
0
 62
   250
100
AcDbLine
 10
6.204997840677559
 20
0.9649181371559881
 30
0.0
 11
6.050035850899033
 21
1.020863249212564
 31
0.0
  0
LINE
  5
61F
330
1F
100
AcDbEntity
  8
0
 62
   250
100
AcDbLine
 10
6.204997840677559
 20
0.9649181371559881
 30
0.0
 11
6.249920021250053
 21
0.8703786155870917
 31
0.0
  0
LINE
  5
620
330
1F
100
AcDbEntity
  8
0
 62
   250
100
AcDbLine
 10
5.502001831238148
 20
2.17421051245612
 30
0.0
 11
5.517683604859228
 21
2.168549004213157
 31
0.0
  0
LINE
  5
621
330
1F
100
AcDbEntity
  8
0
 62
   250
100
AcDbLine
 10
5.655714995888838
 20
2.118716257166521
 30
0.0
 11
5.656963821016673
 21
2.118265400399544
 31
0.0
  0
LINE
  5
622
330
1F
100
AcDbEntity
  8
0
 62
   250
100
AcDbLine
 10
5.656963821016673
 20
2.118265400399544
 30
0.0
 11
5.811925810795199
 21
2.062320288342968
 31
0.0
  0
LINE
  5
623
330
1F
100
AcDbEntity
  8
0
 62
   250
100
AcDbLine
 10
5.656963821016673
 20
2.118265400399544
 30
0.0
 11
5.65660179709083
 21
2.119027286138606
 31
0.0
  0
LINE
  5
624
330
1F
100
AcDbEntity
  8
0
 62
   250
100
AcDbLine
 10
5.61658765503337
 20
2.203237754060958
 30
0.0
 11
5.612041640444179
 21
2.212804921968441
 31
0.0
  0
LINE
  5
625
330
1F
100
AcDbEntity
  8
0
 62
   250
100
AcDbLine
 10
6.204997840677559
 20
0.964918137155986
 30
0.0
 11
6.037658901846004
 21
1.31708588625828
 31
0.0
  0
LINE
  5
626
330
1F
100
AcDbEntity
  8
0
 62
   250
100
AcDbLine
 10
5.824302759848233
 20
1.766097651297238
 30
0.0
 11
5.656963821016675
 21
2.118265400399542
 31
0.0
  0
LINE
  5
627
330
1F
100
AcDbEntity
  8
0
 62
   250
100
AcDbLine
 10
-5.280730186390381
 20
-3.057107784392073
 30
0.0
 11
-4.44397642354819
 21
-4.818070840992027
 31
0.0
  0
LINE
  5
628
330
1F
100
AcDbEntity
  8
0
 62
   250
100
AcDbLine
 10
-7.641581826716836
 20
-3.885132438942235
 30
0.0
 11
-6.804828063874636
 21
-5.646095495542206
 31
0.0
  0
LINE
  5
629
330
1F
100
AcDbEntity
  8
0
 62
   250
100
AcDbLine
 10
-4.408806915296315
 20
-4.621910562198212
 30
0.0
 11
-4.473924543929853
 21
-4.755044493279429
 31
0.0
  0
LINE
  5
62A
330
1F
100
AcDbEntity
  8
0
 62
   250
100
AcDbLine
 10
-4.473924543929853
 20
-4.755044493279429
 30
0.0
 11
-4.53904217256339
 21
-4.888178424360646
 31
0.0
  0
LINE
  5
62B
330
1F
100
AcDbEntity
  8
0
 62
   250
100
AcDbLine
 10
-4.473924543929853
 20
-4.755044493279429
 30
0.0
 11
-4.363884734723821
 21
-4.716450083767109
 31
0.0
  0
LINE
  5
62C
330
1F
100
AcDbEntity
  8
0
 62
   250
100
AcDbLine
 10
-6.899893812889837
 20
-5.716203078910826
 30
0.0
 11
-6.834776184256299
 21
-5.58306914782961
 31
0.0
  0
LINE
  5
62D
330
1F
100
AcDbEntity
  8
0
 62
   250
100
AcDbLine
 10
-6.834776184256299
 20
-5.58306914782961
 30
0.0
 11
-6.769658555622762
 21
-5.449935216748393
 31
0.0
  0
LINE
  5
62E
330
1F
100
AcDbEntity
  8
0
 62
   250
100
AcDbLine
 10
-6.834776184256299
 20
-5.58306914782961
 30
0.0
 11
-6.94481599346233
 21
-5.62166355734193
 31
0.0
  0
LINE
  5
62F
330
1F
100
AcDbEntity
  8
0
 62
   250
100
AcDbLine
 10
-4.473924543929853
 20
-4.755044493279429
 30
0.0
 11
-5.126101228753118
 21
-4.98378329453752
 31
0.0
  0
LINE
  5
630
330
1F
100
AcDbEntity
  8
0
 62
   250
100
AcDbLine
 10
-6.182599499433028
 20
-5.354330346571521
 30
0.0
 11
-6.834776184256299
 21
-5.583069147829608
 31
0.0
  0
LINE
  5
631
330
1F
100
AcDbEntity
  8
0
 62
   250
100
AcDbLine
 10
-5.790968756568312
 20
-1.983301711396523
 30
0.0
 11
-5.706583902792519
 21
-2.160891124954723
 31
0.0
  0
LINE
  5
632
330
1F
100
AcDbEntity
  8
0
 62
   250
100
AcDbLine
 10
-6.763084139508331
 20
-2.32425303634627
 30
0.0
 11
-6.678699284117291
 21
-2.501842453303784
 31
0.0
  0
LINE
  5
633
330
1F
100
AcDbEntity
  8
0
 62
   250
100
AcDbLine
 10
-5.671414394540643
 20
-1.964730846160909
 30
0.0
 11
-5.736532023174181
 21
-2.097864777242126
 31
0.0
  0
LINE
  5
634
330
1F
100
AcDbEntity
  8
0
 62
   250
100
AcDbLine
 10
-5.736532023174181
 20
-2.097864777242126
 30
0.0
 11
-5.801649651807718
 21
-2.230998708323343
 31
0.0
  0
LINE
  5
635
330
1F
100
AcDbEntity
  8
0
 62
   250
100
AcDbLine
 10
-5.736532023174181
 20
-2.097864777242126
 30
0.0
 11
-5.62649221396815
 21
-2.059270367729806
 31
0.0
  0
LINE
  5
636
330
1F
100
AcDbEntity
  8
0
 62
   250
100
AcDbLine
 10
-6.773765033132491
 20
-2.571950036672404
 30
0.0
 11
-6.708647404498953
 21
-2.438816105591187
 31
0.0
  0
LINE
  5
637
330
1F
100
AcDbEntity
  8
0
 62
   250
100
AcDbLine
 10
-6.708647404498953
 20
-2.438816105591187
 30
0.0
 11
-6.643529775865415
 21
-2.30568217450997
 31
0.0
  0
LINE
  5
638
330
1F
100
AcDbEntity
  8
0
 62
   250
100
AcDbLine
 10
-6.708647404498953
 20
-2.438816105591187
 30
0.0
 11
-6.818687213704985
 21
-2.477410515103507
 31
0.0
  0
LINE
  5
639
330
1F
100
AcDbEntity
  8
0
 62
   250
100
AcDbLine
 10
-6.901957763963878
 20
-2.372960372331364
 30
0.0
 11
-6.606160798170824
 21
-2.995470305536369
 31
0.0
  0
LINE
  5
63A
330
1F
100
AcDbEntity
  8
0
 62
   250
100
AcDbLine
 10
-8.069639945132996
 20
-2.643307248119434
 30
0.0
 11
-7.717149805237757
 21
-3.385128966450123
 31
0.0
  0
LINE
  5
63B
330
1F
100
AcDbEntity
  8
0
 62
   250
100
AcDbLine
 10
-6.570991289918949
 20
-2.799310026742555
 30
0.0
 11
-6.636108918552487
 21
-2.932443957823772
 31
0.0
  0
LINE
  5
63C
330
1F
100
AcDbEntity
  8
0
 62
   250
100
AcDbLine
 10
-6.636108918552487
 20
-2.932443957823772
 30
0.0
 11
-6.701226547186024
 21
-3.065577888904989
 31
0.0
  0
LINE
  5
63D
330
1F
100
AcDbEntity
  8
0
 62
   250
100
AcDbLine
 10
-6.636108918552487
 20
-2.932443957823772
 30
0.0
 11
-6.526069109346455
 21
-2.893849548311452
 31
0.0
  0
LINE
  5
63E
330
1F
100
AcDbEntity
  8
0
 62
   250
100
AcDbLine
 10
-7.812215554252957
 20
-3.455236549818745
 30
0.0
 11
-7.747097925619419
 21
-3.322102618737528
 31
0.0
  0
LINE
  5
63F
330
1F
100
AcDbEntity
  8
0
 62
   250
100
AcDbLine
 10
-7.747097925619419
 20
-3.322102618737528
 30
0.0
 11
-7.681980296985882
 21
-3.188968687656311
 31
0.0
  0
LINE
  5
640
330
1F
100
AcDbEntity
  8
0
 62
   250
100
AcDbLine
 10
-7.747097925619419
 20
-3.322102618737528
 30
0.0
 11
-7.857137734825451
 21
-3.360697028249848
 31
0.0
  0
LINE
  5
641
330
1F
100
AcDbEntity
  8
0
 62
   250
100
AcDbLine
 10
-6.636108918552487
 20
-2.932443957823772
 30
0.0
 11
-6.663354286745999
 21
-2.941999762263656
 31
0.0
  0
LINE
  5
642
330
1F
100
AcDbEntity
  8
0
 62
   250
100
AcDbLine
 10
-7.719852557425908
 20
-3.312546814297654
 30
0.0
 11
-7.747097925619419
 21
-3.322102618737526
 31
0.0
  0
LINE
  5
643
330
1F
100
AcDbEntity
  8
0
 62
   250
100
AcDbLine
 10
-5.101611481809896
 20
-2.769304526939867
 30
0.0
 11
-3.275520442459438
 21
-2.128837173461329
 31
0.0
  0
LINE
  5
644
330
1F
100
AcDbEntity
  8
0
 62
   250
100
AcDbLine
 10
-5.740321712075559
 20
-1.879753349965161
 30
0.0
 11
-3.729065838189705
 21
-1.174342886325829
 31
0.0
  0
LINE
  5
645
330
1F
100
AcDbEntity
  8
0
 62
   250
100
AcDbLine
 10
-3.193918325484934
 20
-2.210511891859448
 30
0.0
 11
-3.34888031526346
 21
-2.154566779802872
 31
0.0
  0
LINE
  5
646
330
1F
100
AcDbEntity
  8
0
 62
   250
100
AcDbLine
 10
-3.34888031526346
 20
-2.154566779802872
 30
0.0
 11
-3.503842305041986
 21
-2.098621667746297
 31
0.0
  0
LINE
  5
647
330
1F
100
AcDbEntity
  8
0
 62
   250
100
AcDbLine
 10
-3.34888031526346
 20
-2.154566779802872
 30
0.0
 11
-3.303958134690966
 21
-2.249106301371769
 31
0.0
  0
LINE
  5
648
330
1F
100
AcDbEntity
  8
0
 62
   250
100
AcDbLine
 10
-3.957387700772252
 20
-1.144127380610796
 30
0.0
 11
-3.802426064289322
 21
-1.200072365118922
 31
0.0
  0
LINE
  5
649
330
1F
100
AcDbEntity
  8
0
 62
   250
100
AcDbLine
 10
-3.802425710993727
 20
-1.200072492667372
 30
0.0
 11
-3.647463721215201
 21
-1.256017604723949
 31
0.0
  0
LINE
  5
64A
330
1F
100
AcDbEntity
  8
0
 62
   250
100
AcDbLine
 10
-3.802425813411155
 20
-1.200072277128087
 30
0.0
 11
-3.847347891566221
 21
-1.105532971098476
 31
0.0
  0
LINE
  5
64B
330
1F
100
AcDbEntity
  8
0
 62
   250
100
AcDbLine
 10
-3.348880315263459
 20
-2.154566779802876
 30
0.0
 11
-3.468974942129705
 21
-1.901825518754615
 31
0.0
  0
LINE
  5
64C
330
1F
100
AcDbEntity
  8
0
 62
   250
100
AcDbLine
 10
-3.682331084127473
 20
-1.452813753715653
 30
0.0
 11
-3.802425710993725
 21
-1.200072492667375
 31
0.0
  0
LINE
  5
64D
330
1F
100
AcDbEntity
  8
0
 62
   250
100
AcDbLine
 10
-6.391719193602831
 20
-3.446766697395065
 30
0.0
 11
-6.002712638939633
 21
-4.265437854857566
 31
0.0
  0
LINE
  5
64E
330
1F
100
AcDbEntity
  8
0
 62
   250
100
AcDbLine
 10
-7.502708203575644
 20
-3.836425352642273
 30
0.0
 11
-7.113701646189411
 21
-4.65509651583545
 31
0.0
  0
LINE
  5
64F
330
1F
100
AcDbEntity
  8
0
 62
   250
100
AcDbLine
 10
-5.967543130687759
 20
-4.069277576063751
 30
0.0
 11
-6.032660759321296
 21
-4.202411507144967
 31
0.0
  0
LINE
  5
650
330
1F
100
AcDbEntity
  8
0
 62
   250
100
AcDbLine
 10
-6.032660759321296
 20
-4.202411507144967
 30
0.0
 11
-6.097778387954834
 21
-4.335545438226184
 31
0.0
  0
LINE
  5
651
330
1F
100
AcDbEntity
  8
0
 62
   250
100
AcDbLine
 10
-6.032660759321296
 20
-4.202411507144967
 30
0.0
 11
-5.922620950115265
 21
-4.163817097632648
 31
0.0
  0
LINE
  5
652
330
1F
100
AcDbEntity
  8
0
 62
   250
100
AcDbLine
 10
-7.20876739520461
 20
-4.725204099204069
 30
0.0
 11
-7.143649766571072
 21
-4.592070168122852
 31
0.0
  0
LINE
  5
653
330
1F
100
AcDbEntity
  8
0
 62
   250
100
AcDbLine
 10
-7.143649766571072
 20
-4.592070168122852
 30
0.0
 11
-7.078532137937535
 21
-4.458936237041636
 31
0.0
  0
LINE
  5
654
330
1F
100
AcDbEntity
  8
0
 62
   250
100
AcDbLine
 10
-7.143649766571072
 20
-4.592070168122852
 30
0.0
 11
-7.253689575777105
 21
-4.630664577635172
 31
0.0
  0
LINE
  5
655
330
1F
100
AcDbEntity
  8
0
 62
   250
100
AcDbLine
 10
-6.032660759321296
 20
-4.202411507144969
 30
0.0
 11
-6.059906127606225
 21
-4.211967311616917
 31
0.0
  0
LINE
  5
656
330
1F
100
AcDbEntity
  8
0
 62
   250
100
AcDbLine
 10
-7.116404398286136
 20
-4.582514363650913
 30
0.0
 11
-7.143649766571074
 21
-4.592070168122852
 31
0.0
  0
LINE
  5
657
330
1F
100
AcDbEntity
  8
0
 62
   250
100
AcDbLine
 10
-2.644907255743913
 20
-7.939481662269236
 30
0.0
 11
-1.167271212689337
 21
-7.421228395862381
 31
0.0
  0
LINE
  5
658
330
1F
100
AcDbEntity
  8
0
 62
   250
100
AcDbLine
 10
-2.399236833137317
 20
-8.456499400964622
 30
0.0
 11
-0.9216007900827347
 21
-7.938246134557765
 31
0.0
  0
LINE
  5
659
330
1F
100
AcDbEntity
  8
0
 62
   250
100
AcDbLine
 10
-1.395593075271884
 20
-7.391012890147352
 30
0.0
 11
-1.240631085493358
 21
-7.446958002203929
 31
0.0
  0
LINE
  5
65A
330
1F
100
AcDbEntity
  8
0
 62
   250
100
AcDbLine
 10
-1.240631085493358
 20
-7.446958002203929
 30
0.0
 11
-1.085669095714832
 21
-7.502903114260505
 31
0.0
  0
LINE
  5
65B
330
1F
100
AcDbEntity
  8
0
 62
   250
100
AcDbLine
 10
-1.240631085493358
 20
-7.446958002203929
 30
0.0
 11
-1.285553266065853
 21
-7.352418480635032
 31
0.0
  0
LINE
  5
65C
330
1F
100
AcDbEntity
  8
0
 62
   250
100
AcDbLine
 10
-0.8399986731082294
 20
-8.01992085295589
 30
0.0
 11
-0.9949606628867556
 21
-7.963975740899313
 31
0.0
  0
LINE
  5
65D
330
1F
100
AcDbEntity
  8
0
 62
   250
100
AcDbLine
 10
-0.9949606628867556
 20
-7.963975740899313
 30
0.0
 11
-1.149922652665282
 21
-7.908030628842736
 31
0.0
  0
LINE
  5
65E
330
1F
100
AcDbEntity
  8
0
 62
   250
100
AcDbLine
 10
-0.9949606628867556
 20
-7.963975740899313
 30
0.0
 11
-0.9500384823142611
 21
-8.058515262468209
 31
0.0
  0
LINE
  5
65F
330
1F
100
AcDbEntity
  8
0
 62
   250
100
AcDbLine
 10
-1.240631085493358
 20
-7.446958002203927
 30
0.0
 11
-1.224473945188939
 21
-7.480960989032143
 31
0.0
  0
LINE
  5
660
330
1F
100
AcDbEntity
  8
0
 62
   250
100
AcDbLine
 10
-1.01111780319117
 20
-7.929972754071104
 30
0.0
 11
-0.9949606628867558
 21
-7.963975740899313
 31
0.0
  0
LINE
  5
661
330
1F
100
AcDbEntity
  8
0
 62
   250
100
AcDbLine
 10
-8.41047873996222
 20
-10.7890766907176
 30
0.0
 11
-7.961147116317226
 21
-11.73470302015681
 31
0.0
  0
LINE
  5
662
330
1F
100
AcDbEntity
  8
0
 62
   250
100
AcDbLine
 10
-2.578648866542325
 20
-8.743671196424811
 30
0.0
 11
-2.129317242897342
 21
-9.689297525864
 31
0.0
  0
LINE
  5
663
330
1F
100
AcDbEntity
  8
0
 62
   250
100
AcDbLine
 10
-8.056212865332427
 20
-11.80481060352543
 30
0.0
 11
-7.991095236698889
 21
-11.67167667244422
 31
0.0
  0
LINE
  5
664
330
1F
100
AcDbEntity
  8
0
 62
   250
100
AcDbLine
 10
-7.991095236698889
 20
-11.67167667244422
 30
0.0
 11
-7.925977608065351
 21
-11.538542741363
 31
0.0
  0
LINE
  5
665
330
1F
100
AcDbEntity
  8
0
 62
   250
100
AcDbLine
 10
-7.991095236698889
 20
-11.67167667244422
 30
0.0
 11
-8.10113504590492
 21
-11.71027108195654
 31
0.0
  0
LINE
  5
666
330
1F
100
AcDbEntity
  8
0
 62
   250
100
AcDbLine
 10
-2.094147734645468
 20
-9.493137247070186
 30
0.0
 11
-2.159265363279005
 21
-9.626271178151402
 31
0.0
  0
LINE
  5
667
330
1F
100
AcDbEntity
  8
0
 62
   250
100
AcDbLine
 10
-2.159265363279005
 20
-9.626271178151402
 30
0.0
 11
-2.224382991912543
 21
-9.759405109232619
 31
0.0
  0
LINE
  5
668
330
1F
100
AcDbEntity
  8
0
 62
   250
100
AcDbLine
 10
-2.159265363279005
 20
-9.626271178151402
 30
0.0
 11
-2.049225554072973
 21
-9.587676768639081
 31
0.0
  0
LINE
  5
669
330
1F
100
AcDbEntity
  8
0
 62
   250
100
AcDbLine
 10
-7.991095236698889
 20
-11.67167667244421
 30
0.0
 11
-5.603429435328904
 21
-10.83424745131481
 31
0.0
  0
LINE
  5
66A
330
1F
100
AcDbEntity
  8
0
 62
   250
100
AcDbLine
 10
-4.54693116464899
 20
-10.46370039928081
 30
0.0
 11
-2.159265363279005
 21
-9.6262711781514
 31
0.0
  0
LINE
  5
66B
330
1F
100
AcDbEntity
  8
0
 62
   250
100
AcDbLine
 10
-11.74418703633478
 20
-3.985496816849246
 30
0.0
 11
-13.36738070085637
 21
-4.554801702584329
 31
0.0
  0
LINE
  5
66C
330
1F
100
AcDbEntity
  8
0
 62
   250
100
AcDbLine
 10
-8.531573817633124
 20
-10.74649801517358
 30
0.0
 11
-10.15476748215463
 21
-11.31580290090863
 31
0.0
  0
LINE
  5
66D
330
1F
100
AcDbEntity
  8
0
 62
   250
100
AcDbLine
 10
-13.44898281783088
 20
-4.473126984186203
 30
0.0
 11
-13.29402082805235
 21
-4.529072096242779
 31
0.0
  0
LINE
  5
66E
330
1F
100
AcDbEntity
  8
0
 62
   250
100
AcDbLine
 10
-13.29402082805235
 20
-4.529072096242779
 30
0.0
 11
-13.13905883827382
 21
-4.585017208299356
 31
0.0
  0
LINE
  5
66F
330
1F
100
AcDbEntity
  8
0
 62
   250
100
AcDbLine
 10
-13.29402082805235
 20
-4.529072096242779
 30
0.0
 11
-13.33894300862484
 21
-4.434532574673883
 31
0.0
  0
LINE
  5
670
330
1F
100
AcDbEntity
  8
0
 62
   250
100
AcDbLine
 10
-9.926445619572084
 20
-11.34601840662366
 30
0.0
 11
-10.08140760935061
 21
-11.29007329456708
 31
0.0
  0
LINE
  5
671
330
1F
100
AcDbEntity
  8
0
 62
   250
100
AcDbLine
 10
-10.08140760935061
 20
-11.29007329456708
 30
0.0
 11
-10.23636959912914
 21
-11.23412818251051
 31
0.0
  0
LINE
  5
672
330
1F
100
AcDbEntity
  8
0
 62
   250
100
AcDbLine
 10
-10.08140760935061
 20
-11.29007329456708
 30
0.0
 11
-10.03648542877811
 21
-11.38461281613598
 31
0.0
  0
LINE
  5
673
330
1F
100
AcDbEntity
  8
0
 62
   250
100
AcDbLine
 10
-13.29402082805235
 20
-4.529072096242782
 30
0.0
 11
-11.79439228970036
 21
-7.68506681288545
 31
0.0
  0
LINE
  5
674
330
1F
100
AcDbEntity
  8
0
 62
   250
100
AcDbLine
 10
-11.58103614770259
 20
-8.134078577924413
 30
0.0
 11
-10.08140760935061
 21
-11.29007329456708
 31
0.0
  0
LINE
  5
675
330
1F
100
AcDbEntity
  8
0
 62
   250
100
AcDbLine
 10
-11.80088021078246
 20
-3.866185030996464
 30
0.0
 11
-13.47078511625764
 21
-4.451873012769237
 31
0.0
  0
LINE
  5
676
330
1F
100
AcDbEntity
  8
0
 62
   250
100
AcDbLine
 10
-13.35049364568562
 20
-0.6049962176870851
 30
0.0
 11
-15.02039855116083
 21
-1.19068419945987
 31
0.0
  0
LINE
  5
677
330
1F
100
AcDbEntity
  8
0
 62
   250
100
AcDbLine
 10
-13.24246325367509
 20
-4.482088518484265
 30
0.0
 11
-13.39742524345362
 21
-4.426143406427689
 31
0.0
  0
LINE
  5
678
330
1F
100
AcDbEntity
  8
0
 62
   250
100
AcDbLine
 10
-13.39742524345362
 20
-4.426143406427689
 30
0.0
 11
-13.55238723323214
 21
-4.370198294371113
 31
0.0
  0
LINE
  5
679
330
1F
100
AcDbEntity
  8
0
 62
   250
100
AcDbLine
 10
-13.39742524345362
 20
-4.426143406427689
 30
0.0
 11
-13.35250306288112
 21
-4.520682927996585
 31
0.0
  0
LINE
  5
67A
330
1F
100
AcDbEntity
  8
0
 62
   250
100
AcDbLine
 10
-15.10200066813534
 20
-1.109009481061746
 30
0.0
 11
-14.94703867835681
 21
-1.164954593118323
 31
0.0
  0
LINE
  5
67B
330
1F
100
AcDbEntity
  8
0
 62
   250
100
AcDbLine
 10
-14.94703867835681
 20
-1.164954593118323
 30
0.0
 11
-14.79207668857828
 21
-1.220899705174899
 31
0.0
  0
LINE
  5
67C
330
1F
100
AcDbEntity
  8
0
 62
   250
100
AcDbLine
 10
-14.94703867835681
 20
-1.164954593118323
 30
0.0
 11
-14.9919608589293
 21
-1.070415071549426
 31
0.0
  0
LINE
  5
67D
330
1F
100
AcDbEntity
  8
0
 62
   250
100
AcDbLine
 10
-13.39742524345362
 20
-4.42614340642769
 30
0.0
 11
-14.06555388990633
 21
-3.020054882292488
 31
0.0
  0
LINE
  5
67E
330
1F
100
AcDbEntity
  8
0
 62
   250
100
AcDbLine
 10
-14.2789100319041
 20
-2.571043117253521
 30
0.0
 11
-14.94703867835681
 21
-1.164954593118323
 31
0.0
  0
LINE
  5
67F
330
1F
100
AcDbEntity
  8
0
 62
   250
100
AcDbLine
 10
-13.42608454494918
 20
-0.4459138365500432
 30
0.0
 11
-14.74049555935522
 21
-0.9069189702695093
 31
0.0
  0
LINE
  5
680
330
1F
100
AcDbEntity
  8
0
 62
   250
100
AcDbLine
 10
-14.52215258427092
 20
1.86078068993707
 30
0.0
 11
-15.83656359867699
 21
1.399775556217595
 31
0.0
  0
LINE
  5
681
330
1F
100
AcDbEntity
  8
0
 62
   250
100
AcDbLine
 10
-14.51217369677267
 20
-0.9371344759845408
 30
0.0
 11
-14.6671356865512
 21
-0.8811893639279645
 31
0.0
  0
LINE
  5
682
330
1F
100
AcDbEntity
  8
0
 62
   250
100
AcDbLine
 10
-14.6671356865512
 20
-0.8811893639279645
 30
0.0
 11
-14.82209767632973
 21
-0.8252442518713884
 31
0.0
  0
LINE
  5
683
330
1F
100
AcDbEntity
  8
0
 62
   250
100
AcDbLine
 10
-14.6671356865512
 20
-0.8811893639279645
 30
0.0
 11
-14.62221350597871
 21
-0.975728885496861
 31
0.0
  0
LINE
  5
684
330
1F
100
AcDbEntity
  8
0
 62
   250
100
AcDbLine
 10
-15.9181657156515
 20
1.481450274615724
 30
0.0
 11
-15.76320372587297
 21
1.425505162559148
 31
0.0
  0
LINE
  5
685
330
1F
100
AcDbEntity
  8
0
 62
   250
100
AcDbLine
 10
-15.76320372587297
 20
1.425505162559148
 30
0.0
 11
-15.60824173609444
 21
1.369560050502572
 31
0.0
  0
LINE
  5
686
330
1F
100
AcDbEntity
  8
0
 62
   250
100
AcDbLine
 10
-15.76320372587297
 20
1.425505162559148
 30
0.0
 11
-15.80812590644546
 21
1.520044684128044
 31
0.0
  0
LINE
  5
687
330
1F
100
AcDbEntity
  8
0
 62
   250
100
AcDbLine
 10
-14.6671356865512
 20
-0.8811893639279624
 30
0.0
 11
-15.1084916352132
 21
0.0476520167961079
 31
0.0
  0
LINE
  5
688
330
1F
100
AcDbEntity
  8
0
 62
   250
100
AcDbLine
 10
-15.32184777721097
 20
0.4966637818350709
 30
0.0
 11
-15.76320372587297
 21
1.425505162559142
 31
0.0
  0
LINE
  5
689
330
1F
100
AcDbEntity
  8
0
 62
   250
100
AcDbLine
 10
-8.50826437298274
 20
1.007540226480343
 30
0.0
 11
-7.664542157846049
 21
-0.7680880609165582
 31
0.0
  0
LINE
  5
68A
330
1F
100
AcDbEntity
  8
0
 62
   250
100
AcDbLine
 10
-13.22996765363565
 20
-0.6485090826199773
 30
0.0
 11
-12.38624543849894
 21
-2.424137370016915
 31
0.0
  0
LINE
  5
68B
330
1F
100
AcDbEntity
  8
0
 62
   250
100
AcDbLine
 10
-7.629372649594174
 20
-0.5719277821227473
 30
0.0
 11
-7.694490278225682
 21
-0.7050617131998147
 31
0.0
  0
LINE
  5
68C
330
1F
100
AcDbEntity
  8
0
 62
   250
100
AcDbLine
 10
-7.694490278227712
 20
-0.7050617132039642
 30
0.0
 11
-7.759607906861249
 21
-0.838195644285181
 31
0.0
  0
LINE
  5
68D
330
1F
100
AcDbEntity
  8
0
 62
   250
100
AcDbLine
 10
-7.694490278224283
 20
-0.7050617132027613
 30
0.0
 11
-7.58445046902168
 21
-0.6664673036916439
 31
0.0
  0
LINE
  5
68E
330
1F
100
AcDbEntity
  8
0
 62
   250
100
AcDbLine
 10
-12.48131118751414
 20
-2.49424495338554
 30
0.0
 11
-12.4161935588806
 21
-2.361111022304323
 31
0.0
  0
LINE
  5
68F
330
1F
100
AcDbEntity
  8
0
 62
   250
100
AcDbLine
 10
-12.4161935588806
 20
-2.361111022304323
 30
0.0
 11
-12.35107593024706
 21
-2.227977091223106
 31
0.0
  0
LINE
  5
690
330
1F
100
AcDbEntity
  8
0
 62
   250
100
AcDbLine
 10
-12.4161935588806
 20
-2.361111022304323
 30
0.0
 11
-12.52623336808663
 21
-2.399705431816643
 31
0.0
  0
LINE
  5
691
330
1F
100
AcDbEntity
  8
0
 62
   250
100
AcDbLine
 10
-7.694490278227712
 20
-0.7050617132039609
 30
0.0
 11
-9.527092783214197
 21
-1.347812841737144
 31
0.0
  0
LINE
  5
692
330
1F
100
AcDbEntity
  8
0
 62
   250
100
AcDbLine
 10
-10.58359105389411
 20
-1.718359893771144
 30
0.0
 11
-12.4161935588806
 21
-2.361111022304318
 31
0.0
  0
LINE
  5
693
330
1F
100
AcDbEntity
  8
0
 62
   250
100
AcDbLine
 10
-9.044053630135876
 20
2.476087499447426
 30
0.0
 11
-9.886770535056439
 21
4.249600093757972
 31
0.0
  0
LINE
  5
694
330
1F
100
AcDbEntity
  8
0
 62
   250
100
AcDbLine
 10
-10.1594789526338
 20
2.084872883686932
 30
0.0
 11
-11.00219585755436
 21
3.858385477997469
 31
0.0
  0
LINE
  5
695
330
1F
100
AcDbEntity
  8
0
 62
   250
100
AcDbLine
 10
-9.791704786041239
 20
4.319707677126592
 30
0.0
 11
-9.856822414674776
 21
4.186573746045376
 31
0.0
  0
LINE
  5
696
330
1F
100
AcDbEntity
  8
0
 62
   250
100
AcDbLine
 10
-9.856822414674776
 20
4.186573746045376
 30
0.0
 11
-9.921940043308314
 21
4.053439814964158
 31
0.0
  0
LINE
  5
697
330
1F
100
AcDbEntity
  8
0
 62
   250
100
AcDbLine
 10
-9.856822414674776
 20
4.186573746045376
 30
0.0
 11
-9.746782605468745
 21
4.225168155557696
 31
0.0
  0
LINE
  5
698
330
1F
100
AcDbEntity
  8
0
 62
   250
100
AcDbLine
 10
-11.03736536580623
 20
3.662225199203655
 30
0.0
 11
-10.9722477371727
 21
3.795359130284872
 31
0.0
  0
LINE
  5
699
330
1F
100
AcDbEntity
  8
0
 62
   250
100
AcDbLine
 10
-10.9722477371727
 20
3.795359130284872
 30
0.0
 11
-10.90713010853916
 21
3.928493061366088
 31
0.0
  0
LINE
  5
69A
330
1F
100
AcDbEntity
  8
0
 62
   250
100
AcDbLine
 10
-10.9722477371727
 20
3.795359130284872
 30
0.0
 11
-11.08228754637873
 21
3.756764720772551
 31
0.0
  0
LINE
  5
69B
330
1F
100
AcDbEntity
  8
0
 62
   250
100
AcDbLine
 10
-9.856822414674776
 20
4.186573746045374
 30
0.0
 11
-9.886285940583779
 21
4.176239964182116
 31
0.0
  0
LINE
  5
69C
330
1F
100
AcDbEntity
  8
0
 62
   250
100
AcDbLine
 10
-10.94278421126369
 20
3.805692912148118
 30
0.0
 11
-10.9722477371727
 21
3.795359130284872
 31
0.0
  0
LINE
  5
69D
330
1F
100
AcDbEntity
  8
0
 62
   250
100
AcDbLine
 10
-8.444981646344752
 20
1.215329940237985
 30
0.0
 11
-7.892750161198758
 21
0.0531490368258745
 31
0.0
  0
LINE
  5
69E
330
1F
100
AcDbEntity
  8
0
 62
   250
100
AcDbLine
 10
-7.397275365770296
 20
1.397198887445139
 30
0.0
 11
-6.92063477988787
 21
0.3941003651700654
 31
0.0
  0
LINE
  5
69F
330
1F
100
AcDbEntity
  8
0
 62
   250
100
AcDbLine
 10
-7.98781591021396
 20
-0.0169585465427485
 30
0.0
 11
-7.922698281580423
 21
0.1161753845384684
 31
0.0
  0
LINE
  5
6A0
330
1F
100
AcDbEntity
  8
0
 62
   250
100
AcDbLine
 10
-7.922698281580423
 20
0.1161753845384684
 30
0.0
 11
-7.857580652946885
 21
0.2493093156196852
 31
0.0
  0
LINE
  5
6A1
330
1F
100
AcDbEntity
  8
0
 62
   250
100
AcDbLine
 10
-7.922698281580423
 20
0.1161753845384684
 30
0.0
 11
-8.032738090786454
 21
0.077580975026148
 31
0.0
  0
LINE
  5
6A2
330
1F
100
AcDbEntity
  8
0
 62
   250
100
AcDbLine
 10
-6.885465271635997
 20
0.5902606439638804
 30
0.0
 11
-6.950582900269535
 21
0.4571267128826636
 31
0.0
  0
LINE
  5
6A3
330
1F
100
AcDbEntity
  8
0
 62
   250
100
AcDbLine
 10
-6.950582900269535
 20
0.4571267128826636
 30
0.0
 11
-7.015700528903072
 21
0.3239927818014467
 31
0.0
  0
LINE
  5
6A4
330
1F
100
AcDbEntity
  8
0
 62
   250
100
AcDbLine
 10
-6.950582900269535
 20
0.4571267128826636
 30
0.0
 11
-6.840543091063504
 21
0.4957211223949839
 31
0.0
  0
LINE
  5
6A5
330
1F
100
AcDbEntity
  8
0
 62
   250
100
AcDbLine
 10
-4.241148431696868
 20
5.552436139384263
 30
0.0
 11
-4.576960527405659
 21
6.259158619476793
 31
0.0
  0
LINE
  5
6A6
330
1F
100
AcDbEntity
  8
0
 62
   250
100
AcDbLine
 10
-6.092796777050951
 20
4.903005037776293
 30
0.0
 11
-6.428608872759736
 21
5.60972751786881
 31
0.0
  0
LINE
  5
6A7
330
1F
100
AcDbEntity
  8
0
 62
   250
100
AcDbLine
 10
-4.481894778390459
 20
6.329266202845413
 30
0.0
 11
-4.547012407023996
 21
6.196132271764196
 31
0.0
  0
LINE
  5
6A8
330
1F
100
AcDbEntity
  8
0
 62
   250
100
AcDbLine
 10
-4.547012407023996
 20
6.196132271764196
 30
0.0
 11
-4.612130035657534
 21
6.06299834068298
 31
0.0
  0
LINE
  5
6A9
330
1F
100
AcDbEntity
  8
0
 62
   250
100
AcDbLine
 10
-4.547012407023996
 20
6.196132271764196
 30
0.0
 11
-4.436972597817965
 21
6.234726681276517
 31
0.0
  0
LINE
  5
6AA
330
1F
100
AcDbEntity
  8
0
 62
   250
100
AcDbLine
 10
-6.463778381011609
 20
5.413567239075
 30
0.0
 11
-6.398660752378072
 21
5.546701170156218
 31
0.0
  0
LINE
  5
6AB
330
1F
100
AcDbEntity
  8
0
 62
   250
100
AcDbLine
 10
-6.398660752378072
 20
5.546701170156218
 30
0.0
 11
-6.333543123744535
 21
5.679835101237434
 31
0.0
  0
LINE
  5
6AC
330
1F
100
AcDbEntity
  8
0
 62
   250
100
AcDbLine
 10
-6.398660752378072
 20
5.546701170156218
 30
0.0
 11
-6.508700561584105
 21
5.508106760643897
 31
0.0
  0
LINE
  5
6AD
330
1F
100
AcDbEntity
  8
0
 62
   250
100
AcDbLine
 10
-4.547012407023996
 20
6.196132271764195
 30
0.0
 11
-4.944587444361076
 21
6.056690246977197
 31
0.0
  0
LINE
  5
6AE
330
1F
100
AcDbEntity
  8
0
 62
   250
100
AcDbLine
 10
-6.001085715040986
 20
5.686143194943194
 30
0.0
 11
-6.398660752378073
 21
5.546701170156211
 31
0.0
  0
LINE
  5
6AF
330
1F
100
AcDbEntity
  8
0
 62
   250
100
AcDbLine
 10
-6.231670402952508
 20
4.854297705155698
 30
0.0
 11
-6.492409988333324
 21
5.403028762771988
 31
0.0
  0
LINE
  5
6B0
330
1F
100
AcDbEntity
  8
0
 62
   250
100
AcDbLine
 10
-9.610928633223708
 20
3.669085944721155
 30
0.0
 11
-9.87166821860451
 21
4.217817002337418
 31
0.0
  0
LINE
  5
6B1
330
1F
100
AcDbEntity
  8
0
 62
   250
100
AcDbLine
 10
-6.397344239318122
 20
5.473136346140606
 30
0.0
 11
-6.46246186795166
 21
5.340002415059389
 31
0.0
  0
LINE
  5
6B2
330
1F
100
AcDbEntity
  8
0
 62
   250
100
AcDbLine
 10
-6.46246186795166
 20
5.340002415059389
 30
0.0
 11
-6.527579496585198
 21
5.206868483978172
 31
0.0
  0
LINE
  5
6B3
330
1F
100
AcDbEntity
  8
0
 62
   250
100
AcDbLine
 10
-6.46246186795166
 20
5.340002415059389
 30
0.0
 11
-6.352422058745628
 21
5.37859682457171
 31
0.0
  0
LINE
  5
6B4
330
1F
100
AcDbEntity
  8
0
 62
   250
100
AcDbLine
 10
-9.906837726856384
 20
4.021656723543605
 30
0.0
 11
-9.841720098222847
 21
4.154790654624821
 31
0.0
  0
LINE
  5
6B5
330
1F
100
AcDbEntity
  8
0
 62
   250
100
AcDbLine
 10
-9.841720098222847
 20
4.154790654624821
 30
0.0
 11
-9.776602469589308
 21
4.287924585706039
 31
0.0
  0
LINE
  5
6B6
330
1F
100
AcDbEntity
  8
0
 62
   250
100
AcDbLine
 10
-9.841720098222847
 20
4.154790654624821
 30
0.0
 11
-9.951759907428878
 21
4.116196245112501
 31
0.0
  0
LINE
  5
6B7
330
1F
100
AcDbEntity
  8
0
 62
   250
100
AcDbLine
 10
-6.462461867951661
 20
5.340002415059391
 30
0.0
 11
-7.6238418477473
 21
4.932670060859099
 31
0.0
  0
LINE
  5
6B8
330
1F
100
AcDbEntity
  8
0
 62
   250
100
AcDbLine
 10
-8.680340118427209
 20
4.5621230088251
 30
0.0
 11
-9.841720098222847
 21
4.154790654624821
 31
0.0
  0
LINE
  5
6B9
330
1F
100
AcDbEntity
  8
0
 62
   250
100
AcDbLine
 10
-14.47150553977817
 20
1.964329303000241
 30
0.0
 11
-14.80416979776868
 21
2.664427103077892
 31
0.0
  0
LINE
  5
6BA
330
1F
100
AcDbEntity
  8
0
 62
   250
100
AcDbLine
 10
-10.86522758162319
 20
3.229163996340067
 30
0.0
 11
-11.19789183961371
 21
3.929261796417745
 31
0.0
  0
LINE
  5
6BB
330
1F
100
AcDbEntity
  8
0
 62
   250
100
AcDbLine
 10
-14.83933930602055
 20
2.468266824284078
 30
0.0
 11
-14.77422167738701
 21
2.601400755365295
 31
0.0
  0
LINE
  5
6BC
330
1F
100
AcDbEntity
  8
0
 62
   250
100
AcDbLine
 10
-14.77422167738701
 20
2.601400755365295
 30
0.0
 11
-14.70910404875347
 21
2.734534686446512
 31
0.0
  0
LINE
  5
6BD
330
1F
100
AcDbEntity
  8
0
 62
   250
100
AcDbLine
 10
-14.77422167738701
 20
2.601400755365295
 30
0.0
 11
-14.88426148659305
 21
2.562806345852974
 31
0.0
  0
LINE
  5
6BE
330
1F
100
AcDbEntity
  8
0
 62
   250
100
AcDbLine
 10
-11.10282609059851
 20
3.99936937978637
 30
0.0
 11
-11.16794371923205
 21
3.866235448705153
 31
0.0
  0
LINE
  5
6BF
330
1F
100
AcDbEntity
  8
0
 62
   250
100
AcDbLine
 10
-11.16794371923205
 20
3.866235448705153
 30
0.0
 11
-11.23306134786558
 21
3.733101517623936
 31
0.0
  0
LINE
  5
6C0
330
1F
100
AcDbEntity
  8
0
 62
   250
100
AcDbLine
 10
-11.16794371923205
 20
3.866235448705153
 30
0.0
 11
-11.05790391002602
 21
3.904829858217473
 31
0.0
  0
LINE
  5
6C1
330
1F
100
AcDbEntity
  8
0
 62
   250
100
AcDbLine
 10
-14.77422167738701
 20
2.601400755365294
 30
0.0
 11
-13.49933183364948
 21
3.04854457601822
 31
0.0
  0
LINE
  5
6C2
330
1F
100
AcDbEntity
  8
0
 62
   250
100
AcDbLine
 10
-12.44283356296957
 20
3.419091628052217
 30
0.0
 11
-11.16794371923205
 21
3.866235448705148
 31
0.0
  0
LINE
  5
6C3
330
1F
100
AcDbEntity
  8
0
 62
   250
100
AcDbLine
 10
-8.514860593901965
 20
1.362391418234047
 30
0.0
 11
-8.623895188003086
 21
1.591856645197903
 31
0.0
  0
LINE
  5
6C4
330
1F
100
AcDbEntity
  8
0
 62
   250
100
AcDbLine
 10
-13.37543750045643
 20
-0.3423652234868685
 30
0.0
 11
-13.48447209455753
 21
-0.1128999965230529
 31
0.0
  0
LINE
  5
6C5
330
1F
100
AcDbEntity
  8
0
 62
   250
100
AcDbLine
 10
-8.528829438987886
 20
1.661964228566523
 30
0.0
 11
-8.593947067621423
 21
1.528830297485307
 31
0.0
  0
LINE
  5
6C6
330
1F
100
AcDbEntity
  8
0
 62
   250
100
AcDbLine
 10
-8.593947067621423
 20
1.528830297485307
 30
0.0
 11
-8.65906469625496
 21
1.39569636640409
 31
0.0
  0
LINE
  5
6C7
330
1F
100
AcDbEntity
  8
0
 62
   250
100
AcDbLine
 10
-8.593947067621423
 20
1.528830297485307
 30
0.0
 11
-8.483907258415393
 21
1.567424706997627
 31
0.0
  0
LINE
  5
6C8
330
1F
100
AcDbEntity
  8
0
 62
   250
100
AcDbLine
 10
-13.51964160280941
 20
-0.309060275316872
 30
0.0
 11
-13.45452397417587
 21
-0.1759263442356551
 31
0.0
  0
LINE
  5
6C9
330
1F
100
AcDbEntity
  8
0
 62
   250
100
AcDbLine
 10
-13.45452397417587
 20
-0.1759263442356501
 30
0.0
 11
-13.38940634554233
 21
-0.0427924131544383
 31
0.0
  0
LINE
  5
6CA
330
1F
100
AcDbEntity
  8
0
 62
   250
100
AcDbLine
 10
-13.45452397417587
 20
-0.1759263442356551
 30
0.0
 11
-13.5645637833819
 21
-0.2145207537479755
 31
0.0
  0
LINE
  5
6CB
330
1F
100
AcDbEntity
  8
0
 62
   250
100
AcDbLine
 10
-8.593947067621423
 20
1.528830297485306
 30
0.0
 11
-10.49598638555869
 21
0.8617255026418252
 31
0.0
  0
LINE
  5
6CC
330
1F
100
AcDbEntity
  8
0
 62
   250
100
AcDbLine
 10
-11.5524846562386
 20
0.4911784506078272
 30
0.0
 11
-13.45452397417587
 21
-0.1759263442356499
 31
0.0
  0
LINE
  5
6CD
330
1F
100
AcDbEntity
  8
0
 62
   250
100
AcDbLine
 10
-7.7621078187668
 20
-3.841619574009339
 30
0.0
 11
-8.482005110582818
 21
-4.094110114365845
 31
0.0
  0
LINE
  5
6CE
330
1F
100
AcDbEntity
  8
0
 62
   250
100
AcDbLine
 10
-8.272346388795883
 20
-2.767813501334308
 30
0.0
 11
-8.992243680611914
 21
-3.020304041690819
 31
0.0
  0
LINE
  5
6CF
330
1F
100
AcDbEntity
  8
0
 62
   250
100
AcDbLine
 10
-8.253683248000273
 20
-4.124325620080873
 30
0.0
 11
-8.4086452377788
 21
-4.068380508024297
 31
0.0
  0
LINE
  5
6D0
330
1F
100
AcDbEntity
  8
0
 62
   250
100
AcDbLine
 10
-8.4086452377788
 20
-4.068380508024297
 30
0.0
 11
-8.563607227557325
 21
-4.01243539596772
 31
0.0
  0
LINE
  5
6D1
330
1F
100
AcDbEntity
  8
0
 62
   250
100
AcDbLine
 10
-8.4086452377788
 20
-4.068380508024297
 30
0.0
 11
-8.363723057206306
 21
-4.162920029593193
 31
0.0
  0
LINE
  5
6D2
330
1F
100
AcDbEntity
  8
0
 62
   250
100
AcDbLine
 10
-9.07384579758642
 20
-2.938629323292695
 30
0.0
 11
-8.918883807807903
 21
-2.994574435349268
 31
0.0
  0
LINE
  5
6D3
330
1F
100
AcDbEntity
  8
0
 62
   250
100
AcDbLine
 10
-8.918883807807894
 20
-2.994574435349271
 30
0.0
 11
-8.763921818029369
 21
-3.050519547405847
 31
0.0
  0
LINE
  5
6D4
330
1F
100
AcDbEntity
  8
0
 62
   250
100
AcDbLine
 10
-8.918883807807898
 20
-2.994574435349266
 30
0.0
 11
-8.963805988380388
 21
-2.900034913780375
 31
0.0
  0
LINE
  5
6D5
330
1F
100
AcDbEntity
  8
0
 62
   250
100
AcDbLine
 10
-8.408645237778797
 20
-4.068380508024298
 30
0.0
 11
-8.557086451794458
 21
-3.75598335420627
 31
0.0
  0
LINE
  5
6D6
330
1F
100
AcDbEntity
  8
0
 62
   250
100
AcDbLine
 10
-8.770442593792227
 20
-3.306971589167309
 30
0.0
 11
-8.918883807807893
 21
-2.994574435349271
 31
0.0
  0
LINE
  5
6D7
330
1F
100
AcDbEntity
  8
0
 62
   250
100
AcDbLine
 10
-7.397275365770295
 20
1.397198887445135
 30
0.0
 11
-7.164194522431813
 21
0.9066761404352269
 31
0.0
  0
LINE
  5
6D8
330
1F
100
AcDbEntity
  8
0
 62
   250
100
AcDbLine
 10
-2.999610545554344
 20
2.93959775376405
 30
0.0
 11
-2.766529702215884
 21
2.449075006754188
 31
0.0
  0
LINE
  5
6D9
330
1F
100
AcDbEntity
  8
0
 62
   250
100
AcDbLine
 10
-7.259260271447013
 20
0.8365685570666073
 30
0.0
 11
-7.194142642813476
 21
0.9697024881478241
 31
0.0
  0
LINE
  5
6DA
330
1F
100
AcDbEntity
  8
0
 62
   250
100
AcDbLine
 10
-7.194142642813476
 20
0.9697024881478241
 30
0.0
 11
-7.129025014179938
 21
1.102836419229041
 31
0.0
  0
LINE
  5
6DB
330
1F
100
AcDbEntity
  8
0
 62
   250
100
AcDbLine
 10
-7.194142642813476
 20
0.9697024881478241
 30
0.0
 11
-7.304182452019507
 21
0.9311080786355037
 31
0.0
  0
LINE
  5
6DC
330
1F
100
AcDbEntity
  8
0
 62
   250
100
AcDbLine
 10
-2.731360193964008
 20
2.645235285548001
 30
0.0
 11
-2.796477822597546
 21
2.512101354466784
 31
0.0
  0
LINE
  5
6DD
330
1F
100
AcDbEntity
  8
0
 62
   250
100
AcDbLine
 10
-2.796477822597546
 20
2.512101354466784
 30
0.0
 11
-2.861595451231083
 21
2.378967423385567
 31
0.0
  0
LINE
  5
6DE
330
1F
100
AcDbEntity
  8
0
 62
   250
100
AcDbLine
 10
-2.796477822597546
 20
2.512101354466784
 30
0.0
 11
-2.686438013391514
 21
2.550695763979104
 31
0.0
  0
LINE
  5
6DF
330
1F
100
AcDbEntity
  8
0
 62
   250
100
AcDbLine
 10
-7.194142642813476
 20
0.9697024881478248
 30
0.0
 11
-5.523559368045465
 21
1.5556283952903
 31
0.0
  0
LINE
  5
6E0
330
1F
100
AcDbEntity
  8
0
 62
   250
100
AcDbLine
 10
-4.467061097365556
 20
1.926175447324298
 30
0.0
 11
-2.796477822597546
 21
2.512101354466786
 31
0.0
  0
LINE
  5
6E1
330
1F
100
AcDbEntity
  8
0
 62
   250
100
AcDbLine
 10
-2.999610545554345
 20
2.939597753764049
 30
0.0
 11
-1.735150265878503
 21
0.2785187865372902
 31
0.0
  0
LINE
  5
6E2
330
1F
100
AcDbEntity
  8
0
 62
   250
100
AcDbLine
 10
-8.444981646344752
 20
1.21532994023798
 30
0.0
 11
-7.10493046740532
 21
-1.604831408125862
 31
0.0
  0
LINE
  5
6E3
330
1F
100
AcDbEntity
  8
0
 62
   250
100
AcDbLine
 10
-1.699980757626629
 20
0.4746790653311045
 30
0.0
 11
-1.765098386260166
 21
0.3415451342498876
 31
0.0
  0
LINE
  5
6E4
330
1F
100
AcDbEntity
  8
0
 62
   250
100
AcDbLine
 10
-1.765098386260166
 20
0.3415451342498876
 30
0.0
 11
-1.830216014893704
 21
0.2084112031686708
 31
0.0
  0
LINE
  5
6E5
330
1F
100
AcDbEntity
  8
0
 62
   250
100
AcDbLine
 10
-1.765098386260166
 20
0.3415451342498876
 30
0.0
 11
-1.655058577054134
 21
0.380139543762208
 31
0.0
  0
LINE
  5
6E6
330
1F
100
AcDbEntity
  8
0
 62
   250
100
AcDbLine
 10
-7.199996216420519
 20
-1.674938991494487
 30
0.0
 11
-7.134878587786982
 21
-1.54180506041327
 31
0.0
  0
LINE
  5
6E7
330
1F
100
AcDbEntity
  8
0
 62
   250
100
AcDbLine
 10
-7.134878587786982
 20
-1.54180506041327
 30
0.0
 11
-7.069760959153444
 21
-1.408671129332053
 31
0.0
  0
LINE
  5
6E8
330
1F
100
AcDbEntity
  8
0
 62
   250
100
AcDbLine
 10
-7.134878587786982
 20
-1.54180506041327
 30
0.0
 11
-7.244918396993014
 21
-1.580399469925591
 31
0.0
  0
LINE
  5
6E9
330
1F
100
AcDbEntity
  8
0
 62
   250
100
AcDbLine
 10
-1.765098386260166
 20
0.3415451342498876
 30
0.0
 11
-3.921739351683621
 21
-0.4148564370646903
 31
0.0
  0
LINE
  5
6EA
330
1F
100
AcDbEntity
  8
0
 62
   250
100
AcDbLine
 10
-4.978237622363529
 20
-0.7854034890986923
 30
0.0
 11
-7.134878587786983
 21
-1.541805060413264
 31
0.0
  0
LINE
  5
6EB
330
1F
100
AcDbEntity
  8
0
 62
   250
100
AcDbLine
 10
10.242073687979
 20
2.350635708949574
 30
0.0
 11
9.1165357767558
 21
4.719350100784975
 31
0.0
  0
LINE
  5
6EC
330
1F
100
AcDbEntity
  8
0
 62
   250
100
AcDbLine
 10
12.41776049377005
 20
3.11371725333893
 30
0.0
 11
11.29222258254685
 21
5.482431645174357
 31
0.0
  0
LINE
  5
6ED
330
1F
100
AcDbEntity
  8
0
 62
   250
100
AcDbLine
 10
9.081366268503928
 20
4.523189821991156
 30
0.0
 11
9.146483897137465
 21
4.656323753072373
 31
0.0
  0
LINE
  5
6EE
330
1F
100
AcDbEntity
  8
0
 62
   250
100
AcDbLine
 10
9.146483897137465
 20
4.656323753072373
 30
0.0
 11
9.211601525771002
 21
4.78945768415359
 31
0.0
  0
LINE
  5
6EF
330
1F
100
AcDbEntity
  8
0
 62
   250
100
AcDbLine
 10
9.146483897137465
 20
4.656323753072373
 30
0.0
 11
9.036444087931434
 21
4.617729343560053
 31
0.0
  0
LINE
  5
6F0
330
1F
100
AcDbEntity
  8
0
 62
   250
100
AcDbLine
 10
11.38728833156205
 20
5.552539228542972
 30
0.0
 11
11.32217070292851
 21
5.419405297461754
 31
0.0
  0
LINE
  5
6F1
330
1F
100
AcDbEntity
  8
0
 62
   250
100
AcDbLine
 10
11.32217070292851
 20
5.419405297461754
 30
0.0
 11
11.25705307429497
 21
5.286271366380538
 31
0.0
  0
LINE
  5
6F2
330
1F
100
AcDbEntity
  8
0
 62
   250
100
AcDbLine
 10
11.32217070292851
 20
5.419405297461754
 30
0.0
 11
11.43221051213454
 21
5.457999706974075
 31
0.0
  0
LINE
  5
6F3
330
1F
100
AcDbEntity
  8
0
 62
   250
100
AcDbLine
 10
9.146483897137463
 20
4.656323753072376
 30
0.0
 11
9.706078164693038
 21
4.852590999250065
 31
0.0
  0
LINE
  5
6F4
330
1F
100
AcDbEntity
  8
0
 62
   250
100
AcDbLine
 10
10.76257643537295
 20
5.223138051284061
 30
0.0
 11
11.32217070292851
 21
5.419405297461759
 31
0.0
  0
LINE
  5
6F5
330
1F
100
AcDbEntity
  8
0
 62
   250
100
AcDbLine
 10
13.20992588338699
 20
4.287152516210191
 30
0.0
 11
14.01447971709265
 21
2.593954778575715
 31
0.0
  0
LINE
  5
6F6
330
1F
100
AcDbEntity
  8
0
 62
   250
100
AcDbLine
 10
9.669429991795878
 20
3.555774470618374
 30
0.0
 11
10.68185879847637
 21
1.425100184856996
 31
0.0
  0
LINE
  5
6F7
330
1F
100
AcDbEntity
  8
0
 62
   250
100
AcDbLine
 10
14.04964922534452
 20
2.790115057369529
 30
0.0
 11
13.98453159671098
 21
2.656981126288312
 31
0.0
  0
LINE
  5
6F8
330
1F
100
AcDbEntity
  8
0
 62
   250
100
AcDbLine
 10
13.98453159671098
 20
2.656981126288312
 30
0.0
 11
13.91941396807744
 21
2.523847195207096
 31
0.0
  0
LINE
  5
6F9
330
1F
100
AcDbEntity
  8
0
 62
   250
100
AcDbLine
 10
13.98453159671098
 20
2.656981126288312
 30
0.0
 11
14.09457140591702
 21
2.695575535800633
 31
0.0
  0
LINE
  5
6FA
330
1F
100
AcDbEntity
  8
0
 62
   250
100
AcDbLine
 10
10.58679304946117
 20
1.354992601488381
 30
0.0
 11
10.65191067809471
 21
1.488126532569597
 31
0.0
  0
LINE
  5
6FB
330
1F
100
AcDbEntity
  8
0
 62
   250
100
AcDbLine
 10
10.65191067809471
 20
1.488126532569597
 30
0.0
 11
10.71702830672825
 21
1.621260463650814
 31
0.0
  0
LINE
  5
6FC
330
1F
100
AcDbEntity
  8
0
 62
   250
100
AcDbLine
 10
10.65191067809471
 20
1.488126532569597
 30
0.0
 11
10.54187086888868
 21
1.449532123057277
 31
0.0
  0
LINE
  5
6FD
330
1F
100
AcDbEntity
  8
0
 62
   250
100
AcDbLine
 10
13.98453159671098
 20
2.656981126288312
 30
0.0
 11
12.8464702727428
 21
2.257827355445943
 31
0.0
  0
LINE
  5
6FE
330
1F
100
AcDbEntity
  8
0
 62
   250
100
AcDbLine
 10
11.7899720020629
 20
1.887280303411945
 30
0.0
 11
10.65191067809471
 21
1.488126532569593
 31
0.0
  0
LINE
  5
6FF
330
1F
100
AcDbEntity
  8
0
 62
   250
100
AcDbLine
 10
-8.151820396745919
 20
-2.8113263662672
 30
0.0
 11
-6.392672490641552
 21
-6.513484170999042
 31
0.0
  0
LINE
  5
700
330
1F
100
AcDbEntity
  8
0
 62
   250
100
AcDbLine
 10
-11.62366104428481
 20
-4.029009681782139
 30
0.0
 11
-9.864513138180435
 21
-7.731167486514008
 31
0.0
  0
LINE
  5
701
330
1F
100
AcDbEntity
  8
0
 62
   250
100
AcDbLine
 10
-6.357502982389678
 20
-6.31732389220523
 30
0.0
 11
-6.422620611023215
 21
-6.450457823286446
 31
0.0
  0
LINE
  5
702
330
1F
100
AcDbEntity
  8
0
 62
   250
100
AcDbLine
 10
-6.422620611023215
 20
-6.450457823286446
 30
0.0
 11
-6.487738239656752
 21
-6.583591754367664
 31
0.0
  0
LINE
  5
703
330
1F
100
AcDbEntity
  8
0
 62
   250
100
AcDbLine
 10
-6.422620611023215
 20
-6.450457823286446
 30
0.0
 11
-6.312580801817184
 21
-6.411863413774126
 31
0.0
  0
LINE
  5
704
330
1F
100
AcDbEntity
  8
0
 62
   250
100
AcDbLine
 10
-9.959578887195637
 20
-7.801275069882631
 30
0.0
 11
-9.894461258562098
 21
-7.668141138801413
 31
0.0
  0
LINE
  5
705
330
1F
100
AcDbEntity
  8
0
 62
   250
100
AcDbLine
 10
-9.894461258562098
 20
-7.668141138801413
 30
0.0
 11
-9.82934362992856
 21
-7.535007207720197
 31
0.0
  0
LINE
  5
706
330
1F
100
AcDbEntity
  8
0
 62
   250
100
AcDbLine
 10
-9.894461258562098
 20
-7.668141138801413
 30
0.0
 11
-10.00450106776813
 21
-7.706735548313734
 31
0.0
  0
LINE
  5
707
330
1F
100
AcDbEntity
  8
0
 62
   250
100
AcDbLine
 10
-6.422620611023214
 20
-6.450457823286444
 30
0.0
 11
-7.630291799452699
 21
-6.87402595502693
 31
0.0
  0
LINE
  5
708
330
1F
100
AcDbEntity
  8
0
 62
   250
100
AcDbLine
 10
-8.686790070132611
 20
-7.24457300706093
 30
0.0
 11
-9.894461258562098
 21
-7.668141138801411
 31
0.0
  0
MTEXT
  5
70A
330
1F
100
AcDbEntity
  8
0
 62
   250
100
AcDbMText
 10
-10.52528885405764
 20
4.696277305886354
 30
0.0
 40
0.2285649488754334
 41
0.0
 71
     7
 72
     1
  1
11.25 m
  7
TAHOMA
  0
MTEXT
  5
70B
330
1F
100
AcDbEntity
  8
0
 62
   250
100
AcDbMText
 10
4.868332951925097
 20
-8.519725276179727
 30
0.0
 40
0.2285649488754334
 41
0.0
 71
     7
 72
     1
  1
15.15 m
  7
TAHOMA
  0
MTEXT
  5
70C
330
1F
100
AcDbEntity
  8
0
 62
   250
100
AcDbMText
 10
13.46320580229205
 20
4.241055193798897
 30
0.0
 40
0.2285649488754334
 41
0.0
 71
     7
 72
     1
  1
1.70 m
  7
TAHOMA
  0
MTEXT
  5
70D
330
1F
100
AcDbEntity
  8
0
 62
   250
100
AcDbMText
 10
14.37106751394118
 20
4.559470746613441
 30
0.0
 40
0.2285649488754334
 41
0.0
 71
     7
 72
     1
  1
2.00 m
  7
TAHOMA
  0
MTEXT
  5
70E
330
1F
100
AcDbEntity
  8
0
 62
   250
100
AcDbMText
 10
11.68180292804612
 20
0.9251414438388796
 30
0.0
 40
0.2285649488754334
 41
0.0
 71
     7
 72
     1
  1
3.80 m
  7
TAHOMA
  0
MTEXT
  5
70F
330
1F
100
AcDbEntity
  8
0
 62
   250
100
AcDbMText
 10
12.62527162953303
 20
-1.534600650007777
 30
0.0
 40
0.2285649488754334
 41
0.0
 71
     7
 72
     1
  1
5.20 m
  7
TAHOMA
  0
MTEXT
  5
710
330
1F
100
AcDbEntity
  8
0
 62
   250
100
AcDbMText
 10
14.91142468774632
 20
1.965073765554703
 30
0.0
 40
0.2285649488754334
 41
0.0
 71
     7
 72
     1
  1
4.00 m
  7
TAHOMA
  0
MTEXT
  5
711
330
1F
100
AcDbEntity
  8
0
 62
   250
100
AcDbMText
 10
7.66070709727029
 20
4.651721275952292
 30
0.0
 40
0.2285649488754334
 41
0.0
 71
     7
 72
     1
  1
1.45 m
  7
TAHOMA
  0
MTEXT
  5
712
330
1F
100
AcDbEntity
  8
0
 62
   250
100
AcDbMText
 10
8.809827723489068
 20
2.233376644343036
 30
0.0
 40
0.2285649488754334
 41
0.0
 71
     7
 72
     1
  1
1.05 m
  7
TAHOMA
  0
MTEXT
  5
713
330
1F
100
AcDbEntity
  8
0
 62
   250
100
AcDbMText
 10
9.652482396337701
 20
-3.291092481196879
 30
0.0
 40
0.2285649488754334
 41
0.0
 71
     7
 72
     1
  1
1.85 m
  7
TAHOMA
  0
MTEXT
  5
714
330
1F
100
AcDbEntity
  8
0
 62
   250
100
AcDbMText
 10
5.442350380657658
 20
1.42788984013979
 30
0.0
 40
0.2285649488754334
 41
0.0
 71
     7
 72
     1
  1
1.45 m
  7
TAHOMA
  0
MTEXT
  5
715
330
1F
100
AcDbEntity
  8
0
 62
   250
100
AcDbMText
 10
-6.142980814282534
 20
-5.282758749192496
 30
0.0
 40
0.2285649488754334
 41
0.0
 71
     7
 72
     1
  1
2.55 m
  7
TAHOMA
  0
MTEXT
  5
716
330
1F
100
AcDbEntity
  8
0
 62
   250
100
AcDbMText
 10
-6.711220164026026
 20
-2.382042370054634
 30
0.0
 40
0.2285649488754334
 41
0.0
 71
     7
 72
     1
  1
1.05 m
  7
TAHOMA
  0
MTEXT
  5
717
330
1F
100
AcDbEntity
  8
0
 62
   250
100
AcDbMText
 10
-7.680233872275413
 20
-3.240975216918625
 30
0.0
 40
0.2285649488754334
 41
0.0
 71
     7
 72
     1
  1
1.20 m
  7
TAHOMA
  0
MTEXT
  5
718
330
1F
100
AcDbEntity
  8
0
 62
   250
100
AcDbMText
 10
-4.06428346331805
 20
-1.791021564873104
 30
0.0
 40
0.2285649488754334
 41
0.0
 71
     7
 72
     1
  1
1.20 m
  7
TAHOMA
  0
MTEXT
  5
719
330
1F
100
AcDbEntity
  8
0
 62
   250
100
AcDbMText
 10
-7.076785713135643
 20
-4.510942766271889
 30
0.0
 40
0.2285649488754334
 41
0.0
 71
     7
 72
     1
  1
1.20 m
  7
TAHOMA
  0
MTEXT
  5
71A
330
1F
100
AcDbEntity
  8
0
 62
   250
100
AcDbMText
 10
-1.606426324379515
 20
-7.819168800189601
 30
0.0
 40
0.2285649488754334
 41
0.0
 71
     7
 72
     1
  1
0.65 m
  7
TAHOMA
  0
MTEXT
  5
71B
330
1F
100
AcDbEntity
  8
0
 62
   250
100
AcDbMText
 10
-5.563810750178406
 20
-10.76267585393579
 30
0.0
 40
0.2285649488754334
 41
0.0
 71
     7
 72
     1
  1
6.30 m
  7
TAHOMA
  0
MTEXT
  5
71C
330
1F
100
AcDbEntity
  8
0
 62
   250
100
AcDbMText
 10
-12.17634466889094
 20
-8.02327462404291
 30
0.0
 40
0.2285649488754334
 41
0.0
 71
     7
 72
     1
  1
8.50 m
  7
TAHOMA
  0
MTEXT
  5
71D
330
1F
100
AcDbEntity
  8
0
 62
   250
100
AcDbMText
 10
-14.66086241109467
 20
-2.909250928410982
 30
0.0
 40
0.2285649488754334
 41
0.0
 71
     7
 72
     1
  1
4.10 m
  7
TAHOMA
  0
MTEXT
  5
71E
330
1F
100
AcDbEntity
  8
0
 62
   250
100
AcDbMText
 10
-15.70380015640154
 20
0.1584559706776157
 30
0.0
 40
0.2285649488754334
 41
0.0
 71
     7
 72
     1
  1
2.90 m
  7
TAHOMA
  0
MTEXT
  5
71F
330
1F
100
AcDbEntity
  8
0
 62
   250
100
AcDbMText
 10
-10.54397236874362
 20
-1.646788296392118
 30
0.0
 40
0.2285649488754334
 41
0.0
 71
     7
 72
     1
  1
5.10 m
  7
TAHOMA
  0
MTEXT
  5
720
330
1F
100
AcDbEntity
  8
0
 62
   250
100
AcDbMText
 10
-10.9031655261132
 20
3.877264509527142
 30
0.0
 40
0.2285649488754334
 41
0.0
 71
     7
 72
     1
  1
1.20 m
  7
TAHOMA
  0
MTEXT
  5
721
330
1F
100
AcDbEntity
  8
0
 62
   250
100
AcDbMText
 10
-7.925271041114438
 20
0.1729491200725871
 30
0.0
 40
0.2285649488754334
 41
0.0
 71
     7
 72
     1
  1
1.05 m
  7
TAHOMA
  0
MTEXT
  5
722
330
1F
100
AcDbEntity
  8
0
 62
   250
100
AcDbMText
 10
-5.961467029890493
 20
5.757714792322228
 30
0.0
 40
0.2285649488754334
 41
0.0
 71
     7
 72
     1
  1
2.00 m
  7
TAHOMA
  0
MTEXT
  5
723
330
1F
100
AcDbEntity
  8
0
 62
   250
100
AcDbMText
 10
-8.640721433276711
 20
4.633694606204132
 30
0.0
 40
0.2285649488754334
 41
0.0
 71
     7
 72
     1
  1
3.65 m
  7
TAHOMA
  0
MTEXT
  5
724
330
1F
100
AcDbEntity
  8
0
 62
   250
100
AcDbMText
 10
-13.45971314849899
 20
3.120116173397242
 30
0.0
 40
0.2285649488754334
 41
0.0
 71
     7
 72
     1
  1
3.90 m
  7
TAHOMA
  0
MTEXT
  5
725
330
1F
100
AcDbEntity
  8
0
 62
   250
100
AcDbMText
 10
-11.51286597108811
 20
0.5627500479868512
 30
0.0
 40
0.2285649488754334
 41
0.0
 71
     7
 72
     1
  1
5.25 m
  7
TAHOMA
  0
MTEXT
  5
726
330
1F
100
AcDbEntity
  8
0
 62
   250
100
AcDbMText
 10
-9.152394972982806
 20
-3.64517940032476
 30
0.0
 40
0.2285649488754334
 41
0.0
 71
     7
 72
     1
  1
1.35 m
  7
TAHOMA
  0
MTEXT
  5
727
330
1F
100
AcDbEntity
  8
0
 62
   250
100
AcDbMText
 10
-5.483940682894972
 20
1.627199992669325
 30
0.0
 40
0.2285649488754334
 41
0.0
 71
     7
 72
     1
  1
4.75 m
  7
TAHOMA
  0
MTEXT
  5
728
330
1F
100
AcDbEntity
  8
0
 62
   250
100
AcDbMText
 10
-4.938618937213034
 20
-0.7138318917196687
 30
0.0
 40
0.2285649488754334
 41
0.0
 71
     7
 72
     1
  1
5.80 m
  7
TAHOMA
  0
MTEXT
  5
729
330
1F
100
AcDbEntity
  8
0
 62
   250
100
AcDbMText
 10
9.74569684984353
 20
4.924162596629087
 30
0.0
 40
0.2285649488754334
 41
0.0
 71
     7
 72
     1
  1
2.35 m
  7
TAHOMA
  0
MTEXT
  5
72A
330
1F
100
AcDbEntity
  8
0
 62
   250
100
AcDbMText
 10
11.82959068721339
 20
1.958851900790976
 30
0.0
 40
0.2285649488754334
 41
0.0
 71
     7
 72
     1
  1
3.60 m
  7
TAHOMA
  0
MTEXT
  5
72B
330
1F
100
AcDbEntity
  8
0
 62
   250
100
AcDbMText
 10
9.825433917323176
 20
5.578182504650044
 30
0.0
 40
0.2285649488754334
 41
0.0
 71
     7
 72
     1
  1
Cuarto 2
  7
TAHOMA
  0
MTEXT
  5
72C
330
1F
100
AcDbEntity
  8
0
 62
   250
100
AcDbMText
 10
10.89513841638658
 20
-0.1665268421719759
 30
0.0
 40
0.2285649488754334
 41
0.0
 71
     7
 72
     1
  1
Cuarto 1
  7
TAHOMA
  0
MTEXT
  5
72D
330
1F
100
AcDbEntity
  8
0
 62
   250
100
AcDbMText
 10
3.935456058282669
 20
-1.117375285783902
 30
0.0
 40
0.2285649488754334
 41
0.0
 71
     7
 72
     1
  1
Sala
  7
TAHOMA
  0
MTEXT
  5
72E
330
1F
100
AcDbEntity
  8
0
 62
   250
100
AcDbMText
 10
2.522389621248285
 20
-6.069710929595984
 30
0.0
 40
0.2285649488754334
 41
0.0
 71
     7
 72
     1
  1
Jardin
  7
TAHOMA
  0
MTEXT
  5
72F
330
1F
100
AcDbEntity
  8
0
 62
   250
100
AcDbMText
 10
1.769634603388851
 20
3.385948592989221
 30
0.0
 40
0.2285649488754334
 41
0.0
 71
     7
 72
     1
  1
Jardin 2
  7
TAHOMA
  0
MTEXT
  5
730
330
1F
100
AcDbEntity
  8
0
 62
   250
100
AcDbMText
 10
-11.9252242302995
 20
-4.854737918314082
 30
0.0
 40
0.2285649488754334
 41
0.0
 71
     7
 72
     1
  1
Lavanderia
  7
TAHOMA
  0
MTEXT
  5
731
330
1F
100
AcDbEntity
  8
0
 62
   250
100
AcDbMText
 10
0.3565681663544668
 20
-2.160667328080311
 30
0.0
 40
0.2285649488754334
 41
0.0
 71
     7
 72
     1
  1
Comedor
  7
TAHOMA
  0
MTEXT
  5
732
330
1F
100
AcDbEntity
  8
0
 62
   250
100
AcDbMText
 10
-2.733689275384273
 20
-3.203959370376722
 30
0.0
 40
0.2285649488754334
 41
0.0
 71
     7
 72
     1
  1
Cocina
  7
TAHOMA
  0
MTEXT
  5
733
330
1F
100
AcDbEntity
  8
0
 62
   250
100
AcDbMText
 10
-8.861379245327761
 20
-7.944995360052824
 30
0.0
 40
0.2285649488754334
 41
0.0
 71
     7
 72
     1
  1
Garaje
  7
TAHOMA
  0
MTEXT
  5
734
330
1F
100
AcDbEntity
  8
0
 62
   250
100
AcDbMText
 10
-5.903184087424006
 20
-0.1401143854049788
 30
0.0
 40
0.2285649488754334
 41
0.0
 71
     7
 72
     1
  1
Cuarto principal
  7
TAHOMA
  0
MTEXT
  5
735
330
1F
100
AcDbEntity
  8
0
 62
   250
100
AcDbMText
 10
-10.81590104608559
 20
-2.847391204022252
 30
0.0
 40
0.2285649488754334
 41
0.0
 71
     7
 72
     1
  1
Cine
  7
TAHOMA
  0
MTEXT
  5
736
330
1F
100
AcDbEntity
  8
0
 62
   250
100
AcDbMText
 10
-7.77846851788085
 20
2.250212952008321
 30
0.0
 40
0.2285649488754334
 41
0.0
 71
     7
 72
     1
  1
Bano
  7
TAHOMA
  0
MTEXT
  5
737
330
1F
100
AcDbEntity
  8
0
 62
   250
100
AcDbMText
 10
-14.73815087598477
 20
1.603107761216877
 30
0.0
 40
0.2285649488754334
 41
0.0
 71
     7
 72
     1
  1
Closet
  7
TAHOMA
  0
MTEXT
  5
738
330
1F
100
AcDbEntity
  8
0
 62
   250
100
AcDbMText
 10
-8.647171384982116
 20
-7.173001409681905
 30
0.0
 40
0.2285649488754334
 41
0.0
 71
     7
 72
     1
  1
3.75 m
  7
TAHOMA
  0
ENDSEC
  0
SECTION
  2
OBJECTS
  0
DICTIONARY
  5
C
330
0
100
AcDbDictionary
  3
ACAD_GROUP
350
D
  3
ACAD_LAYOUT
350
1A
  3
ACAD_MATERIAL
350
43
  3
ACAD_MLEADERSTYLE
350
5B
  3
ACAD_MLINESTYLE
350
17
  3
ACAD_PLOTSETTINGS
350
19
  3
ACAD_SCALELIST
350
47
  3
ACAD_VISUALSTYLE
350
2A
  3
ACDBHEADERROUNDTRIPXREC
350
739
  3
ACDBVARIABLEDICTIONARY
350
75A
  3
DWGPROPS
350
761
  0
DICTIONARY
  5
762
330
8
100
AcDbDictionary
280
     1
  3
ACAD_XREC_ROUNDTRIP
360
763
  0
DICTIONARY
  5
D
102
{ACAD_REACTORS
330
C
102
}
330
C
100
AcDbDictionary
  0
DICTIONARY
  5
1A
102
{ACAD_REACTORS
330
C
102
}
330
C
100
AcDbDictionary
  0
DICTIONARY
  5
43
102
{ACAD_REACTORS
330
C
102
}
330
C
100
AcDbDictionary
  3
BYBLOCK
350
45
  3
BYLAYER
350
44
  3
GLOBAL
350
46
  0
DICTIONARY
  5
5B
102
{ACAD_REACTORS
330
C
102
}
330
C
100
AcDbDictionary
  3
STANDARD
350
5C
  0
DICTIONARY
  5
17
102
{ACAD_REACTORS
330
C
102
}
330
C
100
AcDbDictionary
  3
STANDARD
350
18
  0
DICTIONARY
  5
19
102
{ACAD_REACTORS
330
C
102
}
330
C
100
AcDbDictionary
  0
DICTIONARY
  5
47
102
{ACAD_REACTORS
330
C
102
}
330
C
100
AcDbDictionary
  3
A0
350
48
  3
A1
350
49
  3
A2
350
4A
  3
A3
350
4B
  3
A4
350
4C
  3
A5
350
4D
  3
A6
350
4E
  3
A7
350
4F
  3
A8
350
50
  3
A9
350
51
  3
B1
350
52
  3
B2
350
53
  3
B3
350
54
  3
B4
350
55
  3
B5
350
56
  3
B6
350
57
  3
B7
350
58
  0
DICTIONARY
  5
2A
102
{ACAD_REACTORS
330
C
102
}
330
C
100
AcDbDictionary
  3
2DWIREFRAME
350
2F
  3
BASIC
350
32
  3
BRIGHTEN
350
36
  3
COLORCHANGE
350
3A
  3
CONCEPTUAL
350
34
  3
DIM
350
35
  3
EDGECOLOROFF
350
3D
  3
FACEPATTERN
350
39
  3
FLAT
350
2B
  3
FLATWITHEDGES
350
2C
  3
GOURAUD
350
2D
  3
GOURAUDWITHEDGES
350
2E
  3
HIDDEN
350
31
  3
JITTEROFF
350
3B
  3
LINEPATTERN
350
38
  3
OVERHANGOFF
350
3C
  3
REALISTIC
350
33
  3
SHADED
350
42
  3
SHADED_WITH_EDGES
350
41
  3
SHADES_OF_GRAY
350
3E
  3
SKETCHY
350
3F
  3
THICKEN
350
37
  3
WIREFRAME
350
30
  3
X-RAY
350
40
  0
DICTIONARY
  5
739
102
{ACAD_REACTORS
330
C
102
}
330
C
100
AcDbDictionary
  3
CEPSNID
350
743
  3
CEPSNTYPE
350
742
  3
DIMSTYLEDATA
350
759
  3
FINGERPRINTGUID
350
744
  3
HYPERLINKBASE
350
73C
  3
INSUNITS
350
741
  3
LAYOUTDICT
350
73E
  3
LWETCUNION
350
740
  3
PLOTSETDICT
350
73F
  3
PSVPSCALE
350
746
  3
PUCSBASE
350
749
  3
PUCSORGBACK
350
74F
  3
PUCSORGBOTTOM
350
74B
  3
PUCSORGFRONT
350
74E
  3
PUCSORGLEFT
350
74C
  3
PUCSORGRIGHT
350
74D
  3
PUCSORGTOP
350
74A
  3
PUCSORTHOREF
350
747
  3
PUCSORTHOVIEW
350
748
  3
STYLESHEET
350
73D
  3
TSTACKALIGN
350
73A
  3
TSTACKSIZE
350
73B
  3
UCSBASE
350
752
  3
UCSORGBACK
350
758
  3
UCSORGBOTTOM
350
754
  3
UCSORGFRONT
350
757
  3
UCSORGLEFT
350
755
  3
UCSORGRIGHT
350
756
  3
UCSORGTOP
350
753
  3
UCSORTHOREF
350
750
  3
UCSORTHOVIEW
350
751
  3
VERSIONGUID
350
745
  0
DICTIONARY
  5
75A
102
{ACAD_REACTORS
330
C
102
}
330
C
100
AcDbDictionary
  3
CANNOSCALE
350
764
  3
CMLEADERSTYLE
350
75C
  3
CTABLESTYLE
350
75B
  3
DIMASSOC
350
75F
  3
HIDETEXT
350
760
  3
MSLTSCALE
350
765
  0
XRECORD
  5
761
102
{ACAD_REACTORS
330
C
102
}
330
C
100
AcDbXrecord
  1
DWGPROPS COOKIE
  2

  3

  4

  6

  7

  8
mobile
  9

300
=
301
=
302
=
303
=
304
=
305
=
306
=
307
=
308
=
309
=
 40
0.0
 41
2461186.012641933
 42
2461186.012642442
  1

 90
        0
  0
XRECORD
  5
763
102
{ACAD_REACTORS
330
762
102
}
330
762
100
AcDbXrecord
102
VTR_0.000_0.000_1.000_1.000_VISUALSTYLE
340
2F
102
VTR_0.000_0.000_1.000_1.000_GRIDDISPLAY
 70
     3
102
VTR_0.000_0.000_1.000_1.000_GRIDMAJOR
 70
     5
102
VTR_0.000_0.000_1.000_1.000_DEFAULTLIGHTING
280
     1
102
VTR_0.000_0.000_1.000_1.000_DEFAULTLIGHTINGTYPE
 70
     1
102
VTR_0.000_0.000_1.000_1.000_BRIGHTNESS
141
0.0
102
VTR_0.000_0.000_1.000_1.000_CONTRAST
142
0.0
  0
MATERIAL
  5
45
102
{ACAD_REACTORS
330
43
102
}
102
{ACAD_XDICTIONARY
360
768
102
}
330
43
100
AcDbMaterial
  1
BYBLOCK
  0
MATERIAL
  5
44
102
{ACAD_REACTORS
330
43
102
}
102
{ACAD_XDICTIONARY
360
766
102
}
330
43
100
AcDbMaterial
  1
BYLAYER
  0
MATERIAL
  5
46
102
{ACAD_REACTORS
330
43
102
}
102
{ACAD_XDICTIONARY
360
76A
102
}
330
43
100
AcDbMaterial
  1
GLOBAL
  0
ACAD_PROXY_OBJECT
  5
5C
102
{ACAD_REACTORS
330
5B
102
}
330
5B
100
AcDbProxyObject
 90
      499
 91
      505
 93
      610
310
40901902A4063FBFFFFFE056BD1B81E855B9FC0AD7A3703D0AD73F4214DD185B99185C9900AD7A3703D0AC73F90141901A02B5E8DC0F42B1CFC02B5E8DC0F42B1CFE5764000000000000300FC0
340
14
340
0
340
11
340
0
 94
        0
1001
ACAD_MLEADERVER
1070
     2
  0
MLINESTYLE
  5
18
102
{ACAD_REACTORS
330
17
102
}
330
17
100
AcDbMlineStyle
  2
Standard
 70
     0
  3

 62
   256
 51
90.0
 52
90.0
 71
     2
 49
0.5
 62
   256
  6
BYLAYER
 49
-0.5
 62
   256
  6
BYLAYER
  0
ACAD_PROXY_OBJECT
  5
48
102
{ACAD_REACTORS
330
47
102
}
330
47
100
AcDbProxyObject
 90
      499
 91
      503
 93
       41
310
903313A31580
  0
ACAD_PROXY_OBJECT
  5
49
102
{ACAD_REACTORS
330
47
102
}
330
47
100
AcDbProxyObject
 90
      499
 91
      503
 93
      257
310
90E312F31323822203D2031272D3022000000000000200FC000000000000284000
  0
ACAD_PROXY_OBJECT
  5
4A
102
{ACAD_REACTORS
330
47
102
}
330
47
100
AcDbProxyObject
 90
      499
 91
      503
 93
      249
310
90D312F363422203D2031272D3022000000000000240FC000000000000284000
  0
ACAD_PROXY_OBJECT
  5
4B
102
{ACAD_REACTORS
330
47
102
}
330
47
100
AcDbProxyObject
 90
      499
 91
      503
 93
      249
310
90D312F333222203D2031272D3022000000000000280FC000000000000284000
  0
ACAD_PROXY_OBJECT
  5
4C
102
{ACAD_REACTORS
330
47
102
}
330
47
100
AcDbProxyObject
 90
      499
 91
      503
 93
      249
310
90D312F313622203D2031272D30220000000000002C0FC000000000000284000
  0
ACAD_PROXY_OBJECT
  5
4D
102
{ACAD_REACTORS
330
47
102
}
330
47
100
AcDbProxyObject
 90
      499
 91
      503
 93
      249
310
90D332F333222203D2031272D30220000000000002E0FC000000000000284000
  0
ACAD_PROXY_OBJECT
  5
4E
102
{ACAD_REACTORS
330
47
102
}
330
47
100
AcDbProxyObject
 90
      499
 91
      503
 93
      241
310
90C312F3822203D2031272D3022000000000000300FC000000000000284000
  0
ACAD_PROXY_OBJECT
  5
4F
102
{ACAD_REACTORS
330
47
102
}
330
47
100
AcDbProxyObject
 90
      499
 91
      503
 93
      249
310
90D332F313622203D2031272D3022000000000000320FC000000000000284000
  0
ACAD_PROXY_OBJECT
  5
50
102
{ACAD_REACTORS
330
47
102
}
330
47
100
AcDbProxyObject
 90
      499
 91
      503
 93
      241
310
90C312F3422203D2031272D3022000000000000340FC000000000000284000
  0
ACAD_PROXY_OBJECT
  5
51
102
{ACAD_REACTORS
330
47
102
}
330
47
100
AcDbProxyObject
 90
      499
 91
      503
 93
      241
310
90C332F3822203D2031272D3022000000000000360FC000000000000284000
  0
ACAD_PROXY_OBJECT
  5
52
102
{ACAD_REACTORS
330
47
102
}
330
47
100
AcDbProxyObject
 90
      499
 91
      503
 93
      241
310
90C312F3222203D2031272D3022000000000000380FC000000000000284000
  0
ACAD_PROXY_OBJECT
  5
53
102
{ACAD_REACTORS
330
47
102
}
330
47
100
AcDbProxyObject
 90
      499
 91
      503
 93
      241
310
90C332F3422203D2031272D30220000000000003A0FC000000000000284000
  0
ACAD_PROXY_OBJECT
  5
54
102
{ACAD_REACTORS
330
47
102
}
330
47
100
AcDbProxyObject
 90
      499
 91
      503
 93
      161
310
90A3122203D2031272D30224000000000000284000
  0
ACAD_PROXY_OBJECT
  5
55
102
{ACAD_REACTORS
330
47
102
}
330
47
100
AcDbProxyObject
 90
      499
 91
      503
 93
      257
310
90E312D312F3222203D2031272D30220000000000003E0FC000000000000284000
  0
ACAD_PROXY_OBJECT
  5
56
102
{ACAD_REACTORS
330
47
102
}
330
47
100
AcDbProxyObject
 90
      499
 91
      503
 93
      225
310
90A3322203D2031272D302200000000000002100000000000000284000
  0
ACAD_PROXY_OBJECT
  5
57
102
{ACAD_REACTORS
330
47
102
}
330
47
100
AcDbProxyObject
 90
      499
 91
      503
 93
      225
310
90A3622203D2031272D302200000000000006100000000000000284000
  0
ACAD_PROXY_OBJECT
  5
58
102
{ACAD_REACTORS
330
47
102
}
330
47
100
AcDbProxyObject
 90
      499
 91
      503
 93
      249
310
90D31272D3022203D2031272D30220000000000000A100000000000000284000
  0
ACAD_PROXY_OBJECT
  5
2F
102
{ACAD_REACTORS
330
2A
102
}
330
2A
100
AcDbProxyObject
 90
      499
 91
      501
 93
      436
310
42CC9915DA5C99599C985B595049028333333333333E33F0000000000000F90107901411070040501600405405064090741402480A0340
1001
ACAD
1000
AcDbSavedByObjectVersion
1070
     0
  0
ACAD_PROXY_OBJECT
  5
32
102
{ACAD_REACTORS
330
2A
102
}
330
2A
100
AcDbProxyObject
 90
      499
 91
      501
 93
      388
310
4150985CDA58D07406404333333333333E33F0000000000000F90107A41107004050150841D405064090741402480A0350
1001
ACAD
1000
AcDbSavedByObjectVersion
1070
     0
  0
ACAD_PROXY_OBJECT
  5
36
102
{ACAD_REACTORS
330
2A
102
}
330
2A
100
AcDbProxyObject
 90
      499
 91
      501
 93
      428
310
42109C9A59DA1D195B90C409028333333333333E33F0000000000000F9010790141107004050150841D405064090741402480A029950
1001
ACAD
1000
AcDbSavedByObjectVersion
1070
     0
  0
ACAD_PROXY_OBJECT
  5
3A
102
{ACAD_REACTORS
330
2A
102
}
330
2A
100
AcDbProxyObject
 90
      499
 91
      501
 93
      452
310
42D0DBDB1BDC90DA185B99D95104090240C333333333333E33F0000000000000F90108901411070040501508421405064090741402480A0350
1001
ACAD
1000
AcDbSavedByObjectVersion
1070
     0
  0
ACAD_PROXY_OBJECT
  5
34
102
{ACAD_REACTORS
330
2A
102
}
330
2A
100
AcDbProxyObject
 90
      499
 91
      501
 93
      500
310
4290DBDB98D95C1D1D585B10940D028333333333333E33F0000000000000F90107902409070040501000000000018199010841D405064090740C02480A0340
1001
ACAD
1000
AcDbSavedByObjectVersion
1070
     0
  0
ACAD_PROXY_OBJECT
  5
35
102
{ACAD_REACTORS
330
2A
102
}
330
2A
100
AcDbProxyObject
 90
      499
 91
      501
 93
      412
310
40D11A5B50B409028333333333333E33F0000000000000F9010790141107004050150841D405064090741402480A02677FFFFFD0
1001
ACAD
1000
AcDbSavedByObjectVersion
1070
     0
  0
ACAD_PROXY_OBJECT
  5
3D
102
{ACAD_REACTORS
330
2A
102
}
330
2A
100
AcDbProxyObject
 90
      499
 91
      501
 93
      452
310
43115919D950DBDB1BDC93D999916409028333333333333E33F0000000000000F9010790141107004050150841D405064090741402480A0350
1001
ACAD
1000
AcDbSavedByObjectVersion
1070
     0
  0
ACAD_PROXY_OBJECT
  5
39
102
{ACAD_REACTORS
330
2A
102
}
330
2A
100
AcDbProxyObject
 90
      499
 91
      501
 93
      444
310
42D19858D95C185D1D195C9B90F409028333333333333E33F0000000000000F9010790141107004050150841D405064090741402480A0350
1001
ACAD
1000
AcDbSavedByObjectVersion
1070
     0
  0
ACAD_PROXY_OBJECT
  5
2B
102
{ACAD_REACTORS
330
2A
102
}
330
2A
100
AcDbProxyObject
 90
      499
 91
      501
 93
      380
310
41119B185D240901404333333333333E33F0000000000000F9010740A907004050150841D405064090741402480A1B50
1001
ACAD
1000
AcDbSavedByObjectVersion
1070
     0
  0
ACAD_PROXY_OBJECT
  5
2C
102
{ACAD_REACTORS
330
2A
102
}
330
2A
100
AcDbProxyObject
 90
      499
 91
      501
 93
      468
310
43519B185D15DA5D1A115919D95CD0140901404333333333333E33F0000000000000F90107409019070040501600405405064090741402480A1B50
1001
ACAD
1000
AcDbSavedByObjectVersion
1070
     0
  0
ACAD_PROXY_OBJECT
  5
2D
102
{ACAD_REACTORS
330
2A
102
}
330
2A
100
AcDbProxyObject
 90
      499
 91
      501
 93
      404
310
41D1DBDD5C985D5910240902404333333333333E33F0000000000000F9010740A9070040501641D405064090741402480A1B50
1001
ACAD
1000
AcDbSavedByObjectVersion
1070
     0
  0
ACAD_PROXY_OBJECT
  5
2E
102
{ACAD_REACTORS
330
2A
102
}
330
2A
100
AcDbProxyObject
 90
      499
 91
      501
 93
      492
310
4411DBDD5C985D5915DA5D1A115919D95CD0340902404333333333333E33F0000000000000F90107409019070040501600405405064090741402480A1B50
1001
ACAD
1000
AcDbSavedByObjectVersion
1070
     0
  0
ACAD_PROXY_OBJECT
  5
31
102
{ACAD_REACTORS
330
2A
102
}
330
2A
100
AcDbProxyObject
 90
      499
 91
      501
 93
      476
310
41921A5919195B90640502408333333333333E33F0000000000000F901079024090700405020000000000001110200405405064090740C02480A0340
1001
ACAD
1000
AcDbSavedByObjectVersion
1070
     0
  0
ACAD_PROXY_OBJECT
  5
3B
102
{ACAD_REACTORS
330
2A
102
}
330
2A
100
AcDbProxyObject
 90
      499
 91
      501
 93
      428
310
42529A5D1D195C93D999914409028333333333333E33F0000000000000F9010790141107004050150A41D405064090741402480A0350
1001
ACAD
1000
AcDbSavedByObjectVersion
1070
     0
  0
ACAD_PROXY_OBJECT
  5
38
102
{ACAD_REACTORS
330
2A
102
}
330
2A
100
AcDbProxyObject
 90
      499
 91
      501
 93
      444
310
42D31A5B995C185D1D195C9B90E409028333333333333E33F0000000000000F9010790141107004050750841D405064090741402483A0350
1001
ACAD
1000
AcDbSavedByObjectVersion
1070
     0
  0
ACAD_PROXY_OBJECT
  5
3C
102
{ACAD_REACTORS
330
2A
102
}
330
2A
100
AcDbProxyObject
 90
      499
 91
      501
 93
      444
310
42D3DD995C9A185B99D3D999915409028333333333333E33F0000000000000F9010790141107004050150941D405064090741402480A0350
1001
ACAD
1000
AcDbSavedByObjectVersion
1070
     0
  0
ACAD_PROXY_OBJECT
  5
33
102
{ACAD_REACTORS
330
2A
102
}
330
2A
100
AcDbProxyObject
 90
      499
 91
      501
 93
      428
310
425499585B1A5CDD1A58D08409038333333333333E33F0000000000000F9010740A907004050150800405405064090740C02480A1B40
1001
ACAD
1000
AcDbSavedByObjectVersion
1070
     0
  0
ACAD_PROXY_OBJECT
  5
42
102
{ACAD_REACTORS
330
2A
102
}
330
2A
100
AcDbProxyObject
 90
      499
 91
      501
 93
      420
310
4194DA1859195911B40902404333333333333E33F0000000000000F9010740A41107004050150800405405064090840C02480A0B40
1001
ACAD
1000
AcDbSavedByObjectVersion
1070
     0
  0
ACAD_PROXY_OBJECT
  5
41
102
{ACAD_REACTORS
330
2A
102
}
330
2A
100
AcDbProxyObject
 90
      499
 91
      501
 93
      516
310
4454DA18591959081DDA5D1A08195919D95CD1A40902404333333333333E33F0000000000000F901074090142907004050250800405405064090740C02480A0B40
1001
ACAD
1000
AcDbSavedByObjectVersion
1070
     0
  0
ACAD_PROXY_OBJECT
  5
3E
102
{ACAD_REACTORS
330
2A
102
}
330
2A
100
AcDbProxyObject
 90
      499
 91
      501
 93
      532
310
4394DA1859195CC81BD98811DC985E5174090240C333333333333E33F0000000000000F901079024090741D01000000000000111010841D405064090740C02480A0340
1001
ACAD
1000
AcDbSavedByObjectVersion
1070
     0
  0
ACAD_PROXY_OBJECT
  5
3F
102
{ACAD_REACTORS
330
2A
102
}
330
2A
100
AcDbProxyObject
 90
      499
 91
      501
 93
      476
310
41D4DAD95D18DA1E51840502408333333333333E33F0000000000000F901079024090741D01000000000000111010B41D405064090741802480A0340
1001
ACAD
1000
AcDbSavedByObjectVersion
1070
     0
  0
ACAD_PROXY_OBJECT
  5
37
102
{ACAD_REACTORS
330
2A
102
}
330
2A
100
AcDbProxyObject
 90
      499
 91
      501
 93
      412
310
41D51A1A58DAD95B90D409028333333333333E33F0000000000000F9010790141107004050150C41D405064090741402480A0350
1001
ACAD
1000
AcDbSavedByObjectVersion
1070
     0
  0
ACAD_PROXY_OBJECT
  5
30
102
{ACAD_REACTORS
330
2A
102
}
330
2A
100
AcDbProxyObject
 90
      499
 91
      501
 93
      420
310
4255DA5C99599C985B595059028333333333333E33F0000000000000F90107901411070040501600405405064090740C02480A0340
1001
ACAD
1000
AcDbSavedByObjectVersion
1070
     0
  0
ACAD_PROXY_OBJECT
  5
40
102
{ACAD_REACTORS
330
2A
102
}
330
2A
100
AcDbProxyObject
 90
      499
 91
      501
 93
      404
310
41560B54985E51940902404000000000000E03F0000000000000F9010740501907004050150841D405064090740C02480A1B40
1001
ACAD
1000
AcDbSavedByObjectVersion
1070
     0
  0
XRECORD
  5
743
102
{ACAD_REACTORS
330
739
102
}
330
739
100
AcDbXrecord
340
0
  0
XRECORD
  5
742
102
{ACAD_REACTORS
330
739
102
}
330
739
100
AcDbXrecord
 90
        0
  0
XRECORD
  5
759
102
{ACAD_REACTORS
330
739
102
}
330
739
100
AcDbXrecord
1000
DSTYLE
1002
{
1070
   171
 70
     2
1070
   143
 40
25.4
1070
   274
 70
     2
1070
    41
 40
0.18
1070
   141
 40
0.09
1070
   271
 70
     4
1070
    43
 40
0.38
1070
   278
 70
    46
1070
    44
 40
0.18
1070
    42
 40
0.0625
1070
   147
 40
0.09
1070
    77
 70
     0
1070
   272
 70
     4
1070
    73
 70
     1
1070
   172
 70
     0
1070
    74
 70
     1
1070
   283
 70
     1
1070
   340
340
11
1070
   140
 40
0.18
1070
   284
 70
     0
1070
    78
 70
     0
1002
}
  0
XRECORD
  5
744
102
{ACAD_REACTORS
330
739
102
}
330
739
100
AcDbXrecord
  1
{0ab75af1-81e5-0240-a86c-127e314603df}
  0
XRECORD
  5
73C
102
{ACAD_REACTORS
330
739
102
}
330
739
100
AcDbXrecord
  1

  0
XRECORD
  5
741
102
{ACAD_REACTORS
330
739
102
}
330
739
100
AcDbXrecord
 90
        6
  0
XRECORD
  5
73E
102
{ACAD_REACTORS
330
739
102
}
330
739
100
AcDbXrecord
340
1A
  0
XRECORD
  5
740
102
{ACAD_REACTORS
330
739
102
}
330
739
100
AcDbXrecord
 90
    10781
  0
XRECORD
  5
73F
102
{ACAD_REACTORS
330
739
102
}
330
739
100
AcDbXrecord
340
19
  0
XRECORD
  5
746
102
{ACAD_REACTORS
330
739
102
}
330
739
100
AcDbXrecord
 40
0.0
  0
XRECORD
  5
749
102
{ACAD_REACTORS
330
739
102
}
330
739
100
AcDbXrecord
340
0
  0
XRECORD
  5
74F
102
{ACAD_REACTORS
330
739
102
}
330
739
100
AcDbXrecord
 10
0.0
 20
0.0
 30
0.0
  0
XRECORD
  5
74B
102
{ACAD_REACTORS
330
739
102
}
330
739
100
AcDbXrecord
 10
0.0
 20
0.0
 30
0.0
  0
XRECORD
  5
74E
102
{ACAD_REACTORS
330
739
102
}
330
739
100
AcDbXrecord
 10
0.0
 20
0.0
 30
0.0
  0
XRECORD
  5
74C
102
{ACAD_REACTORS
330
739
102
}
330
739
100
AcDbXrecord
 10
0.0
 20
0.0
 30
0.0
  0
XRECORD
  5
74D
102
{ACAD_REACTORS
330
739
102
}
330
739
100
AcDbXrecord
 10
0.0
 20
0.0
 30
0.0
  0
XRECORD
  5
74A
102
{ACAD_REACTORS
330
739
102
}
330
739
100
AcDbXrecord
 10
0.0
 20
0.0
 30
0.0
  0
XRECORD
  5
747
102
{ACAD_REACTORS
330
739
102
}
330
739
100
AcDbXrecord
340
0
  0
XRECORD
  5
748
102
{ACAD_REACTORS
330
739
102
}
330
739
100
AcDbXrecord
 70
     0
  0
XRECORD
  5
73D
102
{ACAD_REACTORS
330
739
102
}
330
739
100
AcDbXrecord
  1

  0
XRECORD
  5
73A
102
{ACAD_REACTORS
330
739
102
}
330
739
100
AcDbXrecord
 90
        1
  0
XRECORD
  5
73B
102
{ACAD_REACTORS
330
739
102
}
330
739
100
AcDbXrecord
 90
       70
  0
XRECORD
  5
752
102
{ACAD_REACTORS
330
739
102
}
330
739
100
AcDbXrecord
340
0
  0
XRECORD
  5
758
102
{ACAD_REACTORS
330
739
102
}
330
739
100
AcDbXrecord
 10
0.0
 20
0.0
 30
0.0
  0
XRECORD
  5
754
102
{ACAD_REACTORS
330
739
102
}
330
739
100
AcDbXrecord
 10
0.0
 20
0.0
 30
0.0
  0
XRECORD
  5
757
102
{ACAD_REACTORS
330
739
102
}
330
739
100
AcDbXrecord
 10
0.0
 20
0.0
 30
0.0
  0
XRECORD
  5
755
102
{ACAD_REACTORS
330
739
102
}
330
739
100
AcDbXrecord
 10
0.0
 20
0.0
 30
0.0
  0
XRECORD
  5
756
102
{ACAD_REACTORS
330
739
102
}
330
739
100
AcDbXrecord
 10
0.0
 20
0.0
 30
0.0
  0
XRECORD
  5
753
102
{ACAD_REACTORS
330
739
102
}
330
739
100
AcDbXrecord
 10
0.0
 20
0.0
 30
0.0
  0
XRECORD
  5
750
102
{ACAD_REACTORS
330
739
102
}
330
739
100
AcDbXrecord
340
0
  0
XRECORD
  5
751
102
{ACAD_REACTORS
330
739
102
}
330
739
100
AcDbXrecord
 70
     0
  0
XRECORD
  5
745
102
{ACAD_REACTORS
330
739
102
}
330
739
100
AcDbXrecord
  1
{FAEB1C32-E019-11D5-929B-00C0DF256EC4}
  0
DICTIONARYVAR
  5
764
102
{ACAD_REACTORS
330
75A
102
}
330
75A
100
DictionaryVariables
280
     0
  1
1:1
  0
DICTIONARYVAR
  5
75C
102
{ACAD_REACTORS
330
75A
102
}
330
75A
100
DictionaryVariables
280
     0
  1
Standard
  0
DICTIONARYVAR
  5
75B
102
{ACAD_REACTORS
330
75A
102
}
330
75A
100
DictionaryVariables
280
     0
  1
Standard
  0
DICTIONARYVAR
  5
75F
102
{ACAD_REACTORS
330
75A
102
}
330
75A
100
DictionaryVariables
280
     0
  1
2
  0
DICTIONARYVAR
  5
760
102
{ACAD_REACTORS
330
75A
102
}
330
75A
100
DictionaryVariables
280
     0
  1
1
  0
DICTIONARYVAR
  5
765
102
{ACAD_REACTORS
330
75A
102
}
330
75A
100
DictionaryVariables
280
     0
  1
1
  0
DICTIONARY
  5
768
330
45
100
AcDbDictionary
280
     1
  3
ACAD_XREC_ROUNDTRIP
360
769
  0
DICTIONARY
  5
766
330
44
100
AcDbDictionary
280
     1
  3
ACAD_XREC_ROUNDTRIP
360
767
  0
DICTIONARY
  5
76A
330
46
100
AcDbDictionary
280
     1
  3
ACAD_XREC_ROUNDTRIP
360
76B
  0
XRECORD
  5
769
102
{ACAD_REACTORS
330
768
102
}
330
768
100
AcDbXrecord
102
MATERIAL
148
0.0
149
0.0
149
0.0
 93
        0
 94
      127
282
     0
 72
     1
 77
     1
171
     1
175
     1
179
     1
273
     0
  0
XRECORD
  5
767
102
{ACAD_REACTORS
330
766
102
}
330
766
100
AcDbXrecord
102
MATERIAL
148
0.0
149
0.0
149
0.0
 93
        0
 94
      127
282
     0
 72
     1
 77
     1
171
     1
175
     1
179
     1
273
     0
  0
XRECORD
  5
76B
102
{ACAD_REACTORS
330
76A
102
}
330
76A
100
AcDbXrecord
102
MATERIAL
148
0.0
149
0.0
149
0.0
 93
        0
 94
      127
282
     0
 72
     1
 77
     1
171
     1
175
     1
179
     1
273
     0
  0
ENDSEC
  0
EOF
