  0
SECTION
  2
HEADER
  9
$ACADVER
  1
AC1014
  9
$ACADMAINTVER
 70
     9
  9
$DWGCODEPAGE
  3
CNT
  9
$INSBASE
 10
0.0
 20
0.0
 30
0.0
  9
$EXTMIN
 10
1.000000000000000E+20
 20
1.000000000000000E+20
 30
1.000000000000000E+20
  9
$EXTMAX
 10
-1.000000000000000E+20
 20
-1.000000000000000E+20
 30
-1.000000000000000E+20
  9
$LIMMIN
 10
0.0
 20
0.0
  9
$LIMMAX
 10
12.0
 20
9.0
  9
$ORTHOMODE
 70
     0
  9
$REGENMODE
 70
     1
  9
$FILLMODE
 70
     1
  9
$QTEXTMODE
 70
     0
  9
$MIRRTEXT
 70
     1
  9
$DRAGMODE
 70
     2
  9
$LTSCALE
 40
1.0
  9
$OSMODE
 70
    37
  9
$ATTMODE
 70
     1
  9
$TEXTSIZE
 40
0.2
  9
$TRACEWID
 40
0.05
  9
$TEXTSTYLE
  7
STANDARD
  9
$CLAYER
  8
0
  9
$CELTYPE
  6
BYLAYER
  9
$CECOLOR
 62
   256
  9
$CELTSCALE
 40
1.0
  9
$DELOBJ
 70
     1
  9
$DISPSILH
 70
     0
  9
$DIMSCALE
 40
1.0
  9
$DIMASZ
 40
0.18
  9
$DIMEXO
 40
0.0625
  9
$DIMDLI
 40
0.38
  9
$DIMRND
 40
0.0
  9
$DIMDLE
 40
0.0
  9
$DIMEXE
 40
0.18
  9
$DIMTP
 40
0.0
  9
$DIMTM
 40
0.0
  9
$DIMTXT
 40
0.18
  9
$DIMCEN
 40
0.09
  9
$DIMTSZ
 40
0.0
  9
$DIMTOL
 70
     0
  9
$DIMLIM
 70
     0
  9
$DIMTIH
 70
     1
  9
$DIMTOH
 70
     1
  9
$DIMSE1
 70
     0
  9
$DIMSE2
 70
     0
  9
$DIMTAD
 70
     0
  9
$DIMZIN
 70
     0
  9
$DIMBLK
  1

  9
$DIMASO
 70
     1
  9
$DIMSHO
 70
     1
  9
$DIMPOST
  1

  9
$DIMAPOST
  1

  9
$DIMALT
 70
     0
  9
$DIMALTD
 70
     2
  9
$DIMALTF
 40
25.4
  9
$DIMLFAC
 40
1.0
  9
$DIMTOFL
 70
     0
  9
$DIMTVP
 40
0.0
  9
$DIMTIX
 70
     0
  9
$DIMSOXD
 70
     0
  9
$DIMSAH
 70
     0
  9
$DIMBLK1
  1

  9
$DIMBLK2
  1

  9
$DIMSTYLE
  2
STANDARD
  9
$DIMCLRD
 70
     0
  9
$DIMCLRE
 70
     0
  9
$DIMCLRT
 70
     0
  9
$DIMTFAC
 40
1.0
  9
$DIMGAP
 40
0.09
  9
$DIMJUST
 70
     0
  9
$DIMSD1
 70
     0
  9
$DIMSD2
 70
     0
  9
$DIMTOLJ
 70
     1
  9
$DIMTZIN
 70
     0
  9
$DIMALTZ
 70
     0
  9
$DIMALTTZ
 70
     0
  9
$DIMFIT
 70
     3
  9
$DIMUPT
 70
     0
  9
$DIMUNIT
 70
     2
  9
$DIMDEC
 70
     4
  9
$DIMTDEC
 70
     4
  9
$DIMALTU
 70
     2
  9
$DIMALTTD
 70
     2
  9
$DIMTXSTY
  7
STANDARD
  9
$DIMAUNIT
 70
     0
  9
$LUNITS
 70
     2
  9
$LUPREC
 70
     4
  9
$SKETCHINC
 40
0.1
  9
$FILLETRAD
 40
0.0
  9
$AUNITS
 70
     0
  9
$AUPREC
 70
     0
  9
$MENU
  1
.
  9
$ELEVATION
 40
0.0
  9
$PELEVATION
 40
0.0
  9
$THICKNESS
 40
0.0
  9
$LIMCHECK
 70
     0
  9
$CHAMFERA
 40
0.0
  9
$CHAMFERB
 40
0.0
  9
$CHAMFERC
 40
0.0
  9
$CHAMFERD
 40
0.0
  9
$SKPOLY
 70
     0
  9
$TDCREATE
 40
2461185.71647316
  9
$TDUPDATE
 40
2461185.716473484
  9
$TDINDWG
 40
0.0000000116
  9
$TDUSRTIMER
 40
0.0000000116
  9
$USRTIMER
 70
     1
  9
$ANGBASE
 50
0.0
  9
$ANGDIR
 70
     0
  9
$PDMODE
 70
     0
  9
$PDSIZE
 40
0.0
  9
$PLINEWID
 40
0.0
  9
$COORDS
 70
     1
  9
$SPLFRAME
 70
     0
  9
$SPLINETYPE
 70
     6
  9
$SPLINESEGS
 70
     8
  9
$ATTDIA
 70
     1
  9
$ATTREQ
 70
     1
  9
$HANDLING
 70
     1
  9
$HANDSEED
  5
483
  9
$SURFTAB1
 70
     6
  9
$SURFTAB2
 70
     6
  9
$SURFTYPE
 70
     6
  9
$SURFU
 70
     6
  9
$SURFV
 70
     6
  9
$UCSNAME
  2

  9
$UCSORG
 10
0.0
 20
0.0
 30
0.0
  9
$UCSXDIR
 10
1.0
 20
0.0
 30
0.0
  9
$UCSYDIR
 10
0.0
 20
1.0
 30
0.0
  9
$PUCSNAME
  2

  9
$PUCSORG
 10
0.0
 20
0.0
 30
0.0
  9
$PUCSXDIR
 10
1.0
 20
0.0
 30
0.0
  9
$PUCSYDIR
 10
0.0
 20
1.0
 30
0.0
  9
$USERI1
 70
     0
  9
$USERI2
 70
     0
  9
$USERI3
 70
     0
  9
$USERI4
 70
     0
  9
$USERI5
 70
     0
  9
$USERR1
 40
0.0
  9
$USERR2
 40
0.0
  9
$USERR3
 40
0.0
  9
$USERR4
 40
0.0
  9
$USERR5
 40
0.0
  9
$WORLDVIEW
 70
     1
  9
$SHADEDGE
 70
     3
  9
$SHADEDIF
 70
    70
  9
$TILEMODE
 70
     1
  9
$MAXACTVP
 70
    64
  9
$PINSBASE
 10
0.0
 20
0.0
 30
0.0
  9
$PLIMCHECK
 70
     0
  9
$PEXTMIN
 10
1.000000000000000E+20
 20
1.000000000000000E+20
 30
1.000000000000000E+20
  9
$PEXTMAX
 10
-1.000000000000000E+20
 20
-1.000000000000000E+20
 30
-1.000000000000000E+20
  9
$PLIMMIN
 10
0.0
 20
0.0
  9
$PLIMMAX
 10
12.0
 20
9.0
  9
$UNITMODE
 70
     0
  9
$VISRETAIN
 70
     1
  9
$PLINEGEN
 70
     0
  9
$PSLTSCALE
 70
     1
  9
$TREEDEPTH
 70
  3020
  9
$PICKSTYLE
 70
     1
  9
$CMLSTYLE
  2
STANDARD
  9
$CMLJUST
 70
     0
  9
$CMLSCALE
 40
1.0
  9
$PROXYGRAPHICS
 70
     1
  9
$MEASUREMENT
 70
     1
  0
ENDSEC
  0
SECTION
  2
CLASSES
  0
CLASS
  1
ACDBDICTIONARYWDFLT
  2
AcDbDictionaryWithDefault
  3
ObjectDBX Classes
 90
        0
280
     0
281
     0
  0
CLASS
  1
VISUALSTYLE
  2
AcDbVisualStyle
  3
ObjectDBX Classes
 90
     4095
280
     0
281
     0
  0
CLASS
  1
MATERIAL
  2
AcDbMaterial
  3
ObjectDBX Classes
 90
     1153
280
     0
281
     0
  0
CLASS
  1
SCALE
  2
AcDbScale
  3
ObjectDBX Classes
 90
     1153
280
     0
281
     0
  0
CLASS
  1
TABLESTYLE
  2
AcDbTableStyle
  3
ObjectDBX Classes
 90
     4095
280
     0
281
     0
  0
CLASS
  1
MLEADERSTYLE
  2
AcDbMLeaderStyle
  3
ACDB_MLEADERSTYLE_CLASS
 90
     4095
280
     0
281
     0
  0
CLASS
  1
SUN
  2
AcDbSun
  3
SCENEOE
 90
     1153
280
     0
281
     0
  0
CLASS
  1
DICTIONARYVAR
  2
AcDbDictionaryVar
  3
ObjectDBX Classes
 90
        0
280
     0
281
     0
  0
CLASS
  1
XRECORD
  2
AcDbXrecord
  3
ObjectDBX Classes
 90
        0
280
     0
281
     0
  0
CLASS
  1
LWPOLYLINE
  2
AcDbPolyline
  3
ObjectDBX Classes
 90
        0
280
     0
281
     1
  0
CLASS
  1
HATCH
  2
AcDbHatch
  3
ObjectDBX Classes
 90
        0
280
     0
281
     1
  0
CLASS
  1
ACDBPLACEHOLDER
  2
AcDbPlaceHolder
  3
ObjectDBX Classes
 90
        0
280
     0
281
     0
  0
CLASS
  1
LAYOUT
  2
AcDbLayout
  3
ObjectDBX Classes
 90
        0
280
     0
281
     0
  0
ENDSEC
  0
SECTION
  2
TABLES
  0
TABLE
  2
VPORT
  5
8
102
{ACAD_XDICTIONARY
360
478
102
}
330
0
100
AcDbSymbolTable
 70
     1
  0
VPORT
  5
29
330
8
100
AcDbSymbolTableRecord
100
AcDbViewportTableRecord
  2
*ACTIVE
 70
     0
 10
0.0
 20
0.0
 11
1.0
 21
1.0
 12
0.0
 22
0.0
 13
0.0
 23
0.0
 14
0.5
 24
0.5
 15
0.5
 25
0.5
 16
0.0
 26
0.0
 36
1.0
 17
0.0
 27
0.0
 37
-1000.0
 40
24.9104615965209
 41
1.333333333333333
 42
50.0
 43
301.1673406950503
 44
336.0172991830556
 50
0.0
 51
0.0
 71
     0
 72
   100
 73
     1
 74
     3
 75
     0
 76
     0
 77
     0
 78
     0
  0
ENDTAB
  0
TABLE
  2
LTYPE
  5
5
330
0
100
AcDbSymbolTable
 70
     1
  0
LTYPE
  5
14
330
5
100
AcDbSymbolTableRecord
100
AcDbLinetypeTableRecord
  2
BYBLOCK
 70
     0
  3

 72
    65
 73
     0
 40
0.0
  0
LTYPE
  5
15
330
5
100
AcDbSymbolTableRecord
100
AcDbLinetypeTableRecord
  2
BYLAYER
 70
     0
  3

 72
    65
 73
     0
 40
0.0
  0
LTYPE
  5
16
330
5
100
AcDbSymbolTableRecord
100
AcDbLinetypeTableRecord
  2
CONTINUOUS
 70
     0
  3
Solid line
 72
    65
 73
     0
 40
0.0
  0
ENDTAB
  0
TABLE
  2
LAYER
  5
2
330
0
100
AcDbSymbolTable
 70
     3
  0
LAYER
  5
10
330
2
100
AcDbSymbolTableRecord
100
AcDbLayerTableRecord
  2
0
 70
     0
 62
     7
  6
CONTINUOUS
  0
LAYER
  5
5E
330
2
100
AcDbSymbolTableRecord
100
AcDbLayerTableRecord
  2
PROFILEEDGES
 70
     0
 62
     7
  6
CONTINUOUS
  0
LAYER
  5
5F
330
2
100
AcDbSymbolTableRecord
100
AcDbLayerTableRecord
  2
SECTIONCUTEDGES
 70
     0
 62
     7
  6
CONTINUOUS
  0
ENDTAB
  0
TABLE
  2
STYLE
  5
3
330
0
100
AcDbSymbolTable
 70
     2
  0
STYLE
  5
11
330
3
100
AcDbSymbolTableRecord
100
AcDbTextStyleTableRecord
  2
STANDARD
 70
     0
 40
0.0
 41
1.0
 50
0.0
 71
     0
 42
0.2
  3
txt
  4

  0
STYLE
  5
41A
330
3
100
AcDbSymbolTableRecord
100
AcDbTextStyleTableRecord
  2
TAHOMA
 70
     0
 40
0.0
 41
1.0
 50
0.0
 71
     0
 42
0.2
  3

  4

1001
ACAD
1000
Tahoma
1071
       34
  0
ENDTAB
  0
TABLE
  2
VIEW
  5
6
330
0
100
AcDbSymbolTable
 70
     0
  0
ENDTAB
  0
TABLE
  2
UCS
  5
7
330
0
100
AcDbSymbolTable
 70
     0
  0
ENDTAB
  0
TABLE
  2
APPID
  5
9
330
0
100
AcDbSymbolTable
 70
     2
  0
APPID
  5
12
330
9
100
AcDbSymbolTableRecord
100
AcDbRegAppTableRecord
  2
ACAD
 70
     0
  0
APPID
  5
482
330
9
100
AcDbSymbolTableRecord
100
AcDbRegAppTableRecord
  2
ACAD_MLEADERVER
 70
     0
  0
ENDTAB
  0
TABLE
  2
DIMSTYLE
  5
A
330
0
100
AcDbSymbolTable
 70
     1
  0
DIMSTYLE
105
27
330
A
100
AcDbSymbolTableRecord
100
AcDbDimStyleTableRecord
  2
STANDARD
 70
     0
  3

  4

  5

  6

  7

 40
1.0
 41
0.18
 42
0.0625
 43
0.38
 44
0.18
 45
0.0
 46
0.0
 47
0.0
 48
0.0
140
0.18
141
0.09
142
0.0
143
25.4
144
1.0
145
0.0
146
1.0
147
0.09
 71
     0
 72
     0
 73
     1
 74
     1
 75
     0
 76
     0
 77
     0
 78
     0
170
     0
171
     2
172
     0
173
     0
174
     0
175
     0
176
     0
177
     0
178
     0
270
     2
271
     4
272
     4
273
     2
274
     2
340
11
275
     0
280
     0
281
     0
282
     0
283
     1
284
     0
285
     0
286
     0
287
     3
288
     0
  0
ENDTAB
  0
TABLE
  2
BLOCK_RECORD
  5
1
330
0
100
AcDbSymbolTable
 70
     0
  0
BLOCK_RECORD
  5
1F
330
1
100
AcDbSymbolTableRecord
100
AcDbBlockTableRecord
  2
*MODEL_SPACE
  0
BLOCK_RECORD
  5
1B
330
1
100
AcDbSymbolTableRecord
100
AcDbBlockTableRecord
  2
*PAPER_SPACE
  0
ENDTAB
  0
ENDSEC
  0
SECTION
  2
BLOCKS
  0
BLOCK
  5
20
330
1F
100
AcDbEntity
  8
0
100
AcDbBlockBegin
  2
*MODEL_SPACE
 70
     0
 10
0.0
 20
0.0
 30
0.0
  3
*MODEL_SPACE
  1

  0
ENDBLK
  5
21
330
1F
100
AcDbEntity
  8
0
100
AcDbBlockEnd
  0
BLOCK
  5
1C
330
1B
100
AcDbEntity
 67
     1
  8
0
100
AcDbBlockBegin
  2
*PAPER_SPACE
 70
     0
 10
0.0
 20
0.0
 30
0.0
  3
*PAPER_SPACE
  1

  0
ENDBLK
  5
1D
330
1B
100
AcDbEntity
 67
     1
  8
0
100
AcDbBlockEnd
  0
ENDSEC
  0
SECTION
  2
ENTITIES
  0
LINE
  5
60
330
1F
100
AcDbEntity
  8
0
100
AcDbLine
 10
-5.296749428457127
 20
-4.853992002024712
 30
0.0
 11
-5.221249428457127
 21
-4.853992005759206
 31
0.0
  0
LINE
  5
61
330
1F
100
AcDbEntity
  8
0
100
AcDbLine
 10
-8.270699154947396
 20
-0.9039919010435126
 30
0.0
 11
-7.070699154947394
 21
-0.9039919010435241
 31
0.0
  0
LINE
  5
62
330
1F
100
AcDbEntity
  8
0
100
AcDbLine
 10
-4.470699154947327
 20
5.94600809895646
 30
0.0
 11
-4.320699154947326
 21
5.94600809895646
 31
0.0
  0
LINE
  5
63
330
1F
100
AcDbEntity
  8
0
100
AcDbLine
 10
-8.120699154947326
 20
6.296158226523391
 30
0.0
 11
-9.325490902037544
 21
6.296158226523403
 31
0.0
  0
LINE
  5
64
330
1F
100
AcDbEntity
  8
0
100
AcDbLine
 10
-8.120699154947328
 20
6.14615822652339
 30
0.0
 11
-8.120699154947326
 21
6.296158226523391
 31
0.0
  0
LINE
  5
65
330
1F
100
AcDbEntity
  8
0
100
AcDbLine
 10
-6.870699154947413
 20
-3.30399190104357
 30
0.0
 11
-6.87069915494739
 21
-0.8299471335126043
 31
0.0
  0
LINE
  5
66
330
1F
100
AcDbEntity
  8
0
100
AcDbLine
 10
-6.87069915494739
 20
-0.7544471335126041
 30
0.0
 11
-6.87069915494739
 21
-0.7539919010435294
 31
0.0
  0
LINE
  5
67
330
1F
100
AcDbEntity
  8
0
100
AcDbLine
 10
-5.220699154947418
 20
-3.953991901043587
 30
0.0
 11
-5.220699154947389
 21
-0.753991901043541
 31
0.0
  0
LINE
  5
68
330
1F
100
AcDbEntity
  8
0
100
AcDbLine
 10
5.979300845052616
 20
-1.005461992779037
 30
0.0
 11
5.979300845052584
 21
-4.803991901043691
 31
0.0
  0
LINE
  5
69
330
1F
100
AcDbEntity
  8
0
100
AcDbLine
 10
6.229300845052631
 20
0.4466905491164022
 30
0.0
 11
5.629300845052629
 21
0.4466905491164079
 31
0.0
  0
LINE
  5
6A
330
1F
100
AcDbEntity
  8
0
100
AcDbLine
 10
5.629300845052631
 20
0.6460080989563544
 30
0.0
 11
6.229300845052633
 21
0.6460080989563486
 31
0.0
  0
LINE
  5
6B
330
1F
100
AcDbEntity
  8
0
100
AcDbLine
 10
5.629300845052629
 20
0.4466905491164079
 30
0.0
 11
5.629300845052629
 21
0.4476483996760933
 31
0.0
  0
LINE
  5
6C
330
1F
100
AcDbEntity
  8
0
100
AcDbLine
 10
5.62930084505263
 20
0.5476483996760936
 30
0.0
 11
5.629300845052631
 21
0.6460080989563544
 31
0.0
  0
LINE
  5
6D
330
1F
100
AcDbEntity
  8
0
100
AcDbLine
 10
6.229300845052617
 20
-1.005461992779042
 30
0.0
 11
5.979300845052616
 21
-1.005461992779037
 31
0.0
  0
LINE
  5
6E
330
1F
100
AcDbEntity
  8
0
100
AcDbLine
 10
6.229300845052576
 20
-5.053991901043695
 30
0.0
 11
6.229300845052617
 21
-1.005461992779042
 31
0.0
  0
LINE
  5
6F
330
1F
100
AcDbEntity
  8
0
100
AcDbLine
 10
6.229300845052631
 20
0.4466905491164022
 30
0.0
 11
6.229300845052631
 21
0.4493439206477514
 31
0.0
  0
LINE
  5
70
330
1F
100
AcDbEntity
  8
0
100
AcDbLine
 10
6.229300845052632
 20
0.4821099206477552
 30
0.0
 11
6.229300845052633
 21
0.6460080989563486
 31
0.0
  0
LINE
  5
71
330
1F
100
AcDbEntity
  8
0
100
AcDbLine
 10
-13.37069915494734
 20
4.896008098956543
 30
0.0
 11
-13.37069915494731
 21
7.796008098956542
 31
0.0
  0
LINE
  5
72
330
1F
100
AcDbEntity
  8
0
100
AcDbLine
 10
-5.220699154947389
 20
-0.753991901043541
 30
0.0
 11
-5.97069915494739
 21
-0.7539919010435583
 31
0.0
  0
LINE
  5
73
330
1F
100
AcDbEntity
  8
0
100
AcDbLine
 10
-9.620699154947395
 20
-0.903991901043501
 30
0.0
 11
-9.470699154987718
 21
-0.9039918938388481
 31
0.0
  0
LINE
  5
74
330
1F
100
AcDbEntity
  8
0
100
AcDbLine
 10
-7.070699154947444
 20
-6.45399190104357
 30
0.0
 11
-6.870699154947444
 21
-6.45399190104357
 31
0.0
  0
LINE
  5
75
330
1F
100
AcDbEntity
  8
0
100
AcDbLine
 10
-6.870699154947431
 20
-5.053991901043568
 30
0.0
 11
-6.870699154947444
 21
-6.45399190104357
 31
0.0
  0
LINE
  5
76
330
1F
100
AcDbEntity
  8
0
100
AcDbLine
 10
-5.370699154947391
 20
-0.9039919010435414
 30
0.0
 11
-5.970699154947391
 21
-0.9039919010435357
 31
0.0
  0
LINE
  5
77
330
1F
100
AcDbEntity
  8
0
100
AcDbLine
 10
-5.370699154947391
 20
-0.9039919010435414
 30
0.0
 11
-5.370699154947412
 21
-3.303991901043582
 31
0.0
  0
LINE
  5
78
330
1F
100
AcDbEntity
  8
0
100
AcDbLine
 10
-5.370699154947412
 20
-3.303991901043582
 30
0.0
 11
-6.870699154947413
 21
-3.30399190104357
 31
0.0
  0
LINE
  5
79
330
1F
100
AcDbEntity
  8
0
100
AcDbLine
 10
-5.370699154947414
 20
-3.453991901043582
 30
0.0
 11
-6.870699154947413
 21
-3.453991901043568
 31
0.0
  0
LINE
  5
7A
330
1F
100
AcDbEntity
  8
0
100
AcDbLine
 10
-9.325490902037528
 20
7.796008098956501
 30
0.0
 11
-9.325490902037544
 21
6.296158226523403
 31
0.0
  0
LINE
  5
7B
330
1F
100
AcDbEntity
  8
0
100
AcDbLine
 10
-13.57069915494731
 20
7.996008098956549
 30
0.0
 11
-2.320699154947308
 21
7.996008098956438
 31
0.0
  0
LINE
  5
7C
330
1F
100
AcDbEntity
  8
0
100
AcDbLine
 10
-13.57069915494746
 20
-8.05399190104351
 30
0.0
 11
-13.57069915494731
 21
7.996008098956549
 31
0.0
  0
LINE
  5
7D
330
1F
100
AcDbEntity
  8
0
100
AcDbLine
 10
-6.870699154947451
 20
-7.253991901043571
 30
0.0
 11
-6.870699154947459
 21
-7.90399190104357
 31
0.0
  0
LINE
  5
7E
330
1F
100
AcDbEntity
  8
0
100
AcDbLine
 10
-13.37069915494738
 20
0.4460080989565269
 30
0.0
 11
-13.37069915494746
 21
-8.05399190104351
 31
0.0
  0
LINE
  5
7F
330
1F
100
AcDbEntity
  8
0
100
AcDbLine
 10
-13.37069915494746
 20
-8.05399190104351
 30
0.0
 11
-13.57069915494746
 21
-8.05399190104351
 31
0.0
  0
LINE
  5
80
330
1F
100
AcDbEntity
  8
0
100
AcDbLine
 10
-7.07069915494746
 20
-8.05399190104357
 30
0.0
 11
8.079300845052547
 21
-8.053991901043712
 31
0.0
  0
LINE
  5
81
330
1F
100
AcDbEntity
  8
0
100
AcDbLine
 10
-13.37069915494737
 20
0.5960080989565274
 30
0.0
 11
-13.37069915494734
 21
4.696008098956542
 31
0.0
  0
LINE
  5
82
330
1F
100
AcDbEntity
  8
0
100
AcDbLine
 10
-2.320699154947337
 20
4.696008098956439
 30
0.0
 11
-2.320699154947335
 21
4.896008098956439
 31
0.0
  0
LINE
  5
83
330
1F
100
AcDbEntity
  8
0
100
AcDbLine
 10
-2.320699154947378
 20
0.4460080989564345
 30
0.0
 11
-2.320699154947378
 21
0.447648399676168
 31
0.0
  0
LINE
  5
84
330
1F
100
AcDbEntity
  8
0
100
AcDbLine
 10
-2.320699154947378
 20
0.5476483996761684
 30
0.0
 11
-2.320699154947377
 21
0.6460080989564352
 31
0.0
  0
LINE
  5
85
330
1F
100
AcDbEntity
  8
0
100
AcDbLine
 10
-6.870699154947428
 20
-4.853991901040279
 30
0.0
 11
-6.870699154947413
 21
-3.453991901043568
 31
0.0
  0
LINE
  5
86
330
1F
100
AcDbEntity
  8
0
100
AcDbLine
 10
-7.07069915494738
 20
0.4460080989564691
 30
0.0
 11
-2.320699154947378
 21
0.4460080989564345
 31
0.0
  0
LINE
  5
87
330
1F
100
AcDbEntity
  8
0
100
AcDbLine
 10
-5.220699154947428
 20
-5.053991901043585
 30
0.0
 11
-5.220699154947428
 21
-5.053270330958095
 31
0.0
  0
LINE
  5
88
330
1F
100
AcDbEntity
  8
0
100
AcDbLine
 10
-5.220699154947427
 20
-4.953270330958095
 30
0.0
 11
-5.220699154947426
 21
-4.853991901043584
 31
0.0
  0
LINE
  5
89
330
1F
100
AcDbEntity
  8
0
100
AcDbLine
 10
-5.220699154947426
 20
-4.853991901043584
 30
0.0
 11
-5.221249428457127
 21
-4.853992005759206
 31
0.0
  0
LINE
  5
8A
330
1F
100
AcDbEntity
  8
0
100
AcDbLine
 10
-5.296749428457127
 20
-4.853992002024712
 30
0.0
 11
-6.870699154947428
 21
-4.853991901040279
 31
0.0
  0
LINE
  5
8B
330
1F
100
AcDbEntity
  8
0
100
AcDbLine
 10
-9.325490902037528
 20
7.796008098956501
 30
0.0
 11
-8.270699154947309
 21
7.796008098956496
 31
0.0
  0
LINE
  5
8C
330
1F
100
AcDbEntity
  8
0
100
AcDbLine
 10
-8.120699154947337
 20
4.896008098956491
 30
0.0
 11
-13.37069915494734
 21
4.896008098956543
 31
0.0
  0
LINE
  5
8D
330
1F
100
AcDbEntity
  8
0
100
AcDbLine
 10
-13.37069915494731
 20
7.796008098956542
 30
0.0
 11
-9.47549090203753
 21
7.796008098956507
 31
0.0
  0
LINE
  5
8E
330
1F
100
AcDbEntity
  8
0
100
AcDbLine
 10
-9.479092887602764
 20
0.5960080989564929
 30
0.0
 11
-13.37069915494737
 21
0.5960080989565274
 31
0.0
  0
LINE
  5
8F
330
1F
100
AcDbEntity
  8
0
100
AcDbLine
 10
-9.620699154947383
 20
0.4460080989564922
 30
0.0
 11
-13.37069915494738
 21
0.4460080989565269
 31
0.0
  0
LINE
  5
90
330
1F
100
AcDbEntity
  8
0
100
AcDbLine
 10
-8.27069915494734
 20
4.696008098956496
 30
0.0
 11
-13.37069915494734
 21
4.696008098956542
 31
0.0
  0
LINE
  5
91
330
1F
100
AcDbEntity
  8
0
100
AcDbLine
 10
-6.870699154947451
 20
-7.253991901043571
 30
0.0
 11
-6.873414370067563
 21
-7.253991901043571
 31
0.0
  0
LINE
  5
92
330
1F
100
AcDbEntity
  8
0
100
AcDbLine
 10
-6.906180370067564
 20
-7.253991901043571
 30
0.0
 11
-7.070699154947452
 21
-7.253991901043571
 31
0.0
  0
LINE
  5
93
330
1F
100
AcDbEntity
  8
0
100
AcDbLine
 10
7.92930084505255
 20
-7.903991901043711
 30
0.0
 11
-6.870699154947459
 21
-7.90399190104357
 31
0.0
  0
LINE
  5
94
330
1F
100
AcDbEntity
  8
0
100
AcDbLine
 10
7.929300845052556
 20
-7.153991901043711
 30
0.0
 11
7.92930084505255
 21
-7.903991901043711
 31
0.0
  0
LINE
  5
95
330
1F
100
AcDbEntity
  8
0
100
AcDbLine
 10
8.079300845052556
 20
-7.153991901043711
 30
0.0
 11
7.929300845052556
 21
-7.153991901043711
 31
0.0
  0
LINE
  5
96
330
1F
100
AcDbEntity
  8
0
100
AcDbLine
 10
-4.320699154947326
 20
5.94600809895646
 30
0.0
 11
-4.32069915494731
 21
7.796008098956455
 31
0.0
  0
LINE
  5
97
330
1F
100
AcDbEntity
  8
0
100
AcDbLine
 10
-4.470699154947311
 20
7.796008098956455
 30
0.0
 11
-4.470699154947327
 21
5.94600809895646
 31
0.0
  0
LINE
  5
98
330
1F
100
AcDbEntity
  8
0
100
AcDbLine
 10
-7.07069915494734
 20
4.696008098956485
 30
0.0
 11
-2.320699154947337
 21
4.696008098956439
 31
0.0
  0
LINE
  5
99
330
1F
100
AcDbEntity
  8
0
100
AcDbLine
 10
-9.620699154947395
 20
-0.903991901043501
 30
0.0
 11
-9.620699154947383
 21
0.4460080989564922
 31
0.0
  0
LINE
  5
9A
330
1F
100
AcDbEntity
  8
0
100
AcDbLine
 10
-9.475490902037546
 20
6.146158226523408
 30
0.0
 11
-9.47549090203753
 21
7.796008098956507
 31
0.0
  0
LINE
  5
9B
330
1F
100
AcDbEntity
  8
0
100
AcDbLine
 10
-8.120699154947328
 20
6.14615822652339
 30
0.0
 11
-9.475490902037546
 21
6.146158226523408
 31
0.0
  0
LINE
  5
9C
330
1F
100
AcDbEntity
  8
0
100
AcDbLine
 10
-8.120699154947319
 20
7.046008098956487
 30
0.0
 11
-8.270699154947314
 21
7.046008098956493
 31
0.0
  0
LINE
  5
9D
330
1F
100
AcDbEntity
  8
0
100
AcDbLine
 10
-8.270699154947314
 20
7.046008098956493
 30
0.0
 11
-8.270699154947309
 21
7.796008098956496
 31
0.0
  0
LINE
  5
9E
330
1F
100
AcDbEntity
  8
0
100
AcDbLine
 10
-5.370699154947421
 20
-3.953991901043584
 30
0.0
 11
-5.370699154947414
 21
-3.453991901043582
 31
0.0
  0
LINE
  5
9F
330
1F
100
AcDbEntity
  8
0
100
AcDbLine
 10
6.229300845052576
 20
-5.053991901043695
 30
0.0
 11
5.629300845170043
 21
-5.053991901134044
 31
0.0
  0
LINE
  5
A0
330
1F
100
AcDbEntity
  8
0
100
AcDbLine
 10
13.2793008450527
 20
-3.878309450883706
 30
0.0
 11
13.2793008450527
 21
-0.5783094508836824
 31
0.0
  0
LINE
  5
A1
330
1F
100
AcDbEntity
  8
0
100
AcDbLine
 10
13.07930084505266
 20
-0.5783094508836824
 30
0.0
 11
13.2793008450527
 21
-0.5783094508836824
 31
0.0
  0
LINE
  5
A2
330
1F
100
AcDbEntity
  8
0
100
AcDbLine
 10
13.2793008450527
 20
-3.878309450883706
 30
0.0
 11
13.07930084505254
 21
-3.878309450883671
 31
0.0
  0
LINE
  5
A3
330
1F
100
AcDbEntity
  8
0
100
AcDbLine
 10
13.2793008450527
 20
0.0216905491163082
 30
0.0
 11
13.2793008450527
 21
3.319190592556062
 31
0.0
  0
LINE
  5
A4
330
1F
100
AcDbEntity
  8
0
100
AcDbLine
 10
13.07930084505271
 20
0.0216905491163198
 30
0.0
 11
13.24653484505264
 21
0.0216905491163101
 31
0.0
  0
LINE
  5
A5
330
1F
100
AcDbEntity
  8
0
100
AcDbLine
 10
13.24893417473135
 20
3.321690549116343
 30
0.0
 11
13.07930084505288
 21
3.321690549116343
 31
0.0
  0
LINE
  5
A6
330
1F
100
AcDbEntity
  8
0
100
AcDbLine
 10
13.2793008450527
 20
4.52235811255606
 30
0.0
 11
13.2793008450527
 21
4.721690549116349
 31
0.0
  0
LINE
  5
A7
330
1F
100
AcDbEntity
  8
0
100
AcDbLine
 10
13.2793008450527
 20
4.721690549116349
 30
0.0
 11
8.079300845052666
 21
4.7216905491164
 31
0.0
  0
LINE
  5
A8
330
1F
100
AcDbEntity
  8
0
100
AcDbLine
 10
8.079300845052666
 20
4.7216905491164
 30
0.0
 11
8.079300845052625
 21
0.4821099206477534
 31
0.0
  0
LINE
  5
A9
330
1F
100
AcDbEntity
  8
0
100
AcDbLine
 10
8.079300845052625
 20
0.4493439206477515
 30
0.0
 11
8.079300845052625
 21
0.4466905491163848
 31
0.0
  0
LINE
  5
AA
330
1F
100
AcDbEntity
  8
0
100
AcDbLine
 10
8.079300845052625
 20
0.4466905491163848
 30
0.0
 11
8.279300845052644
 21
0.4466905491163848
 31
0.0
  0
LINE
  5
AB
330
1F
100
AcDbEntity
  8
0
100
AcDbLine
 10
8.079300845052616
 20
-1.00330945088362
 30
0.0
 11
8.07930084505259
 21
-3.832948295845736
 31
0.0
  0
LINE
  5
AC
330
1F
100
AcDbEntity
  8
0
100
AcDbLine
 10
8.07930084505259
 20
-3.965828295845736
 30
0.0
 11
8.079300845052577
 21
-5.278309450883656
 31
0.0
  0
LINE
  5
AD
330
1F
100
AcDbEntity
  8
0
100
AcDbLine
 10
8.279300845052617
 20
-1.00330945088362
 30
0.0
 11
8.079300845052616
 21
-1.00330945088362
 31
0.0
  0
LINE
  5
AE
330
1F
100
AcDbEntity
  8
0
100
AcDbLine
 10
8.279300845052578
 20
-5.078309450883655
 30
0.0
 11
8.279300845052616
 21
-1.27374040617057
 31
0.0
  0
LINE
  5
AF
330
1F
100
AcDbEntity
  8
0
100
AcDbLine
 10
13.27930084505261
 20
-5.278309450883705
 30
0.0
 11
8.079300845052577
 21
-5.278309450883656
 31
0.0
  0
LINE
  5
B0
330
1F
100
AcDbEntity
  8
0
100
AcDbLine
 10
9.329674677397188
 20
-1.128309450883621
 30
0.0
 11
9.529674677397187
 21
-1.128309450883638
 31
0.0
  0
LINE
  5
B1
330
1F
100
AcDbEntity
  8
0
100
AcDbLine
 10
9.529674677397187
 20
-1.128309450883638
 30
0.0
 11
9.529674677397203
 21
0.571690549116368
 31
0.0
  0
LINE
  5
B2
330
1F
100
AcDbEntity
  8
0
100
AcDbLine
 10
9.67967467739719
 20
-1.128309450883638
 30
0.0
 11
12.0296746773972
 21
-1.128309450883673
 31
0.0
  0
LINE
  5
B3
330
1F
100
AcDbEntity
  8
0
100
AcDbLine
 10
9.329674677397204
 20
0.7216905491163743
 30
0.0
 11
12.02967467739721
 21
0.7216905491163454
 31
0.0
  0
LINE
  5
B4
330
1F
100
AcDbEntity
  8
0
100
AcDbLine
 10
9.529674677397203
 20
0.571690549116368
 30
0.0
 11
9.329674677397202
 21
0.5716905491163737
 31
0.0
  0
LINE
  5
B5
330
1F
100
AcDbEntity
  8
0
100
AcDbLine
 10
9.679674677397204
 20
0.571690549116368
 30
0.0
 11
9.67967467739719
 21
-1.128309450883638
 31
0.0
  0
LINE
  5
B6
330
1F
100
AcDbEntity
  8
0
100
AcDbLine
 10
9.329674677397202
 20
0.5716905491163737
 30
0.0
 11
9.329674677397204
 21
0.7216905491163743
 31
0.0
  0
LINE
  5
B7
330
1F
100
AcDbEntity
  8
0
100
AcDbLine
 10
5.629300845172067
 20
-4.803991901288748
 30
0.0
 11
5.979300845052584
 21
-4.803991901043691
 31
0.0
  0
LINE
  5
B8
330
1F
100
AcDbEntity
  8
0
100
AcDbLine
 10
5.629300845170043
 20
-5.053991901134044
 30
0.0
 11
5.629300845170048
 21
-5.053270330958197
 31
0.0
  0
LINE
  5
B9
330
1F
100
AcDbEntity
  8
0
100
AcDbLine
 10
5.629300845170858
 20
-4.953270330958197
 30
0.0
 11
5.629300845172067
 21
-4.803991901288748
 31
0.0
  0
LINE
  5
BA
330
1F
100
AcDbEntity
  8
0
100
AcDbLine
 10
-8.27069915510455
 20
0.4460080994498061
 30
0.0
 11
-8.120699154962375
 21
0.4460081036239499
 31
0.0
  0
LINE
  5
BB
330
1F
100
AcDbEntity
  8
0
100
AcDbLine
 10
-8.270699154999736
 20
0.5732410379875164
 30
0.0
 11
-8.27069915510455
 21
0.4460080994498061
 31
0.0
  0
LINE
  5
BC
330
1F
100
AcDbEntity
  8
0
100
AcDbLine
 10
-4.470699154947311
 20
7.796008098956455
 30
0.0
 11
-8.120699154947312
 21
7.79600809895649
 31
0.0
  0
LINE
  5
BD
330
1F
100
AcDbEntity
  8
0
100
AcDbLine
 10
-8.120699154947312
 20
7.79600809895649
 30
0.0
 11
-8.120699154947319
 21
7.046008098956487
 31
0.0
  0
LINE
  5
BE
330
1F
100
AcDbEntity
  8
0
100
AcDbLine
 10
-5.220699154947428
 20
-5.053991901043585
 30
0.0
 11
-6.870699154947431
 21
-5.053991901043568
 31
0.0
  0
LINE
  5
BF
330
1F
100
AcDbEntity
  8
0
100
AcDbLine
 10
9.329674677397184
 20
-1.278309450883633
 30
0.0
 11
9.329674677397188
 21
-1.128309450883621
 31
0.0
  0
LINE
  5
C0
330
1F
100
AcDbEntity
  8
0
100
AcDbLine
 10
12.02967467739721
 20
0.5716905491163218
 30
0.0
 11
9.679674677397204
 21
0.571690549116368
 31
0.0
  0
LINE
  5
C1
330
1F
100
AcDbEntity
  8
0
100
AcDbLine
 10
13.24653484505261
 20
-3.88160484552233
 30
0.0
 11
13.27930084505261
 21
-3.88160484552233
 31
0.0
  0
LINE
  5
C2
330
1F
100
AcDbEntity
  8
0
100
AcDbLine
 10
13.24653484505261
 20
-5.076908525522329
 30
0.0
 11
13.27930084505261
 21
-5.076908525522331
 31
0.0
  0
LINE
  5
C3
330
1F
100
AcDbEntity
  8
0
100
AcDbLine
 10
13.2793008450527
 20
4.52235811255606
 30
0.0
 11
13.28170017473135
 21
4.52235811255606
 31
0.0
  0
LINE
  5
C4
330
1F
100
AcDbEntity
  8
0
100
AcDbLine
 10
13.2793008450527
 20
3.319190592556062
 30
0.0
 11
13.28170017473135
 21
3.319190592556065
 31
0.0
  0
LINE
  5
C5
330
1F
100
AcDbEntity
  8
0
100
AcDbLine
 10
13.24653484505264
 20
0.0216905491163101
 30
0.0
 11
13.2793008450527
 21
0.0216905491163082
 31
0.0
  0
LINE
  5
C6
330
1F
100
AcDbEntity
  8
0
100
AcDbLine
 10
13.24653484505264
 20
-0.5769085255222837
 30
0.0
 11
13.27930084505264
 21
-0.5769085255222822
 31
0.0
  0
LINE
  5
C7
330
1F
100
AcDbEntity
  8
0
100
AcDbLine
 10
-6.906180370067563
 20
-6.454866162127504
 30
0.0
 11
-6.873414370067564
 21
-6.454866162127504
 31
0.0
  0
LINE
  5
C8
330
1F
100
AcDbEntity
  8
0
100
AcDbLine
 10
-2.354486325374597
 20
4.693716697047413
 30
0.0
 11
-2.321720325374598
 21
4.693716697047413
 31
0.0
  0
LINE
  5
C9
330
1F
100
AcDbEntity
  8
0
100
AcDbLine
 10
-2.354486325374594
 20
0.6486560450563797
 30
0.0
 11
-2.321720325374595
 21
0.6486560450563899
 31
0.0
  0
LINE
  5
CA
330
1F
100
AcDbEntity
  8
0
100
AcDbLine
 10
5.658755959873596
 20
-5.053270330958197
 30
0.0
 11
5.658755959873596
 21
-4.953270330958197
 31
0.0
  0
LINE
  5
CB
330
1F
100
AcDbEntity
  8
0
100
AcDbLine
 10
-5.221244040126383
 20
-5.053270330958095
 30
0.0
 11
-5.221244040126382
 21
-4.953270330958095
 31
0.0
  0
LINE
  5
CC
330
1F
100
AcDbEntity
  8
0
100
AcDbLine
 10
5.646340653467561
 20
0.4476483996760931
 30
0.0
 11
5.646340653467561
 21
0.5476483996760935
 31
0.0
  0
LINE
  5
CD
330
1F
100
AcDbEntity
  8
0
100
AcDbLine
 10
-2.320699154947378
 20
0.447648399676168
 30
0.0
 11
-2.320699154947378
 21
0.5476483996761684
 31
0.0
  0
LINE
  5
CE
330
1F
100
AcDbEntity
  8
0
100
AcDbLine
 10
-8.270699154963772
 20
-0.8239919010435184
 30
0.0
 11
-8.270699154963772
 21
-0.8994919010435187
 31
0.0
  0
LINE
  5
CF
330
1F
100
AcDbEntity
  8
0
100
AcDbLine
 10
-9.410699154963735
 20
-0.8994919010435078
 30
0.0
 11
-9.102411962147281
 21
-1.76204584732155
 31
0.0
  0
LINE
  5
D0
330
1F
100
AcDbEntity
  8
0
100
AcDbLine
 10
-9.102411962147281
 20
-1.76204584732155
 30
0.0
 11
-9.043123936051964
 21
-1.754366059558594
 31
0.0
  0
LINE
  5
D1
330
1F
100
AcDbEntity
  8
0
100
AcDbLine
 10
-9.043123936051964
 20
-1.754366059558594
 30
0.0
 11
-9.270969172523339
 21
-1.110998643677457
 31
0.0
  0
LINE
  5
D2
330
1F
100
AcDbEntity
  8
0
100
AcDbLine
 10
-9.350699154963737
 20
-0.8994919010435084
 30
0.0
 11
-9.270969172523339
 21
-1.110998643677457
 31
0.0
  0
LINE
  5
D3
330
1F
100
AcDbEntity
  8
0
100
AcDbLine
 10
-9.13234785211672
 20
-1.709130251897732
 30
0.0
 11
-9.125545258433704
 21
-1.72637209042244
 31
0.0
  0
LINE
  5
D4
330
1F
100
AcDbEntity
  8
0
100
AcDbLine
 10
-9.153905716960557
 20
-1.628876205921882
 30
0.0
 11
-9.163025448655194
 21
-1.631374885269981
 31
0.0
  0
LINE
  5
D5
330
1F
100
AcDbEntity
  8
0
100
AcDbLine
 10
-9.116425526739068
 20
-1.723873411074341
 30
0.0
 11
-9.125545258433704
 21
-1.72637209042244
 31
0.0
  0
LINE
  5
D6
330
1F
100
AcDbEntity
  8
0
100
AcDbLine
 10
-9.13234785211672
 20
-1.709130251897732
 30
0.0
 11
-9.14933335239798
 21
-1.713784042183567
 31
0.0
  0
LINE
  5
D7
330
1F
100
AcDbEntity
  8
0
100
AcDbLine
 10
-9.140583857604414
 20
-1.68825529106302
 30
0.0
 11
-9.157569357885674
 21
-1.692909081348854
 31
0.0
  0
LINE
  5
D8
330
1F
100
AcDbEntity
  8
0
100
AcDbLine
 10
-9.14933335239798
 20
-1.713784042183567
 30
0.0
 11
-9.160733017016275
 21
-1.716907391368691
 31
0.0
  0
LINE
  5
D9
330
1F
100
AcDbEntity
  8
0
100
AcDbLine
 10
-9.157569357885674
 20
-1.692909081348854
 30
0.0
 11
-9.185096863241116
 21
-1.623137928691064
 31
0.0
  0
LINE
  5
DA
330
1F
100
AcDbEntity
  8
0
100
AcDbLine
 10
-9.189118920674177
 20
-1.612943631040877
 30
0.0
 11
-9.200518585292473
 21
-1.616066980226001
 31
0.0
  0
LINE
  5
DB
330
1F
100
AcDbEntity
  8
0
100
AcDbLine
 10
-9.185096863241116
 20
-1.623137928691064
 30
0.0
 11
-9.196496527859411
 21
-1.626261277876188
 31
0.0
  0
LINE
  5
DC
330
1F
100
AcDbEntity
  8
0
100
AcDbLine
 10
-9.196496527859411
 20
-1.626261277876188
 30
0.0
 11
-9.160733017016275
 21
-1.716907391368691
 31
0.0
  0
LINE
  5
DD
330
1F
100
AcDbEntity
  8
0
100
AcDbLine
 10
-9.145311294964918
 20
-1.723978339833753
 30
0.0
 11
-9.156710959583213
 21
-1.727101689018878
 31
0.0
  0
LINE
  5
DE
330
1F
100
AcDbEntity
  8
0
100
AcDbLine
 10
-9.350699154963737
 20
-0.8994919010435084
 30
0.0
 11
-9.043123936051964
 21
-1.754366059558594
 31
0.0
  0
LINE
  5
DF
330
1F
100
AcDbEntity
  8
0
100
AcDbLine
 10
-8.116465326530838
 20
0.5732410379875185
 30
0.0
 11
-8.116465326530838
 21
0.6487410379875187
 31
0.0
  0
LINE
  5
E0
330
1F
100
AcDbEntity
  8
0
100
AcDbLine
 10
-7.072465326530872
 20
0.5732410379875231
 30
0.0
 11
-7.072465326530872
 21
0.6487410379875233
 31
0.0
  0
LINE
  5
E1
330
1F
100
AcDbEntity
  8
0
100
AcDbLine
 10
-7.12466532653087
 20
0.648741037987523
 30
0.0
 11
-7.392875184281197
 21
1.511294984265561
 31
0.0
  0
LINE
  5
E2
330
1F
100
AcDbEntity
  8
0
100
AcDbLine
 10
-7.392875184281197
 20
1.511294984265561
 30
0.0
 11
-7.444455766984121
 21
1.503615196502605
 31
0.0
  0
LINE
  5
E3
330
1F
100
AcDbEntity
  8
0
100
AcDbLine
 10
-7.444455766984121
 20
1.503615196502605
 30
0.0
 11
-7.246230411254019
 21
0.8602477806214708
 31
0.0
  0
LINE
  5
E4
330
1F
100
AcDbEntity
  8
0
100
AcDbLine
 10
-7.176865326530868
 20
0.6487410379875228
 30
0.0
 11
-7.246230411254019
 21
0.8602477806214708
 31
0.0
  0
LINE
  5
E5
330
1F
100
AcDbEntity
  8
0
100
AcDbLine
 10
-7.366830960007785
 20
1.458379388841744
 30
0.0
 11
-7.372749216512008
 21
1.475621227366452
 31
0.0
  0
LINE
  5
E6
330
1F
100
AcDbEntity
  8
0
100
AcDbLine
 10
-7.348075617593644
 20
1.378125342865894
 30
0.0
 11
-7.340141451019311
 21
1.380624022213993
 31
0.0
  0
LINE
  5
E7
330
1F
100
AcDbEntity
  8
0
100
AcDbLine
 10
-7.380683383086342
 20
1.473122548018353
 30
0.0
 11
-7.372749216512008
 21
1.475621227366452
 31
0.0
  0
LINE
  5
E8
330
1F
100
AcDbEntity
  8
0
100
AcDbLine
 10
-7.366830960007785
 20
1.458379388841744
 30
0.0
 11
-7.352053574763088
 21
1.463033179127579
 31
0.0
  0
LINE
  5
E9
330
1F
100
AcDbEntity
  8
0
100
AcDbLine
 10
-7.35966563523349
 20
1.437504428007031
 30
0.0
 11
-7.344888249988794
 21
1.442158218292867
 31
0.0
  0
LINE
  5
EA
330
1F
100
AcDbEntity
  8
0
100
AcDbLine
 10
-7.352053574763088
 20
1.463033179127579
 30
0.0
 11
-7.342135866545171
 21
1.466156528312703
 31
0.0
  0
LINE
  5
EB
330
1F
100
AcDbEntity
  8
0
100
AcDbLine
 10
-7.344888249988794
 20
1.442158218292867
 30
0.0
 11
-7.320939320329558
 21
1.372387065635076
 31
0.0
  0
LINE
  5
EC
330
1F
100
AcDbEntity
  8
0
100
AcDbLine
 10
-7.317440130362795
 20
1.36219276798489
 30
0.0
 11
-7.307522422144878
 21
1.365316117170014
 31
0.0
  0
LINE
  5
ED
330
1F
100
AcDbEntity
  8
0
100
AcDbLine
 10
-7.320939320329558
 20
1.372387065635076
 30
0.0
 11
-7.311021612111641
 21
1.3755104148202
 31
0.0
  0
LINE
  5
EE
330
1F
100
AcDbEntity
  8
0
100
AcDbLine
 10
-7.311021612111641
 20
1.3755104148202
 30
0.0
 11
-7.342135866545171
 21
1.466156528312703
 31
0.0
  0
LINE
  5
EF
330
1F
100
AcDbEntity
  8
0
100
AcDbLine
 10
-7.355552764729851
 20
1.473227476777766
 30
0.0
 11
-7.345635056511936
 21
1.47635082596289
 31
0.0
  0
LINE
  5
F0
330
1F
100
AcDbEntity
  8
0
100
AcDbLine
 10
-7.176865326530868
 20
0.6487410379875228
 30
0.0
 11
-7.444455766984121
 21
1.503615196502605
 31
0.0
  0
LINE
  5
F1
330
1F
100
AcDbEntity
  8
0
100
AcDbLine
 10
-9.41867320097002
 20
0.6487410379875115
 30
0.0
 11
-9.479092887602764
 21
0.6487410379875111
 31
0.0
  0
LINE
  5
F2
330
1F
100
AcDbEntity
  8
0
100
AcDbLine
 10
-9.479092887602764
 20
0.5960080989564929
 30
0.0
 11
-9.479092887602764
 21
0.6487410379875111
 31
0.0
  0
LINE
  5
F3
330
1F
100
AcDbEntity
  8
0
100
AcDbLine
 10
-9.358253514337274
 20
0.6487410379875117
 30
0.0
 11
-9.277965838432552
 21
0.8602477806214601
 31
0.0
  0
LINE
  5
F4
330
1F
100
AcDbEntity
  8
0
100
AcDbLine
 10
-9.048526875293138
 20
1.503615196502595
 30
0.0
 11
-9.277965838432552
 21
0.8602477806214601
 31
0.0
  0
LINE
  5
F5
330
1F
100
AcDbEntity
  8
0
100
AcDbLine
 10
-9.108229607922357
 20
1.511294984265552
 30
0.0
 11
-9.048526875293138
 21
1.503615196502595
 31
0.0
  0
LINE
  5
F6
330
1F
100
AcDbEntity
  8
0
100
AcDbLine
 10
-9.41867320097002
 20
0.6487410379875115
 30
0.0
 11
-9.108229607922357
 21
1.511294984265552
 31
0.0
  0
LINE
  5
F7
330
1F
100
AcDbEntity
  8
0
100
AcDbLine
 10
-9.358253514337274
 20
0.6487410379875117
 30
0.0
 11
-9.41867320097002
 21
0.6487410379875115
 31
0.0
  0
LINE
  5
F8
330
1F
100
AcDbEntity
  8
0
100
AcDbLine
 10
-9.160083550078387
 20
1.378125342865884
 30
0.0
 11
-9.169267072264462
 21
1.380624022213983
 31
0.0
  0
LINE
  5
F9
330
1F
100
AcDbEntity
  8
0
100
AcDbLine
 10
-9.122341194276416
 20
1.473122548018343
 30
0.0
 11
-9.131524716462494
 21
1.475621227366442
 31
0.0
  0
LINE
  5
FA
330
1F
100
AcDbEntity
  8
0
100
AcDbLine
 10
-9.13837489277279
 20
1.458379388841734
 30
0.0
 11
-9.155479202844358
 21
1.463033179127569
 31
0.0
  0
LINE
  5
FB
330
1F
100
AcDbEntity
  8
0
100
AcDbLine
 10
-9.146668507283989
 20
1.437504428007021
 30
0.0
 11
-9.163772817355559
 21
1.442158218292857
 31
0.0
  0
LINE
  5
FC
330
1F
100
AcDbEntity
  8
0
100
AcDbLine
 10
-9.155479202844358
 20
1.463033179127569
 30
0.0
 11
-9.166958605576955
 21
1.466156528312693
 31
0.0
  0
LINE
  5
FD
330
1F
100
AcDbEntity
  8
0
100
AcDbLine
 10
-9.19554306230692
 20
1.362192767984879
 30
0.0
 11
-9.207022465039516
 21
1.365316117170003
 31
0.0
  0
LINE
  5
FE
330
1F
100
AcDbEntity
  8
0
100
AcDbLine
 10
-9.191492871478179
 20
1.372387065635066
 30
0.0
 11
-9.202972274210774
 21
1.37551041482019
 31
0.0
  0
LINE
  5
FF
330
1F
100
AcDbEntity
  8
0
100
AcDbLine
 10
-9.151429012015617
 20
1.473227476777756
 30
0.0
 11
-9.162908414748214
 21
1.47635082596288
 31
0.0
  0
LINE
  5
100
330
1F
100
AcDbEntity
  8
0
100
AcDbLine
 10
-9.358253514337274
 20
0.6487410379875117
 30
0.0
 11
-9.048526875293138
 21
1.503615196502595
 31
0.0
  0
LINE
  5
101
330
1F
100
AcDbEntity
  8
0
100
AcDbLine
 10
-8.11469226529224
 20
4.821823743333402
 30
0.0
 11
-8.11469226529224
 21
4.897323743333403
 31
0.0
  0
LINE
  5
102
330
1F
100
AcDbEntity
  8
0
100
AcDbLine
 10
-7.070699154947336
 20
4.896008098956485
 30
0.0
 11
-7.070692265292273
 21
4.897323743333407
 31
0.0
  0
LINE
  5
103
330
1F
100
AcDbEntity
  8
0
100
AcDbLine
 10
-7.122892265292271
 20
4.897323743333407
 30
0.0
 11
-7.391102123042598
 21
5.759877689611446
 31
0.0
  0
LINE
  5
104
330
1F
100
AcDbEntity
  8
0
100
AcDbLine
 10
-7.391102123042598
 20
5.759877689611446
 30
0.0
 11
-7.442682705745522
 21
5.752197901848488
 31
0.0
  0
LINE
  5
105
330
1F
100
AcDbEntity
  8
0
100
AcDbLine
 10
-7.442682705745522
 20
5.752197901848488
 30
0.0
 11
-7.24445735001542
 21
5.108830485967355
 31
0.0
  0
LINE
  5
106
330
1F
100
AcDbEntity
  8
0
100
AcDbLine
 10
-7.175092265292269
 20
4.897323743333407
 30
0.0
 11
-7.24445735001542
 21
5.108830485967355
 31
0.0
  0
LINE
  5
107
330
1F
100
AcDbEntity
  8
0
100
AcDbLine
 10
-7.365057898769185
 20
5.706962094187627
 30
0.0
 11
-7.370976155273409
 21
5.724203932712336
 31
0.0
  0
LINE
  5
108
330
1F
100
AcDbEntity
  8
0
100
AcDbLine
 10
-7.346302556355045
 20
5.626708048211778
 30
0.0
 11
-7.338368389780712
 21
5.629206727559877
 31
0.0
  0
LINE
  5
109
330
1F
100
AcDbEntity
  8
0
100
AcDbLine
 10
-7.378910321847743
 20
5.721705253364236
 30
0.0
 11
-7.370976155273409
 21
5.724203932712336
 31
0.0
  0
LINE
  5
10A
330
1F
100
AcDbEntity
  8
0
100
AcDbLine
 10
-7.365057898769185
 20
5.706962094187627
 30
0.0
 11
-7.350280513524489
 21
5.711615884473463
 31
0.0
  0
LINE
  5
10B
330
1F
100
AcDbEntity
  8
0
100
AcDbLine
 10
-7.357892573994891
 20
5.686087133352915
 30
0.0
 11
-7.343115188750195
 21
5.69074092363875
 31
0.0
  0
LINE
  5
10C
330
1F
100
AcDbEntity
  8
0
100
AcDbLine
 10
-7.350280513524489
 20
5.711615884473463
 30
0.0
 11
-7.340362805306572
 21
5.714739233658586
 31
0.0
  0
LINE
  5
10D
330
1F
100
AcDbEntity
  8
0
100
AcDbLine
 10
-7.343115188750195
 20
5.69074092363875
 30
0.0
 11
-7.319166259090959
 21
5.62096977098096
 31
0.0
  0
LINE
  5
10E
330
1F
100
AcDbEntity
  8
0
100
AcDbLine
 10
-7.315667069124196
 20
5.610775473330773
 30
0.0
 11
-7.30574936090628
 21
5.613898822515897
 31
0.0
  0
LINE
  5
10F
330
1F
100
AcDbEntity
  8
0
100
AcDbLine
 10
-7.319166259090959
 20
5.62096977098096
 30
0.0
 11
-7.309248550873042
 21
5.624093120166084
 31
0.0
  0
LINE
  5
110
330
1F
100
AcDbEntity
  8
0
100
AcDbLine
 10
-7.309248550873042
 20
5.624093120166084
 30
0.0
 11
-7.340362805306572
 21
5.714739233658586
 31
0.0
  0
LINE
  5
111
330
1F
100
AcDbEntity
  8
0
100
AcDbLine
 10
-7.353779703491252
 20
5.721810182123649
 30
0.0
 11
-7.343861995273337
 21
5.724933531308774
 31
0.0
  0
LINE
  5
112
330
1F
100
AcDbEntity
  8
0
100
AcDbLine
 10
-7.175092265292269
 20
4.897323743333407
 30
0.0
 11
-7.442682705745522
 21
5.752197901848488
 31
0.0
  0
LINE
  5
113
330
1F
100
AcDbEntity
  8
0
100
AcDbLine
 10
8.337336694794555
 20
0.645922702230698
 30
0.0
 11
8.285136694794557
 21
0.6459227022306987
 31
0.0
  0
LINE
  5
114
330
1F
100
AcDbEntity
  8
0
100
AcDbLine
 10
9.329136694794522
 20
0.5704227022306843
 30
0.0
 11
9.329136694794522
 21
0.6459227022306845
 31
0.0
  0
LINE
  5
115
330
1F
100
AcDbEntity
  8
0
100
AcDbLine
 10
8.285136694794556
 20
0.5704227022306986
 30
0.0
 11
8.285136694794557
 21
0.6459227022306987
 31
0.0
  0
LINE
  5
116
330
1F
100
AcDbEntity
  8
0
100
AcDbLine
 10
8.389536694794554
 20
0.6459227022306973
 30
0.0
 11
8.458901779517705
 21
0.8574294448646443
 31
0.0
  0
LINE
  5
117
330
1F
100
AcDbEntity
  8
0
100
AcDbLine
 10
8.657127135247814
 20
1.500796860745776
 30
0.0
 11
8.458901779517705
 21
0.8574294448646443
 31
0.0
  0
LINE
  5
118
330
1F
100
AcDbEntity
  8
0
100
AcDbLine
 10
8.605546552544888
 20
1.508476648508733
 30
0.0
 11
8.657127135247814
 21
1.500796860745776
 31
0.0
  0
LINE
  5
119
330
1F
100
AcDbEntity
  8
0
100
AcDbLine
 10
8.337336694794555
 20
0.645922702230698
 30
0.0
 11
8.605546552544888
 21
1.508476648508733
 31
0.0
  0
LINE
  5
11A
330
1F
100
AcDbEntity
  8
0
100
AcDbLine
 10
8.389536694794554
 20
0.6459227022306973
 30
0.0
 11
8.337336694794555
 21
0.645922702230698
 31
0.0
  0
LINE
  5
11B
330
1F
100
AcDbEntity
  8
0
100
AcDbLine
 10
8.560746985857335
 20
1.375307007109066
 30
0.0
 11
8.552812819283002
 21
1.377805686457166
 31
0.0
  0
LINE
  5
11C
330
1F
100
AcDbEntity
  8
0
100
AcDbLine
 10
8.593354751350033
 20
1.470304212261524
 30
0.0
 11
8.5854205847757
 21
1.472802891609624
 31
0.0
  0
LINE
  5
11D
330
1F
100
AcDbEntity
  8
0
100
AcDbLine
 10
8.579502328271476
 20
1.455561053084916
 30
0.0
 11
8.56472494302678
 21
1.460214843370751
 31
0.0
  0
LINE
  5
11E
330
1F
100
AcDbEntity
  8
0
100
AcDbLine
 10
8.572337003497182
 20
1.434686092250204
 30
0.0
 11
8.557559618252487
 21
1.439339882536039
 31
0.0
  0
LINE
  5
11F
330
1F
100
AcDbEntity
  8
0
100
AcDbLine
 10
8.56472494302678
 20
1.460214843370751
 30
0.0
 11
8.554807234808864
 21
1.463338192555875
 31
0.0
  0
LINE
  5
120
330
1F
100
AcDbEntity
  8
0
100
AcDbLine
 10
8.530111498626486
 20
1.359374432228062
 30
0.0
 11
8.52019379040857
 21
1.362497781413186
 31
0.0
  0
LINE
  5
121
330
1F
100
AcDbEntity
  8
0
100
AcDbLine
 10
8.533610688593248
 20
1.369568729878249
 30
0.0
 11
8.523692980375332
 21
1.372692079063373
 31
0.0
  0
LINE
  5
122
330
1F
100
AcDbEntity
  8
0
100
AcDbLine
 10
8.568224132993544
 20
1.470409141020938
 30
0.0
 11
8.558306424775626
 21
1.473532490206062
 31
0.0
  0
LINE
  5
123
330
1F
100
AcDbEntity
  8
0
100
AcDbLine
 10
8.389536694794554
 20
0.6459227022306973
 30
0.0
 11
8.657127135247814
 21
1.500796860745776
 31
0.0
  0
LINE
  5
124
330
1F
100
AcDbEntity
  8
0
100
AcDbLine
 10
9.320512405621757
 20
-1.198240406170571
 30
0.0
 11
9.320512405621757
 21
-1.273740406170571
 31
0.0
  0
LINE
  5
125
330
1F
100
AcDbEntity
  8
0
100
AcDbLine
 10
8.328712405621788
 20
-1.27374040617057
 30
0.0
 11
8.59692226337211
 21
-2.136294352448611
 31
0.0
  0
LINE
  5
126
330
1F
100
AcDbEntity
  8
0
100
AcDbLine
 10
8.59692226337211
 20
-2.136294352448611
 30
0.0
 11
8.648502846075035
 21
-2.128614564685654
 31
0.0
  0
LINE
  5
127
330
1F
100
AcDbEntity
  8
0
100
AcDbLine
 10
8.648502846075035
 20
-2.128614564685654
 30
0.0
 11
8.450277490344936
 21
-1.485247148804518
 31
0.0
  0
LINE
  5
128
330
1F
100
AcDbEntity
  8
0
100
AcDbLine
 10
8.380912405621787
 20
-1.27374040617057
 30
0.0
 11
8.450277490344936
 21
-1.485247148804518
 31
0.0
  0
LINE
  5
129
330
1F
100
AcDbEntity
  8
0
100
AcDbLine
 10
8.570878039098698
 20
-2.083378757024792
 30
0.0
 11
8.576796295602922
 21
-2.100620595549501
 31
0.0
  0
LINE
  5
12A
330
1F
100
AcDbEntity
  8
0
100
AcDbLine
 10
8.552122696684558
 20
-2.003124711048943
 30
0.0
 11
8.544188530110224
 21
-2.005623390397042
 31
0.0
  0
LINE
  5
12B
330
1F
100
AcDbEntity
  8
0
100
AcDbLine
 10
8.584730462177253
 20
-2.098121916201401
 30
0.0
 11
8.576796295602922
 21
-2.100620595549501
 31
0.0
  0
LINE
  5
12C
330
1F
100
AcDbEntity
  8
0
100
AcDbLine
 10
8.570878039098698
 20
-2.083378757024792
 30
0.0
 11
8.556100653854003
 21
-2.088032547310628
 31
0.0
  0
LINE
  5
12D
330
1F
100
AcDbEntity
  8
0
100
AcDbLine
 10
8.563712714324405
 20
-2.062503796190081
 30
0.0
 11
8.548935329079708
 21
-2.067157586475915
 31
0.0
  0
LINE
  5
12E
330
1F
100
AcDbEntity
  8
0
100
AcDbLine
 10
8.556100653854003
 20
-2.088032547310628
 30
0.0
 11
8.546182945636085
 21
-2.091155896495752
 31
0.0
  0
LINE
  5
12F
330
1F
100
AcDbEntity
  8
0
100
AcDbLine
 10
8.548935329079708
 20
-2.067157586475915
 30
0.0
 11
8.524986399420472
 21
-1.997386433818125
 31
0.0
  0
LINE
  5
130
330
1F
100
AcDbEntity
  8
0
100
AcDbLine
 10
8.521487209453708
 20
-1.987192136167938
 30
0.0
 11
8.511569501235792
 21
-1.990315485353062
 31
0.0
  0
LINE
  5
131
330
1F
100
AcDbEntity
  8
0
100
AcDbLine
 10
8.524986399420472
 20
-1.997386433818125
 30
0.0
 11
8.515068691202554
 21
-2.000509783003249
 31
0.0
  0
LINE
  5
132
330
1F
100
AcDbEntity
  8
0
100
AcDbLine
 10
8.515068691202554
 20
-2.000509783003249
 30
0.0
 11
8.546182945636085
 21
-2.091155896495752
 31
0.0
  0
LINE
  5
133
330
1F
100
AcDbEntity
  8
0
100
AcDbLine
 10
8.559599843820765
 20
-2.098226844960815
 30
0.0
 11
8.549682135602849
 21
-2.101350194145939
 31
0.0
  0
LINE
  5
134
330
1F
100
AcDbEntity
  8
0
100
AcDbLine
 10
8.380912405621787
 20
-1.27374040617057
 30
0.0
 11
8.648502846075035
 21
-2.128614564685654
 31
0.0
  0
LINE
  5
135
330
1F
100
AcDbEntity
  8
0
100
AcDbLine
 10
13.07051240562177
 20
0.6517595938294299
 30
0.0
 11
13.07051240562177
 21
0.5762595938294297
 31
0.0
  0
LINE
  5
136
330
1F
100
AcDbEntity
  8
0
100
AcDbLine
 10
12.0787124056218
 20
0.5762595938294308
 30
0.0
 11
12.34692226337212
 21
-0.2862943524486098
 31
0.0
  0
LINE
  5
137
330
1F
100
AcDbEntity
  8
0
100
AcDbLine
 10
12.34692226337212
 20
-0.2862943524486098
 30
0.0
 11
12.39850284607505
 21
-0.2786145646856532
 31
0.0
  0
LINE
  5
138
330
1F
100
AcDbEntity
  8
0
100
AcDbLine
 10
12.39850284607505
 20
-0.2786145646856532
 30
0.0
 11
12.20027749034495
 21
0.3647528511954822
 31
0.0
  0
LINE
  5
139
330
1F
100
AcDbEntity
  8
0
100
AcDbLine
 10
12.1309124056218
 20
0.5762595938294307
 30
0.0
 11
12.20027749034495
 21
0.3647528511954822
 31
0.0
  0
LINE
  5
13A
330
1F
100
AcDbEntity
  8
0
100
AcDbLine
 10
12.32087803909871
 20
-0.2333787570247912
 30
0.0
 11
12.32679629560293
 21
-0.2506205955495001
 31
0.0
  0
LINE
  5
13B
330
1F
100
AcDbEntity
  8
0
100
AcDbLine
 10
12.30212269668457
 20
-0.1531247110489417
 30
0.0
 11
12.29418853011023
 21
-0.1556233903970411
 31
0.0
  0
LINE
  5
13C
330
1F
100
AcDbEntity
  8
0
100
AcDbLine
 10
12.33473046217726
 20
-0.2481219162014004
 30
0.0
 11
12.32679629560293
 21
-0.2506205955495001
 31
0.0
  0
LINE
  5
13D
330
1F
100
AcDbEntity
  8
0
100
AcDbLine
 10
12.32087803909871
 20
-0.2333787570247912
 30
0.0
 11
12.30610065385401
 21
-0.2380325473106269
 31
0.0
  0
LINE
  5
13E
330
1F
100
AcDbEntity
  8
0
100
AcDbLine
 10
12.31371271432442
 20
-0.2125037961900794
 30
0.0
 11
12.29893532907972
 21
-0.2171575864759144
 31
0.0
  0
LINE
  5
13F
330
1F
100
AcDbEntity
  8
0
100
AcDbLine
 10
12.30610065385401
 20
-0.2380325473106269
 30
0.0
 11
12.2961829456361
 21
-0.2411558964957509
 31
0.0
  0
LINE
  5
140
330
1F
100
AcDbEntity
  8
0
100
AcDbLine
 10
12.29893532907972
 20
-0.2171575864759144
 30
0.0
 11
12.27498639942048
 21
-0.1473864338181239
 31
0.0
  0
LINE
  5
141
330
1F
100
AcDbEntity
  8
0
100
AcDbLine
 10
12.27148720945372
 20
-0.1371921361679371
 30
0.0
 11
12.2615695012358
 21
-0.1403154853530613
 31
0.0
  0
LINE
  5
142
330
1F
100
AcDbEntity
  8
0
100
AcDbLine
 10
12.27498639942048
 20
-0.1473864338181239
 30
0.0
 11
12.26506869120256
 21
-0.150509783003248
 31
0.0
  0
LINE
  5
143
330
1F
100
AcDbEntity
  8
0
100
AcDbLine
 10
12.26506869120256
 20
-0.150509783003248
 30
0.0
 11
12.2961829456361
 21
-0.2411558964957509
 31
0.0
  0
LINE
  5
144
330
1F
100
AcDbEntity
  8
0
100
AcDbLine
 10
12.30959984382078
 20
-0.2482268449608135
 30
0.0
 11
12.29968213560286
 21
-0.2513501941459377
 31
0.0
  0
LINE
  5
145
330
1F
100
AcDbEntity
  8
0
100
AcDbLine
 10
12.1309124056218
 20
0.5762595938294307
 30
0.0
 11
12.39850284607505
 21
-0.2786145646856532
 31
0.0
  0
LINE
  5
146
330
1F
100
AcDbEntity
  8
0
100
AcDbLine
 10
12.08018687907586
 20
-1.203548227808171
 30
0.0
 11
12.0296746773972
 21
-1.20354822780817
 31
0.0
  0
LINE
  5
147
330
1F
100
AcDbEntity
  8
0
100
AcDbLine
 10
13.07198687907582
 20
-1.279048227808185
 30
0.0
 11
13.07198687907583
 21
-1.203548227808184
 31
0.0
  0
LINE
  5
148
330
1F
100
AcDbEntity
  8
0
100
AcDbLine
 10
12.02798687907586
 20
-1.27904822780817
 30
0.0
 11
12.02798687907586
 21
-1.27830945088365
 31
0.0
  0
LINE
  5
149
330
1F
100
AcDbEntity
  8
0
100
AcDbLine
 10
12.13238687907586
 20
-1.203548227808172
 30
0.0
 11
12.20175196379901
 21
-0.9920414851742245
 31
0.0
  0
LINE
  5
14A
330
1F
100
AcDbEntity
  8
0
100
AcDbLine
 10
12.39997731952912
 20
-0.3486740692930928
 30
0.0
 11
12.20175196379901
 21
-0.9920414851742245
 31
0.0
  0
LINE
  5
14B
330
1F
100
AcDbEntity
  8
0
100
AcDbLine
 10
12.34839673682619
 20
-0.3409942815301355
 30
0.0
 11
12.39997731952912
 21
-0.3486740692930928
 31
0.0
  0
LINE
  5
14C
330
1F
100
AcDbEntity
  8
0
100
AcDbLine
 10
12.08018687907586
 20
-1.203548227808171
 30
0.0
 11
12.34839673682619
 21
-0.3409942815301355
 31
0.0
  0
LINE
  5
14D
330
1F
100
AcDbEntity
  8
0
100
AcDbLine
 10
12.13238687907586
 20
-1.203548227808172
 30
0.0
 11
12.08018687907586
 21
-1.203548227808171
 31
0.0
  0
LINE
  5
14E
330
1F
100
AcDbEntity
  8
0
100
AcDbLine
 10
12.30359717013864
 20
-0.4741639229298028
 30
0.0
 11
12.2956630035643
 21
-0.4716652435817033
 31
0.0
  0
LINE
  5
14F
330
1F
100
AcDbEntity
  8
0
100
AcDbLine
 10
12.33620493563133
 20
-0.3791667177773445
 30
0.0
 11
12.328270769057
 21
-0.3766680384292448
 31
0.0
  0
LINE
  5
150
330
1F
100
AcDbEntity
  8
0
100
AcDbLine
 10
12.32235251255278
 20
-0.3939098769539532
 30
0.0
 11
12.30757512730808
 21
-0.3892560866681177
 31
0.0
  0
LINE
  5
151
330
1F
100
AcDbEntity
  8
0
100
AcDbLine
 10
12.31518718777848
 20
-0.4147848377886653
 30
0.0
 11
12.30040980253379
 21
-0.41013104750283
 31
0.0
  0
LINE
  5
152
330
1F
100
AcDbEntity
  8
0
100
AcDbLine
 10
12.30757512730808
 20
-0.3892560866681177
 30
0.0
 11
12.29765741909017
 21
-0.3861327374829935
 31
0.0
  0
LINE
  5
153
330
1F
100
AcDbEntity
  8
0
100
AcDbLine
 10
12.27296168290779
 20
-0.4900964978108067
 30
0.0
 11
12.26304397468987
 21
-0.4869731486256825
 31
0.0
  0
LINE
  5
154
330
1F
100
AcDbEntity
  8
0
100
AcDbLine
 10
12.27646087287455
 20
-0.47990220016062
 30
0.0
 11
12.26654316465663
 21
-0.4767788509754958
 31
0.0
  0
LINE
  5
155
330
1F
100
AcDbEntity
  8
0
100
AcDbLine
 10
12.31107431727485
 20
-0.3790617890179311
 30
0.0
 11
12.30115660905693
 21
-0.3759384398328067
 31
0.0
  0
LINE
  5
156
330
1F
100
AcDbEntity
  8
0
100
AcDbLine
 10
12.13238687907586
 20
-1.203548227808172
 30
0.0
 11
12.39997731952912
 21
-0.3486740692930928
 31
0.0
  0
LINE
  5
157
330
1F
100
AcDbEntity
  8
0
100
AcDbLine
 10
-8.112339154336969
 20
6.311808086749424
 30
0.0
 11
-8.112339154336969
 21
6.362608074542393
 31
0.0
  0
LINE
  5
158
330
1F
100
AcDbEntity
  8
0
100
AcDbLine
 10
-8.07169915494732
 20
6.311808086749424
 30
0.0
 11
-8.07169915494732
 21
6.362608074542393
 31
0.0
  0
LINE
  5
159
330
1F
100
AcDbEntity
  8
0
100
AcDbLine
 10
-8.111069153879205
 20
6.311808086749424
 30
0.0
 11
-8.072990501497308
 21
6.311808086749424
 31
0.0
  0
LINE
  5
15A
330
1F
100
AcDbEntity
  8
0
100
AcDbLine
 10
-8.07169915494732
 20
6.362608074542393
 30
0.0
 11
-8.072699154947319
 21
6.362608074542393
 31
0.0
  0
LINE
  5
15B
330
1F
100
AcDbEntity
  8
0
100
AcDbLine
 10
-8.12719915494732
 20
6.354813885089268
 30
0.0
 11
-8.123904954050102
 21
6.358108074542392
 31
0.0
  0
LINE
  5
15C
330
1F
100
AcDbEntity
  8
0
100
AcDbLine
 10
-8.12719915494732
 20
6.354813885089268
 30
0.0
 11
-8.13169915494732
 21
6.353608074542393
 31
0.0
  0
LINE
  5
15D
330
1F
100
AcDbEntity
  8
0
100
AcDbLine
 10
-8.136199154947318
 20
6.354813885089268
 30
0.0
 11
-8.13169915494732
 21
6.353608074542393
 31
0.0
  0
LINE
  5
15E
330
1F
100
AcDbEntity
  8
0
100
AcDbLine
 10
-8.139493352029838
 20
6.358108074542392
 30
0.0
 11
-8.136199154947318
 21
6.354813885089268
 31
0.0
  0
LINE
  5
15F
330
1F
100
AcDbEntity
  8
0
100
AcDbLine
 10
-8.14069915494732
 20
6.362608074542393
 30
0.0
 11
-8.139493352029838
 21
6.358108074542392
 31
0.0
  0
LINE
  5
160
330
1F
100
AcDbEntity
  8
0
100
AcDbLine
 10
-8.14069915494732
 20
6.362608074542393
 30
0.0
 11
-8.139493352029838
 21
6.367108074542393
 31
0.0
  0
LINE
  5
161
330
1F
100
AcDbEntity
  8
0
100
AcDbLine
 10
-8.123904954050102
 20
6.367108074542393
 30
0.0
 11
-8.12719915494732
 21
6.370402263995518
 31
0.0
  0
LINE
  5
162
330
1F
100
AcDbEntity
  8
0
100
AcDbLine
 10
-8.139493352029838
 20
6.367108074542393
 30
0.0
 11
-8.136199154947318
 21
6.370402263995518
 31
0.0
  0
LINE
  5
163
330
1F
100
AcDbEntity
  8
0
100
AcDbLine
 10
-8.12719915494732
 20
6.370402263995518
 30
0.0
 11
-8.131699154947318
 21
6.371608074542393
 31
0.0
  0
LINE
  5
164
330
1F
100
AcDbEntity
  8
0
100
AcDbLine
 10
-8.131699154947318
 20
6.371608074542393
 30
0.0
 11
-8.136199154947318
 21
6.370402263995518
 31
0.0
  0
LINE
  5
165
330
1F
100
AcDbEntity
  8
0
100
AcDbLine
 10
-8.112339154336963
 20
6.961808071490634
 30
0.0
 11
-8.112339154336961
 21
7.012608074542392
 31
0.0
  0
LINE
  5
166
330
1F
100
AcDbEntity
  8
0
100
AcDbLine
 10
-8.071699154947314
 20
6.961808071490634
 30
0.0
 11
-8.071699154947314
 21
7.012608074542392
 31
0.0
  0
LINE
  5
167
330
1F
100
AcDbEntity
  8
0
100
AcDbLine
 10
-8.111069153879198
 20
6.961808071490634
 30
0.0
 11
-8.072990501497301
 21
6.961808071490634
 31
0.0
  0
LINE
  5
168
330
1F
100
AcDbEntity
  8
0
100
AcDbLine
 10
-8.071699154947314
 20
7.012608074542392
 30
0.0
 11
-8.072699154947314
 21
7.012608074542392
 31
0.0
  0
LINE
  5
169
330
1F
100
AcDbEntity
  8
0
100
AcDbLine
 10
-8.112360489938762
 20
7.736808086749423
 30
0.0
 11
-8.062360490952042
 21
7.736808086749423
 31
0.0
  0
LINE
  5
16A
330
1F
100
AcDbEntity
  8
0
100
AcDbLine
 10
-8.062360490952042
 20
7.686008098956454
 30
0.0
 11
-8.062360490952042
 21
7.736808086749423
 31
0.0
  0
LINE
  5
16B
330
1F
100
AcDbEntity
  8
0
100
AcDbLine
 10
-8.112360489938762
 20
7.736808086749423
 30
0.0
 11
-8.112360489938762
 21
7.686008098956454
 31
0.0
  0
LINE
  5
16C
330
1F
100
AcDbEntity
  8
0
100
AcDbLine
 10
-8.072990501497308
 20
6.287608074542392
 30
0.0
 11
-8.072990501497308
 21
6.311808086749424
 31
0.0
  0
LINE
  5
16D
330
1F
100
AcDbEntity
  8
0
100
AcDbLine
 10
-8.072990501497307
 20
6.362608074542393
 30
0.0
 11
-8.072990501497301
 21
6.961808071490634
 31
0.0
  0
LINE
  5
16E
330
1F
100
AcDbEntity
  8
0
100
AcDbLine
 10
-8.111090489480997
 20
7.686008098956454
 30
0.0
 11
-8.111090489481004
 21
7.012608074542392
 31
0.0
  0
LINE
  5
16F
330
1F
100
AcDbEntity
  8
0
100
AcDbLine
 10
-8.111069153879198
 20
6.961808071490634
 30
0.0
 11
-8.111090489481011
 21
6.362608074542393
 31
0.0
  0
LINE
  5
170
330
1F
100
AcDbEntity
  8
0
100
AcDbLine
 10
-8.111069153879205
 20
6.311808086749424
 30
0.0
 11
-8.111090489481011
 21
6.287608074542392
 31
0.0
  0
LINE
  5
171
330
1F
100
AcDbEntity
  8
0
100
AcDbLine
 10
-8.059493354890863
 20
6.358108074542392
 30
0.0
 11
-8.05619915494732
 21
6.354813885089267
 31
0.0
  0
LINE
  5
172
330
1F
100
AcDbEntity
  8
0
100
AcDbLine
 10
-8.05169915494732
 20
6.353608074542391
 30
0.0
 11
-8.05619915494732
 21
6.354813885089267
 31
0.0
  0
LINE
  5
173
330
1F
100
AcDbEntity
  8
0
100
AcDbLine
 10
-8.05169915494732
 20
6.353608074542391
 30
0.0
 11
-8.04719915494732
 21
6.354813885089267
 31
0.0
  0
LINE
  5
174
330
1F
100
AcDbEntity
  8
0
100
AcDbLine
 10
-8.04719915494732
 20
6.354813885089267
 30
0.0
 11
-8.043904954050102
 21
6.358108074542392
 31
0.0
  0
LINE
  5
175
330
1F
100
AcDbEntity
  8
0
100
AcDbLine
 10
-8.043904954050102
 20
6.358108074542392
 30
0.0
 11
-8.04269915494732
 21
6.362608074542392
 31
0.0
  0
LINE
  5
176
330
1F
100
AcDbEntity
  8
0
100
AcDbLine
 10
-8.043904954050102
 20
6.367108074542392
 30
0.0
 11
-8.04269915494732
 21
6.362608074542392
 31
0.0
  0
LINE
  5
177
330
1F
100
AcDbEntity
  8
0
100
AcDbLine
 10
-8.05619915494732
 20
6.370402263995517
 30
0.0
 11
-8.059493354890863
 21
6.367108074542392
 31
0.0
  0
LINE
  5
178
330
1F
100
AcDbEntity
  8
0
100
AcDbLine
 10
-8.04719915494732
 20
6.370402263995517
 30
0.0
 11
-8.043904954050102
 21
6.367108074542392
 31
0.0
  0
LINE
  5
179
330
1F
100
AcDbEntity
  8
0
100
AcDbLine
 10
-8.05169915494732
 20
6.371608074542392
 30
0.0
 11
-8.05619915494732
 21
6.370402263995517
 31
0.0
  0
LINE
  5
17A
330
1F
100
AcDbEntity
  8
0
100
AcDbLine
 10
-8.04719915494732
 20
6.370402263995517
 30
0.0
 11
-8.05169915494732
 21
6.371608074542392
 31
0.0
  0
LINE
  5
17B
330
1F
100
AcDbEntity
  8
0
100
AcDbLine
 10
-8.111090489481011
 20
6.287608074542392
 30
0.0
 11
-8.112360489938775
 21
6.287608074542392
 31
0.0
  0
LINE
  5
17C
330
1F
100
AcDbEntity
  8
0
100
AcDbLine
 10
-8.062360490952056
 20
6.236808086749424
 30
0.0
 11
-8.062360490952054
 21
6.287608074542392
 31
0.0
  0
LINE
  5
17D
330
1F
100
AcDbEntity
  8
0
100
AcDbLine
 10
-8.112360489938776
 20
6.236808086749424
 30
0.0
 11
-8.062360490952056
 21
6.236808086749424
 31
0.0
  0
LINE
  5
17E
330
1F
100
AcDbEntity
  8
0
100
AcDbLine
 10
-8.112360489938775
 20
6.287608074542392
 30
0.0
 11
-8.112360489938776
 21
6.236808086749424
 31
0.0
  0
LINE
  5
17F
330
1F
100
AcDbEntity
  8
0
100
AcDbLine
 10
-8.07269915494732
 20
6.287608074542392
 30
0.0
 11
-8.07269915494732
 21
6.311808086749424
 31
0.0
  0
LINE
  5
180
330
1F
100
AcDbEntity
  8
0
100
AcDbLine
 10
-8.072699154947319
 20
6.362608074542393
 30
0.0
 11
-8.072699154947315
 21
6.961808071490634
 31
0.0
  0
LINE
  5
181
330
1F
100
AcDbEntity
  8
0
100
AcDbLine
 10
-8.072699154947314
 20
7.012608074542392
 30
0.0
 11
-8.072699154947314
 21
7.037608074542392
 31
0.0
  0
LINE
  5
182
330
1F
100
AcDbEntity
  8
0
100
AcDbLine
 10
-8.072699154947314
 20
7.037608074542392
 30
0.0
 11
-8.072990501497301
 21
7.037608074542392
 31
0.0
  0
LINE
  5
183
330
1F
100
AcDbEntity
  8
0
100
AcDbLine
 10
-6.825497546594883
 20
-0.8299471335126046
 30
0.0
 11
-6.593246264098498
 21
-1.692501079790646
 31
0.0
  0
LINE
  5
184
330
1F
100
AcDbEntity
  8
0
100
AcDbLine
 10
-6.593246264098498
 20
-1.692501079790646
 30
0.0
 11
-6.548581028505938
 21
-1.68482129202769
 31
0.0
  0
LINE
  5
185
330
1F
100
AcDbEntity
  8
0
100
AcDbLine
 10
-6.548581028505938
 20
-1.68482129202769
 30
0.0
 11
-6.720230547571992
 21
-1.041453876146554
 31
0.0
  0
LINE
  5
186
330
1F
100
AcDbEntity
  8
0
100
AcDbLine
 10
-6.780295938242377
 20
-0.8299471335126052
 30
0.0
 11
-6.720230547571992
 21
-1.041453876146554
 31
0.0
  0
LINE
  5
187
330
1F
100
AcDbEntity
  8
0
100
AcDbLine
 10
-6.615798770333204
 20
-1.639585484366828
 30
0.0
 11
-6.610673967409189
 21
-1.656827322891536
 31
0.0
  0
LINE
  5
188
330
1F
100
AcDbEntity
  8
0
100
AcDbLine
 10
-6.632039606392993
 20
-1.559331438390978
 30
0.0
 11
-6.638910048732009
 21
-1.561830117739077
 31
0.0
  0
LINE
  5
189
330
1F
100
AcDbEntity
  8
0
100
AcDbLine
 10
-6.603803525070174
 20
-1.654328643543437
 30
0.0
 11
-6.610673967409189
 21
-1.656827322891536
 31
0.0
  0
LINE
  5
18A
330
1F
100
AcDbEntity
  8
0
100
AcDbLine
 10
-6.615798770333204
 20
-1.639585484366828
 30
0.0
 11
-6.628594969189619
 21
-1.644239274652663
 31
0.0
  0
LINE
  5
18B
330
1F
100
AcDbEntity
  8
0
100
AcDbLine
 10
-6.622003448573934
 20
-1.618710523532116
 30
0.0
 11
-6.634799647430349
 21
-1.623364313817951
 31
0.0
  0
LINE
  5
18C
330
1F
100
AcDbEntity
  8
0
100
AcDbLine
 10
-6.628594969189619
 20
-1.644239274652663
 30
0.0
 11
-6.637183022113387
 21
-1.647362623837787
 31
0.0
  0
LINE
  5
18D
330
1F
100
AcDbEntity
  8
0
100
AcDbLine
 10
-6.634799647430349
 20
-1.623364313817951
 30
0.0
 11
-6.655537772696987
 21
-1.55359316116016
 31
0.0
  0
LINE
  5
18E
330
1F
100
AcDbEntity
  8
0
100
AcDbLine
 10
-6.658567830444662
 20
-1.543398863509973
 30
0.0
 11
-6.66715588336843
 21
-1.546522212695097
 31
0.0
  0
LINE
  5
18F
330
1F
100
AcDbEntity
  8
0
100
AcDbLine
 10
-6.655537772696987
 20
-1.55359316116016
 30
0.0
 11
-6.664125825620754
 21
-1.556716510345284
 31
0.0
  0
LINE
  5
190
330
1F
100
AcDbEntity
  8
0
100
AcDbLine
 10
-6.664125825620754
 20
-1.556716510345284
 30
0.0
 11
-6.637183022113387
 21
-1.647362623837787
 31
0.0
  0
LINE
  5
191
330
1F
100
AcDbEntity
  8
0
100
AcDbLine
 10
-6.625564911441943
 20
-1.65443357230285
 30
0.0
 11
-6.634152964365711
 21
-1.657556921487974
 31
0.0
  0
LINE
  5
192
330
1F
100
AcDbEntity
  8
0
100
AcDbLine
 10
-6.780295938242377
 20
-0.8299471335126052
 30
0.0
 11
-6.548581028505938
 21
-1.68482129202769
 31
0.0
  0
LINE
  5
193
330
1F
100
AcDbEntity
  8
0
100
AcDbLine
 10
-5.221249428457127
 20
-4.81281298633913
 30
0.0
 11
-4.358695482179086
 21
-4.580561703842744
 31
0.0
  0
LINE
  5
194
330
1F
100
AcDbEntity
  8
0
100
AcDbLine
 10
-4.358695482179086
 20
-4.580561703842744
 30
0.0
 11
-4.366375269942043
 21
-4.535896468250181
 31
0.0
  0
LINE
  5
195
330
1F
100
AcDbEntity
  8
0
100
AcDbLine
 10
-4.366375269942043
 20
-4.535896468250181
 30
0.0
 11
-5.009742685823178
 21
-4.707545987316238
 31
0.0
  0
LINE
  5
196
330
1F
100
AcDbEntity
  8
0
100
AcDbLine
 10
-5.221249428457126
 20
-4.767611377986625
 30
0.0
 11
-5.009742685823178
 21
-4.707545987316238
 31
0.0
  0
LINE
  5
197
330
1F
100
AcDbEntity
  8
0
100
AcDbLine
 10
-4.411611077602903
 20
-4.603114210077448
 30
0.0
 11
-4.394369239078195
 21
-4.597989407153433
 31
0.0
  0
LINE
  5
198
330
1F
100
AcDbEntity
  8
0
100
AcDbLine
 10
-4.491865123578753
 20
-4.619355046137239
 30
0.0
 11
-4.489366444230654
 21
-4.626225488476253
 31
0.0
  0
LINE
  5
199
330
1F
100
AcDbEntity
  8
0
100
AcDbLine
 10
-4.396867918426294
 20
-4.591118964814418
 30
0.0
 11
-4.394369239078195
 21
-4.597989407153433
 31
0.0
  0
LINE
  5
19A
330
1F
100
AcDbEntity
  8
0
100
AcDbLine
 10
-4.411611077602903
 20
-4.603114210077448
 30
0.0
 11
-4.406957287317068
 21
-4.615910408933863
 31
0.0
  0
LINE
  5
19B
330
1F
100
AcDbEntity
  8
0
100
AcDbLine
 10
-4.432486038437616
 20
-4.609318888318177
 30
0.0
 11
-4.42783224815178
 21
-4.622115087174592
 31
0.0
  0
LINE
  5
19C
330
1F
100
AcDbEntity
  8
0
100
AcDbLine
 10
-4.406957287317068
 20
-4.615910408933863
 30
0.0
 11
-4.403833938131944
 21
-4.62449846185763
 31
0.0
  0
LINE
  5
19D
330
1F
100
AcDbEntity
  8
0
100
AcDbLine
 10
-4.42783224815178
 20
-4.622115087174592
 30
0.0
 11
-4.497603400809571
 21
-4.642853212441231
 31
0.0
  0
LINE
  5
19E
330
1F
100
AcDbEntity
  8
0
100
AcDbLine
 10
-4.507797698459758
 20
-4.645883270188907
 30
0.0
 11
-4.504674349274634
 21
-4.654471323112675
 31
0.0
  0
LINE
  5
19F
330
1F
100
AcDbEntity
  8
0
100
AcDbLine
 10
-4.497603400809571
 20
-4.642853212441231
 30
0.0
 11
-4.494480051624447
 21
-4.651441265364999
 31
0.0
  0
LINE
  5
1A0
330
1F
100
AcDbEntity
  8
0
100
AcDbLine
 10
-4.494480051624447
 20
-4.651441265364999
 30
0.0
 11
-4.403833938131944
 21
-4.62449846185763
 31
0.0
  0
LINE
  5
1A1
330
1F
100
AcDbEntity
  8
0
100
AcDbLine
 10
-4.396762989666882
 20
-4.612880351186187
 30
0.0
 11
-4.393639640481758
 21
-4.621468404109955
 31
0.0
  0
LINE
  5
1A2
330
1F
100
AcDbEntity
  8
0
100
AcDbLine
 10
-5.221249428457126
 20
-4.767611377986625
 30
0.0
 11
-4.366375269942043
 21
-4.535896468250181
 31
0.0
  0
LINE
  5
1A3
330
1F
100
AcDbEntity
  8
0
100
AcDbLine
 10
8.081247818237427
 20
0.4821099206477532
 30
0.0
 11
8.081247818237427
 21
0.4493439206477513
 31
0.0
  0
LINE
  5
1A4
330
1F
100
AcDbEntity
  8
0
100
AcDbLine
 10
6.228369837437429
 20
0.4821099206477552
 30
0.0
 11
6.228369837437429
 21
0.4493439206477532
 31
0.0
  0
LINE
  5
1A5
330
1F
100
AcDbEntity
  8
0
100
AcDbLine
 10
-13.36976764497948
 20
-7.903215805435795
 30
0.0
 11
-13.36976764497948
 21
-8.053215805435796
 31
0.0
  0
LINE
  5
1A6
330
1F
100
AcDbEntity
  8
0
100
AcDbLine
 10
-7.070699154947467
 20
-7.903215805435825
 30
0.0
 11
-7.070699154947467
 21
-8.053215805435855
 31
0.0
  0
LINE
  5
1A7
330
1F
100
AcDbEntity
  8
0
100
AcDbLine
 10
6.322641157426895
 20
-3.832948295845712
 30
0.0
 11
6.230185384393963
 21
-3.832948295845711
 31
0.0
  0
LINE
  5
1A8
330
1F
100
AcDbEntity
  8
0
100
AcDbLine
 10
6.230185384393961
 20
-3.965828295845711
 30
0.0
 11
6.230185384393963
 21
-3.832948295845711
 31
0.0
  0
LINE
  5
1A9
330
1F
100
AcDbEntity
  8
0
100
AcDbLine
 10
6.415096930459827
 20
-3.832948295845714
 30
0.0
 11
6.53795521646699
 21
-3.460696428809966
 31
0.0
  0
LINE
  5
1AA
330
1F
100
AcDbEntity
  8
0
100
AcDbLine
 10
6.889048674297561
 20
-2.328369776859174
 30
0.0
 11
6.53795521646699
 21
-3.460696428809966
 31
0.0
  0
LINE
  5
1AB
330
1F
100
AcDbEntity
  8
0
100
AcDbLine
 10
6.797690002893573
 20
-2.31485335039637
 30
0.0
 11
6.889048674297561
 21
-2.328369776859174
 31
0.0
  0
LINE
  5
1AC
330
1F
100
AcDbEntity
  8
0
100
AcDbLine
 10
6.322641157426895
 20
-3.832948295845712
 30
0.0
 11
6.797690002893573
 21
-2.31485335039637
 31
0.0
  0
LINE
  5
1AD
330
1F
100
AcDbEntity
  8
0
100
AcDbLine
 10
6.415096930459827
 20
-3.832948295845714
 30
0.0
 11
6.322641157426895
 21
-3.832948295845712
 31
0.0
  0
LINE
  5
1AE
330
1F
100
AcDbEntity
  8
0
100
AcDbLine
 10
6.718341754433069
 20
-2.549231919259784
 30
0.0
 11
6.704288890371728
 21
-2.544834243607129
 31
0.0
  0
LINE
  5
1AF
330
1F
100
AcDbEntity
  8
0
100
AcDbLine
 10
6.77609608710556
 20
-2.382036838191458
 30
0.0
 11
6.762043223044219
 21
-2.377639162538802
 31
0.0
  0
LINE
  5
1B0
330
1F
100
AcDbEntity
  8
0
100
AcDbLine
 10
6.751560905417681
 20
-2.407984798342289
 30
0.0
 11
6.725387446103432
 21
-2.399794127439218
 31
0.0
  0
LINE
  5
1B1
330
1F
100
AcDbEntity
  8
0
100
AcDbLine
 10
6.738869801183212
 20
-2.444724729411382
 30
0.0
 11
6.712696341868962
 21
-2.436534058508312
 31
0.0
  0
LINE
  5
1B2
330
1F
100
AcDbEntity
  8
0
100
AcDbLine
 10
6.725387446103432
 20
-2.399794127439218
 30
0.0
 11
6.707821366026755
 21
-2.3942970328734
 31
0.0
  0
LINE
  5
1B3
330
1F
100
AcDbEntity
  8
0
100
AcDbLine
 10
6.664080688261253
 20
-2.577273251050351
 30
0.0
 11
6.646514608184576
 21
-2.571776156484532
 31
0.0
  0
LINE
  5
1B4
330
1F
100
AcDbEntity
  8
0
100
AcDbLine
 10
6.670278395413862
 20
-2.559331287186022
 30
0.0
 11
6.652712315337186
 21
-2.553834192620204
 31
0.0
  0
LINE
  5
1B5
330
1F
100
AcDbEntity
  8
0
100
AcDbLine
 10
6.731585153256042
 20
-2.38185216357489
 30
0.0
 11
6.714019073179364
 21
-2.376355069009071
 31
0.0
  0
LINE
  5
1B6
330
1F
100
AcDbEntity
  8
0
100
AcDbLine
 10
6.415096930459827
 20
-3.832948295845714
 30
0.0
 11
6.889048674297561
 21
-2.328369776859174
 31
0.0
  0
LINE
  5
1B7
330
1F
100
AcDbEntity
  8
0
100
AcDbLine
 10
13.27930084505261
 20
-5.278309450883705
 30
0.0
 11
8.279300845052578
 21
-5.078309450883655
 31
0.0
  0
LINE
  5
1B8
330
1F
100
AcDbEntity
  8
0
100
AcDbLine
 10
-8.270699154947865
 20
0.6487410379875165
 30
0.0
 11
-8.27069915494734
 21
4.696008098956496
 31
0.0
  0
LINE
  5
1B9
330
1F
100
AcDbEntity
  8
0
100
AcDbLine
 10
-2.320699154947309
 20
7.796008098956438
 30
0.0
 11
-2.353464822441608
 21
7.796008098956438
 31
0.0
  0
LINE
  5
1BA
330
1F
100
AcDbEntity
  8
0
100
AcDbLine
 10
-2.353464822441608
 20
7.796008098956438
 30
0.0
 11
-4.32069915494731
 21
7.796008098956455
 31
0.0
  0
LINE
  5
1BB
330
1F
100
AcDbEntity
  8
0
100
AcDbLine
 10
-7.070699154947467
 20
-7.903215805435825
 30
0.0
 11
-7.070699154947452
 21
-7.253991901043571
 31
0.0
  0
LINE
  5
1BC
330
1F
100
AcDbEntity
  8
0
100
AcDbLine
 10
-2.320699154947335
 20
4.896008098956439
 30
0.0
 11
-2.35346482244161
 21
4.896008098956439
 31
0.0
  0
LINE
  5
1BD
330
1F
100
AcDbEntity
  8
0
100
AcDbLine
 10
13.27930084505271
 20
3.321690549116343
 30
0.0
 11
13.24893417473135
 21
3.321690549116343
 31
0.0
  0
LINE
  5
1BE
330
1F
100
AcDbEntity
  8
0
100
AcDbLine
 10
8.279300845052578
 20
-5.078309450883655
 30
0.0
 11
13.24653484505261
 21
-5.076908525522329
 31
0.0
  0
LINE
  5
1BF
330
1F
100
AcDbEntity
  8
0
100
AcDbLine
 10
13.2793008450527
 20
4.521690549116347
 30
0.0
 11
13.24893417473135
 21
4.521690549116347
 31
0.0
  0
LINE
  5
1C0
330
1F
100
AcDbEntity
  8
0
100
AcDbLine
 10
13.2793008450527
 20
4.521690549116347
 30
0.0
 11
13.2793008450527
 21
4.52235811255606
 31
0.0
  0
LINE
  5
1C1
330
1F
100
AcDbEntity
  8
0
100
AcDbLine
 10
-8.270699154963772
 20
-0.8239919010435184
 30
0.0
 11
-8.270699154081878
 21
-0.7539919014643229
 31
0.0
  0
LINE
  5
1C2
330
1F
100
AcDbEntity
  8
0
100
AcDbLine
 10
-9.47069915494738
 20
0.5960080985356935
 30
0.0
 11
-9.479092887602764
 21
0.5960080989564929
 31
0.0
  0
LINE
  5
1C3
330
1F
100
AcDbEntity
  8
0
100
AcDbLine
 10
-7.07069915494734
 20
4.696008098956485
 30
0.0
 11
-7.070699154947338
 21
4.821823743333407
 31
0.0
  0
LINE
  5
1C4
330
1F
100
AcDbEntity
  8
0
100
AcDbLine
 10
-7.070699154947338
 20
4.821823743333407
 30
0.0
 11
-7.070699154947336
 21
4.896008098956485
 31
0.0
  0
LINE
  5
1C5
330
1F
100
AcDbEntity
  8
0
100
AcDbLine
 10
-5.296749428457121
 20
-3.953991901043586
 30
0.0
 11
-5.370699154947421
 21
-3.953991901043584
 31
0.0
  0
LINE
  5
1C6
330
1F
100
AcDbEntity
  8
0
100
AcDbLine
 10
-5.970699154947391
 20
-0.9039919010435357
 30
0.0
 11
-5.97069915494739
 21
-0.8299471335126127
 31
0.0
  0
LINE
  5
1C7
330
1F
100
AcDbEntity
  8
0
100
AcDbLine
 10
12.02967467739719
 20
-1.27830945088365
 30
0.0
 11
12.02798687907586
 21
-1.27830945088365
 31
0.0
  0
LINE
  5
1C8
330
1F
100
AcDbEntity
  8
0
100
AcDbLine
 10
12.02798687907586
 20
-1.27830945088365
 30
0.0
 11
9.329674677397184
 21
-1.278309450883633
 31
0.0
  0
LINE
  5
1C9
330
1F
100
AcDbEntity
  8
0
100
AcDbLine
 10
12.02967467739719
 20
-1.27830945088365
 30
0.0
 11
12.0296746773972
 21
-1.20354822780817
 31
0.0
  0
LINE
  5
1CA
330
1F
100
AcDbEntity
  8
0
100
AcDbLine
 10
12.0296746773972
 20
-1.20354822780817
 30
0.0
 11
12.0296746773972
 21
-1.128309450883673
 31
0.0
  0
LINE
  5
1CB
330
1F
100
AcDbEntity
  8
0
100
AcDbLine
 10
12.02967467739721
 20
0.5716905491163218
 30
0.0
 11
12.02967467739721
 21
0.5762595938294309
 31
0.0
  0
LINE
  5
1CC
330
1F
100
AcDbEntity
  8
0
100
AcDbLine
 10
13.2793008450527
 20
3.319190592556062
 30
0.0
 11
13.27930084505271
 21
3.321690549116343
 31
0.0
  0
LINE
  5
1CD
330
1F
100
AcDbEntity
  8
0
100
AcDbLine
 10
-5.220699154947428
 20
-5.053270330958095
 30
0.0
 11
-5.221244040126383
 21
-5.053270330958095
 31
0.0
  0
LINE
  5
1CE
330
1F
100
AcDbEntity
  8
0
100
AcDbLine
 10
-5.220699154947427
 20
-4.953270330958095
 30
0.0
 11
-5.221244040126382
 21
-4.953270330958095
 31
0.0
  0
LINE
  5
1CF
330
1F
100
AcDbEntity
  8
0
100
AcDbLine
 10
-9.410699154963735
 20
-0.8994919010435078
 30
0.0
 11
-9.470699154963734
 21
-0.8994919010435073
 31
0.0
  0
LINE
  5
1D0
330
1F
100
AcDbEntity
  8
0
100
AcDbLine
 10
-8.111069153879205
 20
6.311808086749424
 30
0.0
 11
-8.112339154336969
 21
6.311808086749424
 31
0.0
  0
LINE
  5
1D1
330
1F
100
AcDbEntity
  8
0
100
AcDbLine
 10
-8.111069153879198
 20
6.961808071490634
 30
0.0
 11
-8.112339154336963
 21
6.961808071490634
 31
0.0
  0
LINE
  5
1D2
330
1F
100
AcDbEntity
  8
0
100
AcDbLine
 10
-8.072990501497294
 20
7.686008098956454
 30
0.0
 11
-8.062360490952042
 21
7.686008098956454
 31
0.0
  0
LINE
  5
1D3
330
1F
100
AcDbEntity
  8
0
100
AcDbLine
 10
-8.072990501497301
 20
7.012608074542392
 30
0.0
 11
-8.072990501497301
 21
7.037608074542392
 31
0.0
  0
LINE
  5
1D4
330
1F
100
AcDbEntity
  8
0
100
AcDbLine
 10
-8.072990501497301
 20
7.037608074542392
 30
0.0
 11
-8.072990501497294
 21
7.686008098956454
 31
0.0
  0
LINE
  5
1D5
330
1F
100
AcDbEntity
  8
0
100
AcDbLine
 10
-8.062360490952054
 20
6.287608074542392
 30
0.0
 11
-8.07269915494732
 21
6.287608074542392
 31
0.0
  0
LINE
  5
1D6
330
1F
100
AcDbEntity
  8
0
100
AcDbLine
 10
-8.07269915494732
 20
6.287608074542392
 30
0.0
 11
-8.072990501497308
 21
6.287608074542392
 31
0.0
  0
LINE
  5
1D7
330
1F
100
AcDbEntity
  8
0
100
AcDbLine
 10
-5.221249428457127
 20
-4.81281298633913
 30
0.0
 11
-5.221249428457127
 21
-4.853992005759206
 31
0.0
  0
LINE
  5
1D8
330
1F
100
AcDbEntity
  8
0
100
AcDbLine
 10
6.229300845052631
 20
0.4493439206477514
 30
0.0
 11
6.228369837437429
 21
0.4493439206477532
 31
0.0
  0
LINE
  5
1D9
330
1F
100
AcDbEntity
  8
0
100
AcDbLine
 10
6.229300845052632
 20
0.4821099206477552
 30
0.0
 11
6.228369837437429
 21
0.4821099206477552
 31
0.0
  0
LINE
  5
1DA
330
1F
100
AcDbEntity
  8
0
100
AcDbLine
 10
-7.07069915494746
 20
-8.05399190104357
 30
0.0
 11
-7.070699154947467
 21
-8.053215805435855
 31
0.0
  0
LINE
  5
1DB
330
1F
100
AcDbEntity
  8
0
100
AcDbLine
 10
-6.873414370067563
 20
-7.253991901043571
 30
0.0
 11
-6.906180370067564
 21
-7.253991901043571
 31
0.0
  0
LINE
  5
1DC
330
1F
100
AcDbEntity
  8
0
100
AcDbLine
 10
-6.87069915494739
 20
-0.7544471335126041
 30
0.0
 11
-6.87069915494739
 21
-0.8299471335126043
 31
0.0
  0
LINE
  5
1DD
330
1F
100
AcDbEntity
  8
0
100
AcDbLine
 10
-9.47069915494738
 20
0.5732410379875111
 30
0.0
 11
-9.47069915494738
 21
0.5960080985356935
 31
0.0
  0
LINE
  5
1DE
330
1F
100
AcDbEntity
  8
0
100
AcDbLine
 10
8.079300845052625
 20
0.4821099206477534
 30
0.0
 11
8.079300845052625
 21
0.4493439206477515
 31
0.0
  0
LINE
  5
1DF
330
1F
100
AcDbEntity
  8
0
100
AcDbLine
 10
8.279300845052616
 20
-1.19824040617057
 30
0.0
 11
8.279300845052616
 21
-1.27374040617057
 31
0.0
  0
LINE
  5
1E0
330
1F
100
AcDbEntity
  8
0
100
AcDbLine
 10
-8.270699154947396
 20
-0.9039919010435126
 30
0.0
 11
-8.270699154963772
 21
-0.8994919010435187
 31
0.0
  0
LINE
  5
1E1
330
1F
100
AcDbEntity
  8
0
100
AcDbLine
 10
-5.220699154947418
 20
-3.953991901043587
 30
0.0
 11
-5.221249428457122
 21
-3.953991901043587
 31
0.0
  0
LINE
  5
1E2
330
1F
100
AcDbEntity
  8
0
100
AcDbLine
 10
-5.221249428457122
 20
-3.953991901043587
 30
0.0
 11
-5.296749428457121
 21
-3.953991901043586
 31
0.0
  0
LINE
  5
1E3
330
1F
100
AcDbEntity
  8
0
100
AcDbLine
 10
-5.97069915494739
 20
-0.8299471335126127
 30
0.0
 11
-5.97069915494739
 21
-0.7544471335126126
 31
0.0
  0
LINE
  5
1E4
330
1F
100
AcDbEntity
  8
0
100
AcDbLine
 10
-5.97069915494739
 20
-0.7544471335126126
 30
0.0
 11
-5.97069915494739
 21
-0.7539919010435583
 31
0.0
  0
LINE
  5
1E5
330
1F
100
AcDbEntity
  8
0
100
AcDbLine
 10
6.229300845052631
 20
0.4493439206477514
 30
0.0
 11
6.229300845052632
 21
0.4821099206477552
 31
0.0
  0
LINE
  5
1E6
330
1F
100
AcDbEntity
  8
0
100
AcDbLine
 10
12.02967467739721
 20
0.5762595938294309
 30
0.0
 11
12.02967467739721
 21
0.6517595938294312
 31
0.0
  0
LINE
  5
1E7
330
1F
100
AcDbEntity
  8
0
100
AcDbLine
 10
12.02967467739721
 20
0.6517595938294312
 30
0.0
 11
12.02967467739721
 21
0.7216905491163454
 31
0.0
  0
LINE
  5
1E8
330
1F
100
AcDbEntity
  8
0
100
AcDbLine
 10
8.07930084505259
 20
-3.832948295845736
 30
0.0
 11
8.07930084505259
 21
-3.965828295845736
 31
0.0
  0
LINE
  5
1E9
330
1F
100
AcDbEntity
  8
0
100
AcDbLine
 10
5.658755959873596
 20
-5.053270330958197
 30
0.0
 11
5.629300845170048
 21
-5.053270330958197
 31
0.0
  0
LINE
  5
1EA
330
1F
100
AcDbEntity
  8
0
100
AcDbLine
 10
5.658755959873596
 20
-4.953270330958197
 30
0.0
 11
5.629300845170858
 21
-4.953270330958197
 31
0.0
  0
LINE
  5
1EB
330
1F
100
AcDbEntity
  8
0
100
AcDbLine
 10
5.646340653467561
 20
0.5476483996760935
 30
0.0
 11
5.62930084505263
 21
0.5476483996760936
 31
0.0
  0
LINE
  5
1EC
330
1F
100
AcDbEntity
  8
0
100
AcDbLine
 10
-9.350699154963737
 20
-0.8994919010435084
 30
0.0
 11
-9.410699154963735
 21
-0.8994919010435078
 31
0.0
  0
LINE
  5
1ED
330
1F
100
AcDbEntity
  8
0
100
AcDbLine
 10
-7.12466532653087
 20
0.648741037987523
 30
0.0
 11
-7.072465326530872
 21
0.6487410379875233
 31
0.0
  0
LINE
  5
1EE
330
1F
100
AcDbEntity
  8
0
100
AcDbLine
 10
-9.131524716462494
 20
1.475621227366442
 30
0.0
 11
-9.13837489277279
 21
1.458379388841734
 31
0.0
  0
LINE
  5
1EF
330
1F
100
AcDbEntity
  8
0
100
AcDbLine
 10
-9.13837489277279
 20
1.458379388841734
 30
0.0
 11
-9.146668507283989
 21
1.437504428007021
 31
0.0
  0
LINE
  5
1F0
330
1F
100
AcDbEntity
  8
0
100
AcDbLine
 10
8.5854205847757
 20
1.472802891609624
 30
0.0
 11
8.579502328271476
 21
1.455561053084916
 31
0.0
  0
LINE
  5
1F1
330
1F
100
AcDbEntity
  8
0
100
AcDbLine
 10
8.579502328271476
 20
1.455561053084916
 30
0.0
 11
8.572337003497182
 21
1.434686092250204
 31
0.0
  0
LINE
  5
1F2
330
1F
100
AcDbEntity
  8
0
100
AcDbLine
 10
12.0787124056218
 20
0.5762595938294308
 30
0.0
 11
12.02967467739721
 21
0.5762595938294309
 31
0.0
  0
LINE
  5
1F3
330
1F
100
AcDbEntity
  8
0
100
AcDbLine
 10
12.328270769057
 20
-0.3766680384292448
 30
0.0
 11
12.32235251255278
 21
-0.3939098769539532
 31
0.0
  0
LINE
  5
1F4
330
1F
100
AcDbEntity
  8
0
100
AcDbLine
 10
12.32235251255278
 20
-0.3939098769539532
 30
0.0
 11
12.31518718777848
 21
-0.4147848377886653
 31
0.0
  0
LINE
  5
1F5
330
1F
100
AcDbEntity
  8
0
100
AcDbLine
 10
-8.072990501497307
 20
6.362608074542393
 30
0.0
 11
-8.072699154947319
 21
6.362608074542393
 31
0.0
  0
LINE
  5
1F6
330
1F
100
AcDbEntity
  8
0
100
AcDbLine
 10
-8.112339154336961
 20
7.012608074542392
 30
0.0
 11
-8.111090489481004
 21
7.012608074542392
 31
0.0
  0
LINE
  5
1F7
330
1F
100
AcDbEntity
  8
0
100
AcDbLine
 10
-8.111090489481004
 20
7.012608074542392
 30
0.0
 11
-8.072990501497301
 21
7.012608074542392
 31
0.0
  0
LINE
  5
1F8
330
1F
100
AcDbEntity
  8
0
100
AcDbLine
 10
-8.072990501497301
 20
7.012608074542392
 30
0.0
 11
-8.072699154947314
 21
7.012608074542392
 31
0.0
  0
LINE
  5
1F9
330
1F
100
AcDbEntity
  8
0
100
AcDbLine
 10
-8.112360489938762
 20
7.686008098956454
 30
0.0
 11
-8.111090489480997
 21
7.686008098956454
 31
0.0
  0
LINE
  5
1FA
330
1F
100
AcDbEntity
  8
0
100
AcDbLine
 10
-8.111090489480997
 20
7.686008098956454
 30
0.0
 11
-8.072990501497294
 21
7.686008098956454
 31
0.0
  0
LINE
  5
1FB
330
1F
100
AcDbEntity
  8
0
100
AcDbLine
 10
-8.111090489481011
 20
6.287608074542392
 30
0.0
 11
-8.072990501497308
 21
6.287608074542392
 31
0.0
  0
LINE
  5
1FC
330
1F
100
AcDbEntity
  8
0
100
AcDbLine
 10
-6.825497546594883
 20
-0.8299471335126046
 30
0.0
 11
-6.87069915494739
 21
-0.8299471335126043
 31
0.0
  0
LINE
  5
1FD
330
1F
100
AcDbEntity
  8
0
100
AcDbLine
 10
8.081247818237427
 20
0.4821099206477532
 30
0.0
 11
8.079300845052625
 21
0.4821099206477534
 31
0.0
  0
LINE
  5
1FE
330
1F
100
AcDbEntity
  8
0
100
AcDbLine
 10
6.762043223044219
 20
-2.377639162538802
 30
0.0
 11
6.751560905417681
 21
-2.407984798342289
 31
0.0
  0
LINE
  5
1FF
330
1F
100
AcDbEntity
  8
0
100
AcDbLine
 10
6.751560905417681
 20
-2.407984798342289
 30
0.0
 11
6.738869801183212
 21
-2.444724729411382
 31
0.0
  0
LINE
  5
200
330
1F
100
AcDbEntity
  8
0
100
AcDbLine
 10
-9.470699154987718
 20
-0.9039918938388481
 30
0.0
 11
-9.470699154963734
 21
-0.8994919010435073
 31
0.0
  0
LINE
  5
201
330
1F
100
AcDbEntity
  8
0
100
AcDbLine
 10
-9.470699154963734
 20
-0.8994919010435073
 30
0.0
 11
-9.470699154963732
 21
-0.8239919010435072
 31
0.0
  0
LINE
  5
202
330
1F
100
AcDbEntity
  8
0
100
AcDbLine
 10
5.646340653467561
 20
0.4476483996760931
 30
0.0
 11
5.629300845052629
 21
0.4476483996760933
 31
0.0
  0
LINE
  5
203
330
1F
100
AcDbEntity
  8
0
100
AcDbLine
 10
-7.176865326530868
 20
0.6487410379875228
 30
0.0
 11
-7.12466532653087
 21
0.648741037987523
 31
0.0
  0
LINE
  5
204
330
1F
100
AcDbEntity
  8
0
100
AcDbLine
 10
-7.175092265292269
 20
4.897323743333407
 30
0.0
 11
-7.122892265292271
 21
4.897323743333407
 31
0.0
  0
LINE
  5
205
330
1F
100
AcDbEntity
  8
0
100
AcDbLine
 10
-7.122892265292271
 20
4.897323743333407
 30
0.0
 11
-7.070692265292273
 21
4.897323743333407
 31
0.0
  0
LINE
  5
206
330
1F
100
AcDbEntity
  8
0
100
AcDbLine
 10
8.380912405621787
 20
-1.27374040617057
 30
0.0
 11
8.328712405621788
 21
-1.27374040617057
 31
0.0
  0
LINE
  5
207
330
1F
100
AcDbEntity
  8
0
100
AcDbLine
 10
8.328712405621788
 20
-1.27374040617057
 30
0.0
 11
8.279300845052616
 21
-1.27374040617057
 31
0.0
  0
LINE
  5
208
330
1F
100
AcDbEntity
  8
0
100
AcDbLine
 10
12.1309124056218
 20
0.5762595938294307
 30
0.0
 11
12.0787124056218
 21
0.5762595938294308
 31
0.0
  0
LINE
  5
209
330
1F
100
AcDbEntity
  8
0
100
AcDbLine
 10
-8.07169915494732
 20
6.311808086749424
 30
0.0
 11
-8.07269915494732
 21
6.311808086749424
 31
0.0
  0
LINE
  5
20A
330
1F
100
AcDbEntity
  8
0
100
AcDbLine
 10
-8.07269915494732
 20
6.311808086749424
 30
0.0
 11
-8.072990501497308
 21
6.311808086749424
 31
0.0
  0
LINE
  5
20B
330
1F
100
AcDbEntity
  8
0
100
AcDbLine
 10
-8.112339154336969
 20
6.362608074542393
 30
0.0
 11
-8.111090489481011
 21
6.362608074542393
 31
0.0
  0
LINE
  5
20C
330
1F
100
AcDbEntity
  8
0
100
AcDbLine
 10
-8.111090489481011
 20
6.362608074542393
 30
0.0
 11
-8.072990501497307
 21
6.362608074542393
 31
0.0
  0
LINE
  5
20D
330
1F
100
AcDbEntity
  8
0
100
AcDbLine
 10
-8.071699154947314
 20
6.961808071490634
 30
0.0
 11
-8.072699154947315
 21
6.961808071490634
 31
0.0
  0
LINE
  5
20E
330
1F
100
AcDbEntity
  8
0
100
AcDbLine
 10
-8.072699154947315
 20
6.961808071490634
 30
0.0
 11
-8.072990501497301
 21
6.961808071490634
 31
0.0
  0
LINE
  5
20F
330
1F
100
AcDbEntity
  8
0
100
AcDbLine
 10
-6.780295938242377
 20
-0.8299471335126052
 30
0.0
 11
-6.825497546594883
 21
-0.8299471335126046
 31
0.0
  0
LINE
  5
210
330
1F
100
AcDbEntity
  8
0
100
AcDbLine
 10
-5.221249428457126
 20
-4.767611377986625
 30
0.0
 11
-5.221249428457127
 21
-4.81281298633913
 31
0.0
  0
LINE
  5
211
330
1F
100
AcDbEntity
  8
0
100
AcDbLine
 10
-9.191492871478179
 20
1.372387065635066
 30
0.0
 11
-9.163772817355559
 21
1.442158218292857
 31
0.0
  0
LINE
  5
212
330
1F
100
AcDbEntity
  8
0
100
AcDbLine
 10
8.533610688593248
 20
1.369568729878249
 30
0.0
 11
8.557559618252487
 21
1.439339882536039
 31
0.0
  0
LINE
  5
213
330
1F
100
AcDbEntity
  8
0
100
AcDbLine
 10
12.27646087287455
 20
-0.47990220016062
 30
0.0
 11
12.30040980253379
 21
-0.41013104750283
 31
0.0
  0
LINE
  5
214
330
1F
100
AcDbEntity
  8
0
100
AcDbLine
 10
8.081247818237427
 20
0.4493439206477513
 30
0.0
 11
8.079300845052625
 21
0.4493439206477515
 31
0.0
  0
LINE
  5
215
330
1F
100
AcDbEntity
  8
0
100
AcDbLine
 10
6.670278395413862
 20
-2.559331287186022
 30
0.0
 11
6.712696341868962
 21
-2.436534058508312
 31
0.0
  0
LINE
  5
216
330
1F
100
AcDbEntity
  8
0
100
AcDbLine
 10
-8.270699154947865
 20
0.6487410379875165
 30
0.0
 11
-8.270699154999736
 21
0.5732410379875164
 31
0.0
  0
LINE
  5
217
330
1F
100
AcDbEntity
  8
0
100
AcDbLine
 10
-2.320699154947377
 20
0.6460080989564352
 30
0.0
 11
-7.070699154947378
 21
0.6460080989564698
 31
0.0
  0
LINE
  5
218
330
1F
100
AcDbEntity
  8
0
100
AcDbLine
 10
-6.87069915494739
 20
-0.7539919010435294
 30
0.0
 11
-8.270699154081878
 21
-0.7539919014643229
 31
0.0
  0
LINE
  5
219
330
1F
100
AcDbEntity
  8
0
100
AcDbLine
 10
-9.47069915494738
 20
0.5732410379875111
 30
0.0
 11
-9.470699154963732
 21
-0.8239919010435072
 31
0.0
  0
LINE
  5
21A
330
1F
100
AcDbEntity
  8
0
100
AcDbLine
 10
-8.120699154947337
 20
4.896008098956491
 30
0.0
 11
-8.120699154962375
 21
0.4460081036239499
 31
0.0
  0
LINE
  5
21B
330
1F
100
AcDbEntity
  8
0
100
AcDbLine
 10
-7.070699154947336
 20
4.896008098956485
 30
0.0
 11
-2.35346482244161
 21
4.896008098956439
 31
0.0
  0
LINE
  5
21C
330
1F
100
AcDbEntity
  8
0
100
AcDbLine
 10
8.079300845052547
 20
-8.053991901043712
 30
0.0
 11
8.079300845052556
 21
-7.153991901043711
 31
0.0
  0
LINE
  5
21D
330
1F
100
AcDbEntity
  8
0
100
AcDbLine
 10
-7.070699154947394
 20
-0.9039919010435241
 30
0.0
 11
-7.070699154947444
 21
-6.45399190104357
 31
0.0
  0
LINE
  5
21E
330
1F
100
AcDbEntity
  8
0
100
AcDbLine
 10
13.07930084505266
 20
-0.5783094508836824
 30
0.0
 11
13.07930084505254
 21
-3.878309450883671
 31
0.0
  0
LINE
  5
21F
330
1F
100
AcDbEntity
  8
0
100
AcDbLine
 10
8.279300845052644
 20
0.4466905491163848
 30
0.0
 11
8.279300845052667
 21
4.5216905491164
 31
0.0
  0
LINE
  5
220
330
1F
100
AcDbEntity
  8
0
100
AcDbLine
 10
13.27930084505261
 20
-5.076908525522331
 30
0.0
 11
13.27930084505261
 21
-5.278309450883705
 31
0.0
  0
LINE
  5
221
330
1F
100
AcDbEntity
  8
0
100
AcDbLine
 10
8.279300845052667
 20
4.5216905491164
 30
0.0
 11
13.24893417473135
 21
4.521690549116347
 31
0.0
  0
LINE
  5
222
330
1F
100
AcDbEntity
  8
0
100
AcDbLine
 10
8.279300845052617
 20
-1.00330945088362
 30
0.0
 11
8.279300845052616
 21
-1.19824040617057
 31
0.0
  0
LINE
  5
223
330
1F
100
AcDbEntity
  8
0
100
AcDbLine
 10
13.07930084505271
 20
0.0216905491163198
 30
0.0
 11
13.07930084505288
 21
3.321690549116343
 31
0.0
  0
LINE
  5
224
330
1F
100
AcDbEntity
  8
0
100
AcDbLine
 10
-7.07069915494738
 20
0.4460080989564691
 30
0.0
 11
-7.070699154947378
 21
0.6460080989564698
 31
0.0
  0
LINE
  5
225
330
1F
100
AcDbEntity
  8
0
100
AcDbLine
 10
13.27930084505261
 20
-3.88160484552233
 30
0.0
 11
13.27930084505261
 21
-5.076908525522331
 31
0.0
  0
LINE
  5
226
330
1F
100
AcDbEntity
  8
0
100
AcDbLine
 10
13.24653484505261
 20
-5.076908525522329
 30
0.0
 11
13.24653484505261
 21
-3.88160484552233
 31
0.0
  0
LINE
  5
227
330
1F
100
AcDbEntity
  8
0
100
AcDbLine
 10
13.28170017473135
 20
4.52235811255606
 30
0.0
 11
13.28170017473135
 21
3.319190592556065
 31
0.0
  0
LINE
  5
228
330
1F
100
AcDbEntity
  8
0
100
AcDbLine
 10
13.24893417473135
 20
3.321690549116343
 30
0.0
 11
13.24893417473135
 21
4.521690549116347
 31
0.0
  0
LINE
  5
229
330
1F
100
AcDbEntity
  8
0
100
AcDbLine
 10
13.2793008450527
 20
0.0216905491163082
 30
0.0
 11
13.27930084505264
 21
-0.5769085255222822
 31
0.0
  0
LINE
  5
22A
330
1F
100
AcDbEntity
  8
0
100
AcDbLine
 10
13.24653484505264
 20
-0.5769085255222837
 30
0.0
 11
13.24653484505264
 21
0.0216905491163101
 31
0.0
  0
LINE
  5
22B
330
1F
100
AcDbEntity
  8
0
100
AcDbLine
 10
-6.873414370067564
 20
-6.454866162127504
 30
0.0
 11
-6.873414370067563
 21
-7.253991901043571
 31
0.0
  0
LINE
  5
22C
330
1F
100
AcDbEntity
  8
0
100
AcDbLine
 10
-6.906180370067564
 20
-7.253991901043571
 30
0.0
 11
-6.906180370067563
 21
-6.454866162127504
 31
0.0
  0
LINE
  5
22D
330
1F
100
AcDbEntity
  8
0
100
AcDbLine
 10
-2.321720325374598
 20
4.693716697047413
 30
0.0
 11
-2.321720325374595
 21
0.6486560450563899
 31
0.0
  0
LINE
  5
22E
330
1F
100
AcDbEntity
  8
0
100
AcDbLine
 10
-2.354486325374594
 20
0.6486560450563797
 30
0.0
 11
-2.354486325374597
 21
4.693716697047413
 31
0.0
  0
LINE
  5
22F
330
1F
100
AcDbEntity
  8
0
100
AcDbLine
 10
-2.320699154947308
 20
7.996008098956438
 30
0.0
 11
-2.320699154947309
 21
7.796008098956438
 31
0.0
  0
LINE
  5
230
330
1F
100
AcDbEntity
  8
0
100
AcDbLine
 10
-2.320699154947309
 20
7.796008098956438
 30
0.0
 11
-2.320699154947335
 21
4.896008098956439
 31
0.0
  0
LINE
  5
231
330
1F
100
AcDbEntity
  8
0
100
AcDbLine
 10
-2.35346482244161
 20
4.896008098956439
 30
0.0
 11
-2.353464822441608
 21
7.796008098956438
 31
0.0
  0
LINE
  5
232
330
1F
100
AcDbEntity
  8
0
100
AcDbLine
 10
5.629300845170048
 20
-5.053270330958197
 30
0.0
 11
-5.220699154947428
 21
-5.053270330958095
 31
0.0
  0
LINE
  5
233
330
1F
100
AcDbEntity
  8
0
100
AcDbLine
 10
-5.220699154947427
 20
-4.953270330958095
 30
0.0
 11
5.629300845170858
 21
-4.953270330958197
 31
0.0
  0
LINE
  5
234
330
1F
100
AcDbEntity
  8
0
100
AcDbLine
 10
5.629300845052629
 20
0.4476483996760933
 30
0.0
 11
-2.320699154947378
 21
0.447648399676168
 31
0.0
  0
LINE
  5
235
330
1F
100
AcDbEntity
  8
0
100
AcDbLine
 10
-2.320699154947378
 20
0.5476483996761684
 30
0.0
 11
5.62930084505263
 21
0.5476483996760936
 31
0.0
  0
LINE
  5
236
330
1F
100
AcDbEntity
  8
0
100
AcDbLine
 10
-8.270699154963772
 20
-0.8994919010435187
 30
0.0
 11
-9.350699154963737
 21
-0.8994919010435084
 31
0.0
  0
LINE
  5
237
330
1F
100
AcDbEntity
  8
0
100
AcDbLine
 10
-9.13234785211672
 20
-1.709130251897732
 30
0.0
 11
-9.140583857604414
 21
-1.68825529106302
 31
0.0
  0
LINE
  5
238
330
1F
100
AcDbEntity
  8
0
100
AcDbLine
 10
-9.140583857604414
 20
-1.68825529106302
 30
0.0
 11
-9.163025448655194
 21
-1.631374885269981
 31
0.0
  0
LINE
  5
239
330
1F
100
AcDbEntity
  8
0
100
AcDbLine
 10
-9.116425526739068
 20
-1.723873411074341
 30
0.0
 11
-9.153905716960557
 21
-1.628876205921882
 31
0.0
  0
LINE
  5
23A
330
1F
100
AcDbEntity
  8
0
100
AcDbLine
 10
-9.145311294964918
 20
-1.723978339833753
 30
0.0
 11
-9.14933335239798
 21
-1.713784042183567
 31
0.0
  0
LINE
  5
23B
330
1F
100
AcDbEntity
  8
0
100
AcDbLine
 10
-9.14933335239798
 20
-1.713784042183567
 30
0.0
 11
-9.157569357885674
 21
-1.692909081348854
 31
0.0
  0
LINE
  5
23C
330
1F
100
AcDbEntity
  8
0
100
AcDbLine
 10
-9.200518585292473
 20
-1.616066980226001
 30
0.0
 11
-9.196496527859411
 21
-1.626261277876188
 31
0.0
  0
LINE
  5
23D
330
1F
100
AcDbEntity
  8
0
100
AcDbLine
 10
-9.189118920674177
 20
-1.612943631040877
 30
0.0
 11
-9.185096863241116
 21
-1.623137928691064
 31
0.0
  0
LINE
  5
23E
330
1F
100
AcDbEntity
  8
0
100
AcDbLine
 10
-9.160733017016275
 20
-1.716907391368691
 30
0.0
 11
-9.156710959583213
 21
-1.727101689018878
 31
0.0
  0
LINE
  5
23F
330
1F
100
AcDbEntity
  8
0
100
AcDbLine
 10
-8.270699154963772
 20
-0.8239919010435184
 30
0.0
 11
-9.470699154963732
 21
-0.8239919010435072
 31
0.0
  0
LINE
  5
240
330
1F
100
AcDbEntity
  8
0
100
AcDbLine
 10
-8.116465326530838
 20
0.6487410379875187
 30
0.0
 11
-7.176865326530868
 21
0.6487410379875228
 31
0.0
  0
LINE
  5
241
330
1F
100
AcDbEntity
  8
0
100
AcDbLine
 10
-7.366830960007785
 20
1.458379388841744
 30
0.0
 11
-7.35966563523349
 21
1.437504428007031
 31
0.0
  0
LINE
  5
242
330
1F
100
AcDbEntity
  8
0
100
AcDbLine
 10
-7.35966563523349
 20
1.437504428007031
 30
0.0
 11
-7.340141451019311
 21
1.380624022213993
 31
0.0
  0
LINE
  5
243
330
1F
100
AcDbEntity
  8
0
100
AcDbLine
 10
-7.380683383086342
 20
1.473122548018353
 30
0.0
 11
-7.348075617593644
 21
1.378125342865894
 31
0.0
  0
LINE
  5
244
330
1F
100
AcDbEntity
  8
0
100
AcDbLine
 10
-7.355552764729851
 20
1.473227476777766
 30
0.0
 11
-7.352053574763088
 21
1.463033179127579
 31
0.0
  0
LINE
  5
245
330
1F
100
AcDbEntity
  8
0
100
AcDbLine
 10
-7.352053574763088
 20
1.463033179127579
 30
0.0
 11
-7.344888249988794
 21
1.442158218292867
 31
0.0
  0
LINE
  5
246
330
1F
100
AcDbEntity
  8
0
100
AcDbLine
 10
-7.307522422144878
 20
1.365316117170014
 30
0.0
 11
-7.311021612111641
 21
1.3755104148202
 31
0.0
  0
LINE
  5
247
330
1F
100
AcDbEntity
  8
0
100
AcDbLine
 10
-7.317440130362795
 20
1.36219276798489
 30
0.0
 11
-7.320939320329558
 21
1.372387065635076
 31
0.0
  0
LINE
  5
248
330
1F
100
AcDbEntity
  8
0
100
AcDbLine
 10
-7.342135866545171
 20
1.466156528312703
 30
0.0
 11
-7.345635056511936
 21
1.47635082596289
 31
0.0
  0
LINE
  5
249
330
1F
100
AcDbEntity
  8
0
100
AcDbLine
 10
-8.116465326530838
 20
0.5732410379875185
 30
0.0
 11
-7.072465326530872
 21
0.5732410379875231
 31
0.0
  0
LINE
  5
24A
330
1F
100
AcDbEntity
  8
0
100
AcDbLine
 10
-9.358253514337274
 20
0.6487410379875117
 30
0.0
 11
-8.270699154947865
 21
0.6487410379875165
 31
0.0
  0
LINE
  5
24B
330
1F
100
AcDbEntity
  8
0
100
AcDbLine
 10
-8.270699154999736
 20
0.5732410379875164
 30
0.0
 11
-9.47069915494738
 21
0.5732410379875111
 31
0.0
  0
LINE
  5
24C
330
1F
100
AcDbEntity
  8
0
100
AcDbLine
 10
-9.160083550078387
 20
1.378125342865884
 30
0.0
 11
-9.122341194276416
 21
1.473122548018343
 31
0.0
  0
LINE
  5
24D
330
1F
100
AcDbEntity
  8
0
100
AcDbLine
 10
-9.155479202844358
 20
1.463033179127569
 30
0.0
 11
-9.163772817355559
 21
1.442158218292857
 31
0.0
  0
LINE
  5
24E
330
1F
100
AcDbEntity
  8
0
100
AcDbLine
 10
-9.151429012015617
 20
1.473227476777756
 30
0.0
 11
-9.155479202844358
 21
1.463033179127569
 31
0.0
  0
LINE
  5
24F
330
1F
100
AcDbEntity
  8
0
100
AcDbLine
 10
-9.202972274210774
 20
1.37551041482019
 30
0.0
 11
-9.166958605576955
 21
1.466156528312693
 31
0.0
  0
LINE
  5
250
330
1F
100
AcDbEntity
  8
0
100
AcDbLine
 10
-9.19554306230692
 20
1.362192767984879
 30
0.0
 11
-9.191492871478179
 21
1.372387065635066
 31
0.0
  0
LINE
  5
251
330
1F
100
AcDbEntity
  8
0
100
AcDbLine
 10
-9.207022465039516
 20
1.365316117170003
 30
0.0
 11
-9.202972274210774
 21
1.37551041482019
 31
0.0
  0
LINE
  5
252
330
1F
100
AcDbEntity
  8
0
100
AcDbLine
 10
-9.162908414748214
 20
1.47635082596288
 30
0.0
 11
-9.166958605576955
 21
1.466156528312693
 31
0.0
  0
LINE
  5
253
330
1F
100
AcDbEntity
  8
0
100
AcDbLine
 10
-9.169267072264462
 20
1.380624022213983
 30
0.0
 11
-9.146668507283989
 21
1.437504428007021
 31
0.0
  0
LINE
  5
254
330
1F
100
AcDbEntity
  8
0
100
AcDbLine
 10
-8.11469226529224
 20
4.897323743333403
 30
0.0
 11
-7.175092265292269
 21
4.897323743333407
 31
0.0
  0
LINE
  5
255
330
1F
100
AcDbEntity
  8
0
100
AcDbLine
 10
-7.365057898769185
 20
5.706962094187627
 30
0.0
 11
-7.357892573994891
 21
5.686087133352915
 31
0.0
  0
LINE
  5
256
330
1F
100
AcDbEntity
  8
0
100
AcDbLine
 10
-7.357892573994891
 20
5.686087133352915
 30
0.0
 11
-7.338368389780712
 21
5.629206727559877
 31
0.0
  0
LINE
  5
257
330
1F
100
AcDbEntity
  8
0
100
AcDbLine
 10
-7.378910321847743
 20
5.721705253364236
 30
0.0
 11
-7.346302556355045
 21
5.626708048211778
 31
0.0
  0
LINE
  5
258
330
1F
100
AcDbEntity
  8
0
100
AcDbLine
 10
-7.353779703491252
 20
5.721810182123649
 30
0.0
 11
-7.350280513524489
 21
5.711615884473463
 31
0.0
  0
LINE
  5
259
330
1F
100
AcDbEntity
  8
0
100
AcDbLine
 10
-7.350280513524489
 20
5.711615884473463
 30
0.0
 11
-7.343115188750195
 21
5.69074092363875
 31
0.0
  0
LINE
  5
25A
330
1F
100
AcDbEntity
  8
0
100
AcDbLine
 10
-7.30574936090628
 20
5.613898822515897
 30
0.0
 11
-7.309248550873042
 21
5.624093120166084
 31
0.0
  0
LINE
  5
25B
330
1F
100
AcDbEntity
  8
0
100
AcDbLine
 10
-7.315667069124196
 20
5.610775473330773
 30
0.0
 11
-7.319166259090959
 21
5.62096977098096
 31
0.0
  0
LINE
  5
25C
330
1F
100
AcDbEntity
  8
0
100
AcDbLine
 10
-7.340362805306572
 20
5.714739233658586
 30
0.0
 11
-7.343861995273337
 21
5.724933531308774
 31
0.0
  0
LINE
  5
25D
330
1F
100
AcDbEntity
  8
0
100
AcDbLine
 10
-8.11469226529224
 20
4.821823743333402
 30
0.0
 11
-7.070699154947338
 21
4.821823743333407
 31
0.0
  0
LINE
  5
25E
330
1F
100
AcDbEntity
  8
0
100
AcDbLine
 10
8.389536694794554
 20
0.6459227022306973
 30
0.0
 11
9.329136694794522
 21
0.6459227022306845
 31
0.0
  0
LINE
  5
25F
330
1F
100
AcDbEntity
  8
0
100
AcDbLine
 10
9.329136694794522
 20
0.5704227022306843
 30
0.0
 11
8.285136694794556
 21
0.5704227022306986
 31
0.0
  0
LINE
  5
260
330
1F
100
AcDbEntity
  8
0
100
AcDbLine
 10
8.560746985857335
 20
1.375307007109066
 30
0.0
 11
8.593354751350033
 21
1.470304212261524
 31
0.0
  0
LINE
  5
261
330
1F
100
AcDbEntity
  8
0
100
AcDbLine
 10
8.56472494302678
 20
1.460214843370751
 30
0.0
 11
8.557559618252487
 21
1.439339882536039
 31
0.0
  0
LINE
  5
262
330
1F
100
AcDbEntity
  8
0
100
AcDbLine
 10
8.568224132993544
 20
1.470409141020938
 30
0.0
 11
8.56472494302678
 21
1.460214843370751
 31
0.0
  0
LINE
  5
263
330
1F
100
AcDbEntity
  8
0
100
AcDbLine
 10
8.523692980375332
 20
1.372692079063373
 30
0.0
 11
8.554807234808864
 21
1.463338192555875
 31
0.0
  0
LINE
  5
264
330
1F
100
AcDbEntity
  8
0
100
AcDbLine
 10
8.530111498626486
 20
1.359374432228062
 30
0.0
 11
8.533610688593248
 21
1.369568729878249
 31
0.0
  0
LINE
  5
265
330
1F
100
AcDbEntity
  8
0
100
AcDbLine
 10
8.52019379040857
 20
1.362497781413186
 30
0.0
 11
8.523692980375332
 21
1.372692079063373
 31
0.0
  0
LINE
  5
266
330
1F
100
AcDbEntity
  8
0
100
AcDbLine
 10
8.558306424775626
 20
1.473532490206062
 30
0.0
 11
8.554807234808864
 21
1.463338192555875
 31
0.0
  0
LINE
  5
267
330
1F
100
AcDbEntity
  8
0
100
AcDbLine
 10
8.552812819283002
 20
1.377805686457166
 30
0.0
 11
8.572337003497182
 21
1.434686092250204
 31
0.0
  0
LINE
  5
268
330
1F
100
AcDbEntity
  8
0
100
AcDbLine
 10
9.320512405621757
 20
-1.273740406170571
 30
0.0
 11
8.380912405621787
 21
-1.27374040617057
 31
0.0
  0
LINE
  5
269
330
1F
100
AcDbEntity
  8
0
100
AcDbLine
 10
8.570878039098698
 20
-2.083378757024792
 30
0.0
 11
8.563712714324405
 21
-2.062503796190081
 31
0.0
  0
LINE
  5
26A
330
1F
100
AcDbEntity
  8
0
100
AcDbLine
 10
8.563712714324405
 20
-2.062503796190081
 30
0.0
 11
8.544188530110224
 21
-2.005623390397042
 31
0.0
  0
LINE
  5
26B
330
1F
100
AcDbEntity
  8
0
100
AcDbLine
 10
8.584730462177253
 20
-2.098121916201401
 30
0.0
 11
8.552122696684558
 21
-2.003124711048943
 31
0.0
  0
LINE
  5
26C
330
1F
100
AcDbEntity
  8
0
100
AcDbLine
 10
8.559599843820765
 20
-2.098226844960815
 30
0.0
 11
8.556100653854003
 21
-2.088032547310628
 31
0.0
  0
LINE
  5
26D
330
1F
100
AcDbEntity
  8
0
100
AcDbLine
 10
8.556100653854003
 20
-2.088032547310628
 30
0.0
 11
8.548935329079708
 21
-2.067157586475915
 31
0.0
  0
LINE
  5
26E
330
1F
100
AcDbEntity
  8
0
100
AcDbLine
 10
8.511569501235792
 20
-1.990315485353062
 30
0.0
 11
8.515068691202554
 21
-2.000509783003249
 31
0.0
  0
LINE
  5
26F
330
1F
100
AcDbEntity
  8
0
100
AcDbLine
 10
8.521487209453708
 20
-1.987192136167938
 30
0.0
 11
8.524986399420472
 21
-1.997386433818125
 31
0.0
  0
LINE
  5
270
330
1F
100
AcDbEntity
  8
0
100
AcDbLine
 10
8.546182945636085
 20
-2.091155896495752
 30
0.0
 11
8.549682135602849
 21
-2.101350194145939
 31
0.0
  0
LINE
  5
271
330
1F
100
AcDbEntity
  8
0
100
AcDbLine
 10
9.320512405621757
 20
-1.198240406170571
 30
0.0
 11
8.279300845052616
 21
-1.19824040617057
 31
0.0
  0
LINE
  5
272
330
1F
100
AcDbEntity
  8
0
100
AcDbLine
 10
13.07051240562177
 20
0.5762595938294297
 30
0.0
 11
12.1309124056218
 21
0.5762595938294307
 31
0.0
  0
LINE
  5
273
330
1F
100
AcDbEntity
  8
0
100
AcDbLine
 10
12.32087803909871
 20
-0.2333787570247912
 30
0.0
 11
12.31371271432442
 21
-0.2125037961900794
 31
0.0
  0
LINE
  5
274
330
1F
100
AcDbEntity
  8
0
100
AcDbLine
 10
12.31371271432442
 20
-0.2125037961900794
 30
0.0
 11
12.29418853011023
 21
-0.1556233903970411
 31
0.0
  0
LINE
  5
275
330
1F
100
AcDbEntity
  8
0
100
AcDbLine
 10
12.33473046217726
 20
-0.2481219162014004
 30
0.0
 11
12.30212269668457
 21
-0.1531247110489417
 31
0.0
  0
LINE
  5
276
330
1F
100
AcDbEntity
  8
0
100
AcDbLine
 10
12.30959984382078
 20
-0.2482268449608135
 30
0.0
 11
12.30610065385401
 21
-0.2380325473106269
 31
0.0
  0
LINE
  5
277
330
1F
100
AcDbEntity
  8
0
100
AcDbLine
 10
12.30610065385401
 20
-0.2380325473106269
 30
0.0
 11
12.29893532907972
 21
-0.2171575864759144
 31
0.0
  0
LINE
  5
278
330
1F
100
AcDbEntity
  8
0
100
AcDbLine
 10
12.2615695012358
 20
-0.1403154853530613
 30
0.0
 11
12.26506869120256
 21
-0.150509783003248
 31
0.0
  0
LINE
  5
279
330
1F
100
AcDbEntity
  8
0
100
AcDbLine
 10
12.27148720945372
 20
-0.1371921361679371
 30
0.0
 11
12.27498639942048
 21
-0.1473864338181239
 31
0.0
  0
LINE
  5
27A
330
1F
100
AcDbEntity
  8
0
100
AcDbLine
 10
12.2961829456361
 20
-0.2411558964957509
 30
0.0
 11
12.29968213560286
 21
-0.2513501941459377
 31
0.0
  0
LINE
  5
27B
330
1F
100
AcDbEntity
  8
0
100
AcDbLine
 10
13.07051240562177
 20
0.6517595938294299
 30
0.0
 11
12.02967467739721
 21
0.6517595938294312
 31
0.0
  0
LINE
  5
27C
330
1F
100
AcDbEntity
  8
0
100
AcDbLine
 10
12.13238687907586
 20
-1.203548227808172
 30
0.0
 11
13.07198687907583
 21
-1.203548227808184
 31
0.0
  0
LINE
  5
27D
330
1F
100
AcDbEntity
  8
0
100
AcDbLine
 10
13.07198687907582
 20
-1.279048227808185
 30
0.0
 11
12.02798687907586
 21
-1.27904822780817
 31
0.0
  0
LINE
  5
27E
330
1F
100
AcDbEntity
  8
0
100
AcDbLine
 10
12.30359717013864
 20
-0.4741639229298028
 30
0.0
 11
12.33620493563133
 21
-0.3791667177773445
 31
0.0
  0
LINE
  5
27F
330
1F
100
AcDbEntity
  8
0
100
AcDbLine
 10
12.30757512730808
 20
-0.3892560866681177
 30
0.0
 11
12.30040980253379
 21
-0.41013104750283
 31
0.0
  0
LINE
  5
280
330
1F
100
AcDbEntity
  8
0
100
AcDbLine
 10
12.31107431727485
 20
-0.3790617890179311
 30
0.0
 11
12.30757512730808
 21
-0.3892560866681177
 31
0.0
  0
LINE
  5
281
330
1F
100
AcDbEntity
  8
0
100
AcDbLine
 10
12.26654316465663
 20
-0.4767788509754958
 30
0.0
 11
12.29765741909017
 21
-0.3861327374829935
 31
0.0
  0
LINE
  5
282
330
1F
100
AcDbEntity
  8
0
100
AcDbLine
 10
12.27296168290779
 20
-0.4900964978108067
 30
0.0
 11
12.27646087287455
 21
-0.47990220016062
 31
0.0
  0
LINE
  5
283
330
1F
100
AcDbEntity
  8
0
100
AcDbLine
 10
12.26304397468987
 20
-0.4869731486256825
 30
0.0
 11
12.26654316465663
 21
-0.4767788509754958
 31
0.0
  0
LINE
  5
284
330
1F
100
AcDbEntity
  8
0
100
AcDbLine
 10
12.30115660905693
 20
-0.3759384398328067
 30
0.0
 11
12.29765741909017
 21
-0.3861327374829935
 31
0.0
  0
LINE
  5
285
330
1F
100
AcDbEntity
  8
0
100
AcDbLine
 10
12.2956630035643
 20
-0.4716652435817033
 30
0.0
 11
12.31518718777848
 21
-0.4147848377886653
 31
0.0
  0
LINE
  5
286
330
1F
100
AcDbEntity
  8
0
100
AcDbLine
 10
-8.123904954050102
 20
6.358108074542392
 30
0.0
 11
-8.12269915494732
 21
6.362608074542393
 31
0.0
  0
LINE
  5
287
330
1F
100
AcDbEntity
  8
0
100
AcDbLine
 10
-8.123904954050102
 20
6.367108074542393
 30
0.0
 11
-8.12269915494732
 21
6.362608074542393
 31
0.0
  0
LINE
  5
288
330
1F
100
AcDbEntity
  8
0
100
AcDbLine
 10
-8.059493354890863
 20
6.358108074542392
 30
0.0
 11
-8.060699154947319
 21
6.362608074542392
 31
0.0
  0
LINE
  5
289
330
1F
100
AcDbEntity
  8
0
100
AcDbLine
 10
-8.059493354890863
 20
6.367108074542392
 30
0.0
 11
-8.060699154947319
 21
6.362608074542392
 31
0.0
  0
LINE
  5
28A
330
1F
100
AcDbEntity
  8
0
100
AcDbLine
 10
-5.97069915494739
 20
-0.8299471335126127
 30
0.0
 11
-6.780295938242377
 21
-0.8299471335126052
 31
0.0
  0
LINE
  5
28B
330
1F
100
AcDbEntity
  8
0
100
AcDbLine
 10
-6.615798770333204
 20
-1.639585484366828
 30
0.0
 11
-6.622003448573934
 21
-1.618710523532116
 31
0.0
  0
LINE
  5
28C
330
1F
100
AcDbEntity
  8
0
100
AcDbLine
 10
-6.622003448573934
 20
-1.618710523532116
 30
0.0
 11
-6.638910048732009
 21
-1.561830117739077
 31
0.0
  0
LINE
  5
28D
330
1F
100
AcDbEntity
  8
0
100
AcDbLine
 10
-6.603803525070174
 20
-1.654328643543437
 30
0.0
 11
-6.632039606392993
 21
-1.559331438390978
 31
0.0
  0
LINE
  5
28E
330
1F
100
AcDbEntity
  8
0
100
AcDbLine
 10
-6.625564911441943
 20
-1.65443357230285
 30
0.0
 11
-6.628594969189619
 21
-1.644239274652663
 31
0.0
  0
LINE
  5
28F
330
1F
100
AcDbEntity
  8
0
100
AcDbLine
 10
-6.628594969189619
 20
-1.644239274652663
 30
0.0
 11
-6.634799647430349
 21
-1.623364313817951
 31
0.0
  0
LINE
  5
290
330
1F
100
AcDbEntity
  8
0
100
AcDbLine
 10
-6.66715588336843
 20
-1.546522212695097
 30
0.0
 11
-6.664125825620754
 21
-1.556716510345284
 31
0.0
  0
LINE
  5
291
330
1F
100
AcDbEntity
  8
0
100
AcDbLine
 10
-6.658567830444662
 20
-1.543398863509973
 30
0.0
 11
-6.655537772696987
 21
-1.55359316116016
 31
0.0
  0
LINE
  5
292
330
1F
100
AcDbEntity
  8
0
100
AcDbLine
 10
-6.637183022113387
 20
-1.647362623837787
 30
0.0
 11
-6.634152964365711
 21
-1.657556921487974
 31
0.0
  0
LINE
  5
293
330
1F
100
AcDbEntity
  8
0
100
AcDbLine
 10
-5.97069915494739
 20
-0.7544471335126126
 30
0.0
 11
-6.87069915494739
 21
-0.7544471335126041
 31
0.0
  0
LINE
  5
294
330
1F
100
AcDbEntity
  8
0
100
AcDbLine
 10
-5.221249428457122
 20
-3.953991901043587
 30
0.0
 11
-5.221249428457126
 21
-4.767611377986625
 31
0.0
  0
LINE
  5
295
330
1F
100
AcDbEntity
  8
0
100
AcDbLine
 10
-4.411611077602903
 20
-4.603114210077448
 30
0.0
 11
-4.432486038437616
 21
-4.609318888318177
 31
0.0
  0
LINE
  5
296
330
1F
100
AcDbEntity
  8
0
100
AcDbLine
 10
-4.432486038437616
 20
-4.609318888318177
 30
0.0
 11
-4.489366444230654
 21
-4.626225488476253
 31
0.0
  0
LINE
  5
297
330
1F
100
AcDbEntity
  8
0
100
AcDbLine
 10
-4.396867918426294
 20
-4.591118964814418
 30
0.0
 11
-4.491865123578753
 21
-4.619355046137239
 31
0.0
  0
LINE
  5
298
330
1F
100
AcDbEntity
  8
0
100
AcDbLine
 10
-4.396762989666882
 20
-4.612880351186187
 30
0.0
 11
-4.406957287317068
 21
-4.615910408933863
 31
0.0
  0
LINE
  5
299
330
1F
100
AcDbEntity
  8
0
100
AcDbLine
 10
-4.406957287317068
 20
-4.615910408933863
 30
0.0
 11
-4.42783224815178
 21
-4.622115087174592
 31
0.0
  0
LINE
  5
29A
330
1F
100
AcDbEntity
  8
0
100
AcDbLine
 10
-4.504674349274634
 20
-4.654471323112675
 30
0.0
 11
-4.494480051624447
 21
-4.651441265364999
 31
0.0
  0
LINE
  5
29B
330
1F
100
AcDbEntity
  8
0
100
AcDbLine
 10
-4.507797698459758
 20
-4.645883270188907
 30
0.0
 11
-4.497603400809571
 21
-4.642853212441231
 31
0.0
  0
LINE
  5
29C
330
1F
100
AcDbEntity
  8
0
100
AcDbLine
 10
-4.403833938131944
 20
-4.62449846185763
 30
0.0
 11
-4.393639640481758
 21
-4.621468404109955
 31
0.0
  0
LINE
  5
29D
330
1F
100
AcDbEntity
  8
0
100
AcDbLine
 10
-5.296749428457121
 20
-3.953991901043586
 30
0.0
 11
-5.296749428457127
 21
-4.853992002024712
 31
0.0
  0
LINE
  5
29E
330
1F
100
AcDbEntity
  8
0
100
AcDbLine
 10
8.079300845052625
 20
0.4493439206477515
 30
0.0
 11
6.229300845052631
 21
0.4493439206477514
 31
0.0
  0
LINE
  5
29F
330
1F
100
AcDbEntity
  8
0
100
AcDbLine
 10
6.229300845052632
 20
0.4821099206477552
 30
0.0
 11
8.079300845052625
 21
0.4821099206477534
 31
0.0
  0
LINE
  5
2A0
330
1F
100
AcDbEntity
  8
0
100
AcDbLine
 10
-7.070699154947467
 20
-8.053215805435855
 30
0.0
 11
-13.36976764497948
 21
-8.053215805435796
 31
0.0
  0
LINE
  5
2A1
330
1F
100
AcDbEntity
  8
0
100
AcDbLine
 10
-13.36976764497948
 20
-7.903215805435795
 30
0.0
 11
-7.070699154947467
 21
-7.903215805435825
 31
0.0
  0
LINE
  5
2A2
330
1F
100
AcDbEntity
  8
0
100
AcDbLine
 10
6.415096930459827
 20
-3.832948295845714
 30
0.0
 11
8.07930084505259
 21
-3.832948295845736
 31
0.0
  0
LINE
  5
2A3
330
1F
100
AcDbEntity
  8
0
100
AcDbLine
 10
8.07930084505259
 20
-3.965828295845736
 30
0.0
 11
6.230185384393961
 21
-3.965828295845711
 31
0.0
  0
LINE
  5
2A4
330
1F
100
AcDbEntity
  8
0
100
AcDbLine
 10
6.718341754433069
 20
-2.549231919259784
 30
0.0
 11
6.77609608710556
 21
-2.382036838191458
 31
0.0
  0
LINE
  5
2A5
330
1F
100
AcDbEntity
  8
0
100
AcDbLine
 10
6.725387446103432
 20
-2.399794127439218
 30
0.0
 11
6.712696341868962
 21
-2.436534058508312
 31
0.0
  0
LINE
  5
2A6
330
1F
100
AcDbEntity
  8
0
100
AcDbLine
 10
6.731585153256042
 20
-2.38185216357489
 30
0.0
 11
6.725387446103432
 21
-2.399794127439218
 31
0.0
  0
LINE
  5
2A7
330
1F
100
AcDbEntity
  8
0
100
AcDbLine
 10
6.652712315337186
 20
-2.553834192620204
 30
0.0
 11
6.707821366026755
 21
-2.3942970328734
 31
0.0
  0
LINE
  5
2A8
330
1F
100
AcDbEntity
  8
0
100
AcDbLine
 10
6.664080688261253
 20
-2.577273251050351
 30
0.0
 11
6.670278395413862
 21
-2.559331287186022
 31
0.0
  0
LINE
  5
2A9
330
1F
100
AcDbEntity
  8
0
100
AcDbLine
 10
6.646514608184576
 20
-2.571776156484532
 30
0.0
 11
6.652712315337186
 21
-2.553834192620204
 31
0.0
  0
LINE
  5
2AA
330
1F
100
AcDbEntity
  8
0
100
AcDbLine
 10
6.714019073179364
 20
-2.376355069009071
 30
0.0
 11
6.707821366026755
 21
-2.3942970328734
 31
0.0
  0
LINE
  5
2AB
330
1F
100
AcDbEntity
  8
0
100
AcDbLine
 10
6.704288890371728
 20
-2.544834243607129
 30
0.0
 11
6.738869801183212
 21
-2.444724729411382
 31
0.0
  0
LINE
  5
2AC
330
1F
100
AcDbEntity
  8
0
100
AcDbLine
 10
-4.470699154947311
 20
7.796008098956455
 30
0.0
 11
-4.470699154947311
 21
7.79615822652335
 31
0.0
  0
LINE
  5
2AD
330
1F
100
AcDbEntity
  8
0
100
AcDbLine
 10
8.07930084505255
 20
-7.903991901043711
 30
0.0
 11
8.082181462063787
 21
-7.903991901043711
 31
0.0
  0
LINE
  5
2AE
330
1F
100
AcDbEntity
  8
0
 62
   250
100
AcDbLine
 10
-13.57069915494731
 20
8.08049125359591
 30
0.0
 11
-13.57069915494731
 21
9.323767316405261
 31
0.0
  0
LINE
  5
2AF
330
1F
100
AcDbEntity
  8
0
 62
   250
100
AcDbLine
 10
-2.320699154947308
 20
8.0804912535958
 30
0.0
 11
-2.320699154947308
 21
9.323767316405261
 31
0.0
  0
LINE
  5
2B0
330
1F
100
AcDbEntity
  8
0
 62
   250
100
AcDbLine
 10
-13.67932035376935
 20
9.142731985035196
 30
0.0
 11
-13.57069915494731
 21
9.251353183857235
 31
0.0
  0
LINE
  5
2B1
330
1F
100
AcDbEntity
  8
0
 62
   250
100
AcDbLine
 10
-13.57069915494731
 20
9.251353183857235
 30
0.0
 11
-13.46207795612527
 21
9.359974382679274
 31
0.0
  0
LINE
  5
2B2
330
1F
100
AcDbEntity
  8
0
 62
   250
100
AcDbLine
 10
-13.57069915494731
 20
9.251353183857235
 30
0.0
 11
-13.67932035376935
 21
9.251353183857235
 31
0.0
  0
LINE
  5
2B3
330
1F
100
AcDbEntity
  8
0
 62
   250
100
AcDbLine
 10
-2.212077956125269
 20
9.359974382679274
 30
0.0
 11
-2.320699154947308
 21
9.251353183857235
 31
0.0
  0
LINE
  5
2B4
330
1F
100
AcDbEntity
  8
0
 62
   250
100
AcDbLine
 10
-2.320699154947308
 20
9.251353183857235
 30
0.0
 11
-2.429320353769346
 21
9.142731985035196
 31
0.0
  0
LINE
  5
2B5
330
1F
100
AcDbEntity
  8
0
 62
   250
100
AcDbLine
 10
-2.320699154947308
 20
9.251353183857235
 30
0.0
 11
-2.212077956125269
 21
9.251353183857235
 31
0.0
  0
LINE
  5
2B6
330
1F
100
AcDbEntity
  8
0
 62
   250
100
AcDbLine
 10
-13.57069915494731
 20
9.251353183857235
 30
0.0
 11
-8.494839660103173
 21
9.251353183857224
 31
0.0
  0
LINE
  5
2B7
330
1F
100
AcDbEntity
  8
0
 62
   250
100
AcDbLine
 10
-7.396558649791446
 20
9.251353183857224
 30
0.0
 11
-2.320699154947308
 21
9.251353183857235
 31
0.0
  0
LINE
  5
2B8
330
1F
100
AcDbEntity
  8
0
 62
   250
100
AcDbLine
 10
-7.07069915494746
 20
-8.138475055682934
 30
0.0
 11
-7.07069915494746
 21
-9.321095268264356
 31
0.0
  0
LINE
  5
2B9
330
1F
100
AcDbEntity
  8
0
 62
   250
100
AcDbLine
 10
8.079300845052547
 20
-8.138475055683074
 30
0.0
 11
8.079300845052547
 21
-9.321095268264356
 31
0.0
  0
LINE
  5
2BA
330
1F
100
AcDbEntity
  8
0
 62
   250
100
AcDbLine
 10
-7.1793203537695
 20
-9.35730233453837
 30
0.0
 11
-7.07069915494746
 21
-9.24868113571633
 31
0.0
  0
LINE
  5
2BB
330
1F
100
AcDbEntity
  8
0
 62
   250
100
AcDbLine
 10
-7.07069915494746
 20
-9.24868113571633
 30
0.0
 11
-6.962077956125421
 21
-9.140059936894291
 31
0.0
  0
LINE
  5
2BC
330
1F
100
AcDbEntity
  8
0
 62
   250
100
AcDbLine
 10
-7.07069915494746
 20
-9.24868113571633
 30
0.0
 11
-7.1793203537695
 21
-9.24868113571633
 31
0.0
  0
LINE
  5
2BD
330
1F
100
AcDbEntity
  8
0
 62
   250
100
AcDbLine
 10
8.187922043874586
 20
-9.140059936894291
 30
0.0
 11
8.079300845052547
 21
-9.24868113571633
 31
0.0
  0
LINE
  5
2BE
330
1F
100
AcDbEntity
  8
0
 62
   250
100
AcDbLine
 10
8.079300845052547
 20
-9.24868113571633
 30
0.0
 11
7.970679646230509
 21
-9.35730233453837
 31
0.0
  0
LINE
  5
2BF
330
1F
100
AcDbEntity
  8
0
 62
   250
100
AcDbLine
 10
8.079300845052547
 20
-9.24868113571633
 30
0.0
 11
8.187922043874586
 21
-9.24868113571633
 31
0.0
  0
LINE
  5
2C0
330
1F
100
AcDbEntity
  8
0
 62
   250
100
AcDbLine
 10
-7.07069915494746
 20
-9.24868113571633
 30
0.0
 11
-0.0569086821946583
 21
-9.248681135716337
 31
0.0
  0
LINE
  5
2C1
330
1F
100
AcDbEntity
  8
0
 62
   250
100
AcDbLine
 10
1.065510372299743
 20
-9.248681135716337
 30
0.0
 11
8.079300845052547
 21
-9.24868113571633
 31
0.0
  0
LINE
  5
2C2
330
1F
100
AcDbEntity
  8
0
 62
   250
100
AcDbLine
 10
12.11415783203658
 20
0.5716905491163218
 30
0.0
 11
13.90832861863887
 21
0.5716905491163224
 31
0.0
  0
LINE
  5
2C3
330
1F
100
AcDbEntity
  8
0
 62
   250
100
AcDbLine
 10
12.11415783203656
 20
-1.128309450883673
 30
0.0
 11
13.90832861863887
 21
-1.128309450883672
 31
0.0
  0
LINE
  5
2C4
330
1F
100
AcDbEntity
  8
0
 62
   250
100
AcDbLine
 10
13.7272932872688
 20
0.6803117479383605
 30
0.0
 11
13.83591448609084
 21
0.5716905491163218
 31
0.0
  0
LINE
  5
2C5
330
1F
100
AcDbEntity
  8
0
 62
   250
100
AcDbLine
 10
13.83591448609084
 20
0.5716905491163218
 30
0.0
 11
13.94453568491288
 21
0.463069350294283
 31
0.0
  0
LINE
  5
2C6
330
1F
100
AcDbEntity
  8
0
 62
   250
100
AcDbLine
 10
13.83591448609084
 20
0.5716905491163218
 30
0.0
 11
13.83591448609084
 21
0.6803117479383606
 31
0.0
  0
LINE
  5
2C7
330
1F
100
AcDbEntity
  8
0
 62
   250
100
AcDbLine
 10
13.94453568491288
 20
-1.236930649705712
 30
0.0
 11
13.83591448609084
 21
-1.128309450883673
 31
0.0
  0
LINE
  5
2C8
330
1F
100
AcDbEntity
  8
0
 62
   250
100
AcDbLine
 10
13.83591448609084
 20
-1.128309450883673
 30
0.0
 11
13.7272932872688
 21
-1.019688252061634
 31
0.0
  0
LINE
  5
2C9
330
1F
100
AcDbEntity
  8
0
 62
   250
100
AcDbLine
 10
13.83591448609084
 20
-1.128309450883673
 30
0.0
 11
13.83591448609084
 21
-1.236930649705712
 31
0.0
  0
LINE
  5
2CA
330
1F
100
AcDbEntity
  8
0
 62
   250
100
AcDbLine
 10
13.83591448609084
 20
0.5716905491163224
 30
0.0
 11
13.83591448609084
 21
-0.0731360753309454
 31
0.0
  0
LINE
  5
2CB
330
1F
100
AcDbEntity
  8
0
 62
   250
100
AcDbLine
 10
13.83591448609083
 20
-0.4834828264364273
 30
0.0
 11
13.83591448609084
 21
-1.128309450883672
 31
0.0
  0
LINE
  5
2CC
330
1F
100
AcDbEntity
  8
0
 62
   250
100
AcDbLine
 10
12.11415783203658
 20
0.7216905491163454
 30
0.0
 11
14.40787544449707
 21
0.7216905491163463
 31
0.0
  0
LINE
  5
2CD
330
1F
100
AcDbEntity
  8
0
 62
   250
100
AcDbLine
 10
12.11415783203656
 20
-1.27830945088365
 30
0.0
 11
14.40787544449707
 21
-1.278309450883649
 31
0.0
  0
LINE
  5
2CE
330
1F
100
AcDbEntity
  8
0
 62
   250
100
AcDbLine
 10
14.22684011312701
 20
0.8303117479383842
 30
0.0
 11
14.33546131194905
 21
0.7216905491163454
 31
0.0
  0
LINE
  5
2CF
330
1F
100
AcDbEntity
  8
0
 62
   250
100
AcDbLine
 10
14.33546131194905
 20
0.7216905491163454
 30
0.0
 11
14.44408251077109
 21
0.6130693502943066
 31
0.0
  0
LINE
  5
2D0
330
1F
100
AcDbEntity
  8
0
 62
   250
100
AcDbLine
 10
14.33546131194905
 20
0.7216905491163454
 30
0.0
 11
14.33546131194905
 21
0.8303117479383842
 31
0.0
  0
LINE
  5
2D1
330
1F
100
AcDbEntity
  8
0
 62
   250
100
AcDbLine
 10
14.44408251077109
 20
-1.386930649705689
 30
0.0
 11
14.33546131194905
 21
-1.27830945088365
 31
0.0
  0
LINE
  5
2D2
330
1F
100
AcDbEntity
  8
0
 62
   250
100
AcDbLine
 10
14.33546131194905
 20
-1.27830945088365
 30
0.0
 11
14.22684011312701
 21
-1.169688252061611
 31
0.0
  0
LINE
  5
2D3
330
1F
100
AcDbEntity
  8
0
 62
   250
100
AcDbLine
 10
14.33546131194905
 20
-1.27830945088365
 30
0.0
 11
14.33546131194905
 21
-1.386930649705689
 31
0.0
  0
LINE
  5
2D4
330
1F
100
AcDbEntity
  8
0
 62
   250
100
AcDbLine
 10
14.33546131194905
 20
0.7216905491163463
 30
0.0
 11
14.33546131194905
 21
-0.0731360753309163
 31
0.0
  0
LINE
  5
2D5
330
1F
100
AcDbEntity
  8
0
 62
   250
100
AcDbLine
 10
14.33546131194905
 20
-0.4834828264363983
 30
0.0
 11
14.33546131194905
 21
-1.278309450883649
 31
0.0
  0
LINE
  5
2D6
330
1F
100
AcDbEntity
  8
0
 62
   250
100
AcDbLine
 10
9.414157832036548
 20
-1.278309450883633
 30
0.0
 11
12.60379927965385
 21
-1.278309450883632
 31
0.0
  0
LINE
  5
2D7
330
1F
100
AcDbEntity
  8
0
 62
   250
100
AcDbLine
 10
8.36378399969194
 20
-5.07830945088365
 30
0.0
 11
12.60379927965385
 21
-5.078309450883648
 31
0.0
  0
LINE
  5
2D8
330
1F
100
AcDbEntity
  8
0
 62
   250
100
AcDbLine
 10
12.42276394828379
 20
-1.169688252061594
 30
0.0
 11
12.53138514710583
 21
-1.278309450883633
 31
0.0
  0
LINE
  5
2D9
330
1F
100
AcDbEntity
  8
0
 62
   250
100
AcDbLine
 10
12.53138514710583
 20
-1.278309450883633
 30
0.0
 11
12.64000634592787
 21
-1.386930649705672
 31
0.0
  0
LINE
  5
2DA
330
1F
100
AcDbEntity
  8
0
 62
   250
100
AcDbLine
 10
12.53138514710583
 20
-1.278309450883633
 30
0.0
 11
12.53138514710583
 21
-1.169688252061594
 31
0.0
  0
LINE
  5
2DB
330
1F
100
AcDbEntity
  8
0
 62
   250
100
AcDbLine
 10
12.64000634592787
 20
-5.186930649705688
 30
0.0
 11
12.53138514710583
 21
-5.078309450883649
 31
0.0
  0
LINE
  5
2DC
330
1F
100
AcDbEntity
  8
0
 62
   250
100
AcDbLine
 10
12.53138514710583
 20
-5.078309450883649
 30
0.0
 11
12.42276394828379
 21
-4.969688252061611
 31
0.0
  0
LINE
  5
2DD
330
1F
100
AcDbEntity
  8
0
 62
   250
100
AcDbLine
 10
12.53138514710583
 20
-5.078309450883649
 30
0.0
 11
12.53138514710583
 21
-5.186930649705688
 31
0.0
  0
LINE
  5
2DE
330
1F
100
AcDbEntity
  8
0
 62
   250
100
AcDbLine
 10
12.53138514710583
 20
-1.278309450883632
 30
0.0
 11
12.53138514710582
 21
-2.9731360753309
 31
0.0
  0
LINE
  5
2DF
330
1F
100
AcDbEntity
  8
0
 62
   250
100
AcDbLine
 10
12.53138514710582
 20
-3.383482826436379
 30
0.0
 11
12.53138514710583
 21
-5.078309450883648
 31
0.0
  0
LINE
  5
2E0
330
1F
100
AcDbEntity
  8
0
 62
   250
100
AcDbLine
 10
13.27930084505261
 20
-5.362792605523069
 30
0.0
 11
13.27930084505261
 21
-6.257974831744789
 31
0.0
  0
LINE
  5
2E1
330
1F
100
AcDbEntity
  8
0
 62
   250
100
AcDbLine
 10
8.079300845052577
 20
-5.36279260552302
 30
0.0
 11
8.079300845052577
 21
-6.257974831744789
 31
0.0
  0
LINE
  5
2E2
330
1F
100
AcDbEntity
  8
0
 62
   250
100
AcDbLine
 10
13.38792204387465
 20
-6.076939500374725
 30
0.0
 11
13.27930084505261
 21
-6.185560699196764
 31
0.0
  0
LINE
  5
2E3
330
1F
100
AcDbEntity
  8
0
 62
   250
100
AcDbLine
 10
13.27930084505261
 20
-6.185560699196764
 30
0.0
 11
13.17067964623057
 21
-6.294181898018802
 31
0.0
  0
LINE
  5
2E4
330
1F
100
AcDbEntity
  8
0
 62
   250
100
AcDbLine
 10
13.27930084505261
 20
-6.185560699196764
 30
0.0
 11
13.38792204387465
 21
-6.185560699196764
 31
0.0
  0
LINE
  5
2E5
330
1F
100
AcDbEntity
  8
0
 62
   250
100
AcDbLine
 10
7.970679646230534
 20
-6.294181898018802
 30
0.0
 11
8.079300845052574
 21
-6.185560699196764
 31
0.0
  0
LINE
  5
2E6
330
1F
100
AcDbEntity
  8
0
 62
   250
100
AcDbLine
 10
8.079300845052574
 20
-6.185560699196764
 30
0.0
 11
8.187922043874613
 21
-6.076939500374725
 31
0.0
  0
LINE
  5
2E7
330
1F
100
AcDbEntity
  8
0
 62
   250
100
AcDbLine
 10
8.079300845052574
 20
-6.185560699196764
 30
0.0
 11
7.970679646230534
 21
-6.185560699196764
 31
0.0
  0
LINE
  5
2E8
330
1F
100
AcDbEntity
  8
0
 62
   250
100
AcDbLine
 10
13.27930084505261
 20
-6.185560699196764
 30
0.0
 11
11.1620617287061
 21
-6.18556069919677
 31
0.0
  0
LINE
  5
2E9
330
1F
100
AcDbEntity
  8
0
 62
   250
100
AcDbLine
 10
10.19653996139909
 20
-6.18556069919677
 30
0.0
 11
8.079300845052577
 21
-6.185560699196764
 31
0.0
  0
LINE
  5
2EA
330
1F
100
AcDbEntity
  8
0
 62
   250
100
AcDbLine
 10
12.11415783203656
 20
-1.27830945088365
 30
0.0
 11
14.40787544449707
 21
-1.278309450883649
 31
0.0
  0
LINE
  5
2EB
330
1F
100
AcDbEntity
  8
0
 62
   250
100
AcDbLine
 10
13.36378399969197
 20
-5.278309450883707
 30
0.0
 11
14.40787544449707
 21
-5.278309450883707
 31
0.0
  0
LINE
  5
2EC
330
1F
100
AcDbEntity
  8
0
 62
   250
100
AcDbLine
 10
14.22684011312701
 20
-1.169688252061611
 30
0.0
 11
14.33546131194905
 21
-1.27830945088365
 31
0.0
  0
LINE
  5
2ED
330
1F
100
AcDbEntity
  8
0
 62
   250
100
AcDbLine
 10
14.33546131194905
 20
-1.27830945088365
 30
0.0
 11
14.44408251077109
 21
-1.386930649705689
 31
0.0
  0
LINE
  5
2EE
330
1F
100
AcDbEntity
  8
0
 62
   250
100
AcDbLine
 10
14.33546131194905
 20
-1.27830945088365
 30
0.0
 11
14.33546131194905
 21
-1.169688252061611
 31
0.0
  0
LINE
  5
2EF
330
1F
100
AcDbEntity
  8
0
 62
   250
100
AcDbLine
 10
14.44408251077109
 20
-5.386930649705744
 30
0.0
 11
14.33546131194905
 21
-5.278309450883705
 31
0.0
  0
LINE
  5
2F0
330
1F
100
AcDbEntity
  8
0
 62
   250
100
AcDbLine
 10
14.33546131194905
 20
-5.278309450883705
 30
0.0
 11
14.22684011312701
 21
-5.169688252061666
 31
0.0
  0
LINE
  5
2F1
330
1F
100
AcDbEntity
  8
0
 62
   250
100
AcDbLine
 10
14.33546131194905
 20
-5.278309450883705
 30
0.0
 11
14.33546131194905
 21
-5.386930649705744
 31
0.0
  0
LINE
  5
2F2
330
1F
100
AcDbEntity
  8
0
 62
   250
100
AcDbLine
 10
14.33546131194905
 20
-1.278309450883649
 30
0.0
 11
14.33546131194905
 21
-3.073136075330948
 31
0.0
  0
LINE
  5
2F3
330
1F
100
AcDbEntity
  8
0
 62
   250
100
AcDbLine
 10
14.33546131194905
 20
-3.483482826436426
 30
0.0
 11
14.33546131194905
 21
-5.278309450883707
 31
0.0
  0
LINE
  5
2F4
330
1F
100
AcDbEntity
  8
0
 62
   250
100
AcDbLine
 10
8.079300845052611
 20
-0.9188262962442568
 30
0.0
 11
8.079300845052611
 21
2.42972642853991
 31
0.0
  0
LINE
  5
2F5
330
1F
100
AcDbEntity
  8
0
 62
   250
100
AcDbLine
 10
9.529674677397187
 20
-1.043826296244275
 30
0.0
 11
9.529674677397187
 21
2.42972642853991
 31
0.0
  0
LINE
  5
2F6
330
1F
100
AcDbEntity
  8
0
 62
   250
100
AcDbLine
 10
7.970679646230572
 20
2.248691097169846
 30
0.0
 11
8.079300845052611
 21
2.357312295991885
 31
0.0
  0
LINE
  5
2F7
330
1F
100
AcDbEntity
  8
0
 62
   250
100
AcDbLine
 10
8.079300845052611
 20
2.357312295991885
 30
0.0
 11
8.18792204387465
 21
2.465933494813924
 31
0.0
  0
LINE
  5
2F8
330
1F
100
AcDbEntity
  8
0
 62
   250
100
AcDbLine
 10
8.079300845052611
 20
2.357312295991885
 30
0.0
 11
7.970679646230572
 21
2.357312295991885
 31
0.0
  0
LINE
  5
2F9
330
1F
100
AcDbEntity
  8
0
 62
   250
100
AcDbLine
 10
9.638295876219226
 20
2.465933494813924
 30
0.0
 11
9.529674677397187
 21
2.357312295991885
 31
0.0
  0
LINE
  5
2FA
330
1F
100
AcDbEntity
  8
0
 62
   250
100
AcDbLine
 10
9.529674677397187
 20
2.357312295991885
 30
0.0
 11
9.421053478575148
 21
2.248691097169846
 31
0.0
  0
LINE
  5
2FB
330
1F
100
AcDbEntity
  8
0
 62
   250
100
AcDbLine
 10
9.529674677397187
 20
2.357312295991885
 30
0.0
 11
9.638295876219226
 21
2.357312295991885
 31
0.0
  0
LINE
  5
2FC
330
1F
100
AcDbEntity
  8
0
 62
   250
100
AcDbLine
 10
8.079300845052611
 20
2.357312295991885
 30
0.0
 11
8.321726877571388
 21
2.357312295991885
 31
0.0
  0
LINE
  5
2FD
330
1F
100
AcDbEntity
  8
0
 62
   250
100
AcDbLine
 10
9.287248644878398
 20
2.357312295991879
 30
0.0
 11
9.529674677397187
 21
2.357312295991885
 31
0.0
  0
LINE
  5
2FE
330
1F
100
AcDbEntity
  8
0
 62
   250
100
AcDbLine
 10
8.279300845052624
 20
-0.9188262962442568
 30
0.0
 11
8.279300845052624
 21
-0.6106412279210269
 31
0.0
  0
LINE
  5
2FF
330
1F
100
AcDbEntity
  8
0
 62
   250
100
AcDbLine
 10
9.329674677397188
 20
-1.043826296244257
 30
0.0
 11
9.329674677397188
 21
-0.6106412279210269
 31
0.0
  0
LINE
  5
300
330
1F
100
AcDbEntity
  8
0
 62
   250
100
AcDbLine
 10
8.170679646230584
 20
-0.7916765592910915
 30
0.0
 11
8.279300845052624
 21
-0.6830553604690527
 31
0.0
  0
LINE
  5
301
330
1F
100
AcDbEntity
  8
0
 62
   250
100
AcDbLine
 10
8.279300845052624
 20
-0.6830553604690527
 30
0.0
 11
8.387922043874664
 21
-0.5744341616470139
 31
0.0
  0
LINE
  5
302
330
1F
100
AcDbEntity
  8
0
 62
   250
100
AcDbLine
 10
8.279300845052624
 20
-0.6830553604690527
 30
0.0
 11
8.170679646230584
 21
-0.6830553604690527
 31
0.0
  0
LINE
  5
303
330
1F
100
AcDbEntity
  8
0
 62
   250
100
AcDbLine
 10
9.438295876219227
 20
-0.5744341616470139
 30
0.0
 11
9.329674677397188
 21
-0.6830553604690527
 31
0.0
  0
LINE
  5
304
330
1F
100
AcDbEntity
  8
0
 62
   250
100
AcDbLine
 10
9.329674677397188
 20
-0.6830553604690527
 30
0.0
 11
9.221053478575149
 21
-0.7916765592910915
 31
0.0
  0
LINE
  5
305
330
1F
100
AcDbEntity
  8
0
 62
   250
100
AcDbLine
 10
9.329674677397188
 20
-0.6830553604690527
 30
0.0
 11
9.438295876219227
 21
-0.6830553604690527
 31
0.0
  0
LINE
  5
306
330
1F
100
AcDbEntity
  8
0
 62
   250
100
AcDbLine
 10
8.279300845052624
 20
-0.6830553604690527
 30
0.0
 11
8.321726877571399
 21
-0.6830553604690585
 31
0.0
  0
LINE
  5
307
330
1F
100
AcDbEntity
  8
0
 62
   250
100
AcDbLine
 10
9.287248644878408
 20
-0.6830553604690585
 30
0.0
 11
9.329674677397188
 21
-0.6830553604690527
 31
0.0
  0
LINE
  5
308
330
1F
100
AcDbEntity
  8
0
 62
   250
100
AcDbLine
 10
6.229300838940354
 20
-4.969508746518038
 30
0.0
 11
6.229300838940354
 21
-4.590417466626802
 31
0.0
  0
LINE
  5
309
330
1F
100
AcDbEntity
  8
0
 62
   250
100
AcDbLine
 10
8.079300845052577
 20
-5.193826296244292
 30
0.0
 11
8.079300845052577
 21
-4.590417466626802
 31
0.0
  0
LINE
  5
30A
330
1F
100
AcDbEntity
  8
0
 62
   250
100
AcDbLine
 10
6.120679640118318
 20
-4.771452797996866
 30
0.0
 11
6.229300838940357
 21
-4.662831599174827
 31
0.0
  0
LINE
  5
30B
330
1F
100
AcDbEntity
  8
0
 62
   250
100
AcDbLine
 10
6.229300838940357
 20
-4.662831599174827
 30
0.0
 11
6.337922037762395
 21
-4.554210400352789
 31
0.0
  0
LINE
  5
30C
330
1F
100
AcDbEntity
  8
0
 62
   250
100
AcDbLine
 10
6.229300838940357
 20
-4.662831599174827
 30
0.0
 11
6.120679640118318
 21
-4.662831599174827
 31
0.0
  0
LINE
  5
30D
330
1F
100
AcDbEntity
  8
0
 62
   250
100
AcDbLine
 10
8.187922043874618
 20
-4.554210400352789
 30
0.0
 11
8.079300845052579
 21
-4.662831599174827
 31
0.0
  0
LINE
  5
30E
330
1F
100
AcDbEntity
  8
0
 62
   250
100
AcDbLine
 10
8.079300845052579
 20
-4.662831599174827
 30
0.0
 11
7.970679646230541
 21
-4.771452797996866
 31
0.0
  0
LINE
  5
30F
330
1F
100
AcDbEntity
  8
0
 62
   250
100
AcDbLine
 10
8.079300845052579
 20
-4.662831599174827
 30
0.0
 11
8.187922043874618
 21
-4.662831599174827
 31
0.0
  0
LINE
  5
310
330
1F
100
AcDbEntity
  8
0
 62
   250
100
AcDbLine
 10
6.229300838940354
 20
-4.662831599174827
 30
0.0
 11
6.671539958342959
 21
-4.66283159917483
 31
0.0
  0
LINE
  5
311
330
1F
100
AcDbEntity
  8
0
 62
   250
100
AcDbLine
 10
7.637061725649971
 20
-4.662831599174833
 30
0.0
 11
8.079300845052577
 21
-4.662831599174827
 31
0.0
  0
LINE
  5
312
330
1F
100
AcDbEntity
  8
0
 62
   250
100
AcDbLine
 10
7.994817690413249
 20
-1.00330945088362
 30
0.0
 11
5.260030122680979
 21
-1.003309450883622
 31
0.0
  0
LINE
  5
313
330
1F
100
AcDbEntity
  8
0
 62
   250
100
AcDbLine
 10
7.994817690413273
 20
0.4466905491163848
 30
0.0
 11
5.260030122680977
 21
0.4466905491163838
 31
0.0
  0
LINE
  5
314
330
1F
100
AcDbEntity
  8
0
 62
   250
100
AcDbLine
 10
5.441065454051043
 20
-1.111930649705659
 30
0.0
 11
5.332444255229004
 21
-1.00330945088362
 31
0.0
  0
LINE
  5
315
330
1F
100
AcDbEntity
  8
0
 62
   250
100
AcDbLine
 10
5.332444255229004
 20
-1.00330945088362
 30
0.0
 11
5.223823056406965
 21
-0.8946882520615815
 31
0.0
  0
LINE
  5
316
330
1F
100
AcDbEntity
  8
0
 62
   250
100
AcDbLine
 10
5.332444255229004
 20
-1.00330945088362
 30
0.0
 11
5.332444255229004
 21
-1.111930649705659
 31
0.0
  0
LINE
  5
317
330
1F
100
AcDbEntity
  8
0
 62
   250
100
AcDbLine
 10
5.223823056406965
 20
0.5553117479384235
 30
0.0
 11
5.231486404669291
 21
0.5476483996760974
 31
0.0
  0
LINE
  5
318
330
1F
100
AcDbEntity
  8
0
 62
   250
100
AcDbLine
 10
5.331486404669293
 20
0.447648399676096
 30
0.0
 11
5.332444255229004
 21
0.4466905491163848
 31
0.0
  0
LINE
  5
319
330
1F
100
AcDbEntity
  8
0
 62
   250
100
AcDbLine
 10
5.332444255229004
 20
0.4466905491163848
 30
0.0
 11
5.441065454051043
 21
0.3380693502943461
 31
0.0
  0
LINE
  5
31A
330
1F
100
AcDbEntity
  8
0
 62
   250
100
AcDbLine
 10
5.332444255229004
 20
0.4466905491163848
 30
0.0
 11
5.332444255229004
 21
0.447648399676096
 31
0.0
  0
LINE
  5
31B
330
1F
100
AcDbEntity
  8
0
 62
   250
100
AcDbLine
 10
5.332444255229004
 20
0.5476483996760965
 30
0.0
 11
5.332444255229004
 21
0.5553117479384236
 31
0.0
  0
LINE
  5
31C
330
1F
100
AcDbEntity
  8
0
 62
   250
100
AcDbLine
 10
5.332444255229004
 20
-1.003309450883622
 30
0.0
 11
5.332444255229001
 21
-0.4834828264363714
 31
0.0
  0
LINE
  5
31D
330
1F
100
AcDbEntity
  8
0
 62
   250
100
AcDbLine
 10
5.332444255229004
 20
-0.0731360753308952
 30
0.0
 11
5.332444255229003
 21
0.4466905491163838
 31
0.0
  0
LINE
  5
31E
330
1F
100
AcDbEntity
  8
0
 62
   250
100
AcDbLine
 10
-7.070699154947394
 20
-0.9884750556828877
 30
0.0
 11
-7.070699154947394
 21
-3.203513064833877
 31
0.0
  0
LINE
  5
31F
330
1F
100
AcDbEntity
  8
0
 62
   250
100
AcDbLine
 10
-9.620699154947395
 20
-0.9884750556828646
 30
0.0
 11
-9.620699154947395
 21
-3.203513064833877
 31
0.0
  0
LINE
  5
320
330
1F
100
AcDbEntity
  8
0
 62
   250
100
AcDbLine
 10
-6.962077956125355
 20
-3.022477733463814
 30
0.0
 11
-7.070699154947394
 21
-3.131098932285853
 31
0.0
  0
LINE
  5
321
330
1F
100
AcDbEntity
  8
0
 62
   250
100
AcDbLine
 10
-7.070699154947394
 20
-3.131098932285853
 30
0.0
 11
-7.179320353769433
 21
-3.239720131107892
 31
0.0
  0
LINE
  5
322
330
1F
100
AcDbEntity
  8
0
 62
   250
100
AcDbLine
 10
-7.070699154947394
 20
-3.131098932285853
 30
0.0
 11
-6.962077956125355
 21
-3.131098932285853
 31
0.0
  0
LINE
  5
323
330
1F
100
AcDbEntity
  8
0
 62
   250
100
AcDbLine
 10
-9.729320353769435
 20
-3.239720131107892
 30
0.0
 11
-9.620699154947395
 21
-3.131098932285853
 31
0.0
  0
LINE
  5
324
330
1F
100
AcDbEntity
  8
0
 62
   250
100
AcDbLine
 10
-9.620699154947395
 20
-3.131098932285853
 30
0.0
 11
-9.512077956125356
 21
-3.022477733463814
 31
0.0
  0
LINE
  5
325
330
1F
100
AcDbEntity
  8
0
 62
   250
100
AcDbLine
 10
-9.620699154947395
 20
-3.131098932285853
 30
0.0
 11
-9.729320353769435
 21
-3.131098932285853
 31
0.0
  0
LINE
  5
326
330
1F
100
AcDbEntity
  8
0
 62
   250
100
AcDbLine
 10
-7.070699154947394
 20
-3.13109893228585
 30
0.0
 11
-7.862938271293889
 21
-3.131098932285859
 31
0.0
  0
LINE
  5
327
330
1F
100
AcDbEntity
  8
0
 62
   250
100
AcDbLine
 10
-8.8284600386009
 20
-3.131098932285859
 30
0.0
 11
-9.620699154947395
 21
-3.13109893228585
 31
0.0
  0
LINE
  5
328
330
1F
100
AcDbEntity
  8
0
 62
   250
100
AcDbLine
 10
-7.07069915494738
 20
0.3615249447109343
 30
0.0
 11
-7.07069915494738
 21
0.1371205075804117
 31
0.0
  0
LINE
  5
329
330
1F
100
AcDbEntity
  8
0
 62
   250
100
AcDbLine
 10
-8.120699154962375
 20
0.3615249489845864
 30
0.0
 11
-8.120699154962375
 21
0.1371205075804117
 31
0.0
  0
LINE
  5
32A
330
1F
100
AcDbEntity
  8
0
 62
   250
100
AcDbLine
 10
-6.962077956125341
 20
0.3181558389504764
 30
0.0
 11
-7.07069915494738
 21
0.2095346401284376
 31
0.0
  0
LINE
  5
32B
330
1F
100
AcDbEntity
  8
0
 62
   250
100
AcDbLine
 10
-7.07069915494738
 20
0.2095346401284376
 30
0.0
 11
-7.179320353769419
 21
0.1009134413063988
 31
0.0
  0
LINE
  5
32C
330
1F
100
AcDbEntity
  8
0
 62
   250
100
AcDbLine
 10
-7.07069915494738
 20
0.2095346401284376
 30
0.0
 11
-6.962077956125341
 21
0.2095346401284376
 31
0.0
  0
LINE
  5
32D
330
1F
100
AcDbEntity
  8
0
 62
   250
100
AcDbLine
 10
-8.229320353784415
 20
0.100913441306393
 30
0.0
 11
-8.120699154962375
 21
0.2095346401284318
 31
0.0
  0
LINE
  5
32E
330
1F
100
AcDbEntity
  8
0
 62
   250
100
AcDbLine
 10
-8.120699154962375
 20
0.2095346401284318
 30
0.0
 11
-8.012077956140336
 21
0.3181558389504706
 31
0.0
  0
LINE
  5
32F
330
1F
100
AcDbEntity
  8
0
 62
   250
100
AcDbLine
 10
-8.120699154962375
 20
0.2095346401284318
 30
0.0
 11
-8.229320353784415
 21
0.2095346401284318
 31
0.0
  0
LINE
  5
330
330
1F
100
AcDbEntity
  8
0
 62
   250
100
AcDbLine
 10
-7.07069915494738
 20
0.2095346401284376
 30
0.0
 11
-7.112938271301371
 21
0.2095346401284318
 31
0.0
  0
LINE
  5
331
330
1F
100
AcDbEntity
  8
0
 62
   250
100
AcDbLine
 10
-8.078460038608382
 20
0.209534640128426
 30
0.0
 11
-8.120699154962375
 21
0.2095346401284376
 31
0.0
  0
LINE
  5
332
330
1F
100
AcDbEntity
  8
0
 62
   250
100
AcDbLine
 10
-8.27069915510455
 20
0.3615249448104426
 30
0.0
 11
-8.27069915510455
 21
-0.4222381296081745
 31
0.0
  0
LINE
  5
333
330
1F
100
AcDbEntity
  8
0
 62
   250
100
AcDbLine
 10
-9.47069915494738
 20
0.51152494389633
 30
0.0
 11
-9.47069915494738
 21
-0.4222381296081746
 31
0.0
  0
LINE
  5
334
330
1F
100
AcDbEntity
  8
0
 62
   250
100
AcDbLine
 10
-8.162077956282511
 20
-0.24120279823811
 30
0.0
 11
-8.27069915510455
 21
-0.3498239970601488
 31
0.0
  0
LINE
  5
335
330
1F
100
AcDbEntity
  8
0
 62
   250
100
AcDbLine
 10
-8.27069915510455
 20
-0.3498239970601488
 30
0.0
 11
-8.37932035392659
 21
-0.4584451958821876
 31
0.0
  0
LINE
  5
336
330
1F
100
AcDbEntity
  8
0
 62
   250
100
AcDbLine
 10
-8.27069915510455
 20
-0.3498239970601488
 30
0.0
 11
-8.162077956282511
 21
-0.3498239970601488
 31
0.0
  0
LINE
  5
337
330
1F
100
AcDbEntity
  8
0
 62
   250
100
AcDbLine
 10
-9.579320353769418
 20
-0.4584451958821876
 30
0.0
 11
-9.47069915494738
 21
-0.3498239970601488
 31
0.0
  0
LINE
  5
338
330
1F
100
AcDbEntity
  8
0
 62
   250
100
AcDbLine
 10
-9.47069915494738
 20
-0.3498239970601488
 30
0.0
 11
-9.36207795612534
 21
-0.24120279823811
 31
0.0
  0
LINE
  5
339
330
1F
100
AcDbEntity
  8
0
 62
   250
100
AcDbLine
 10
-9.47069915494738
 20
-0.3498239970601488
 30
0.0
 11
-9.579320353769418
 21
-0.3498239970601488
 31
0.0
  0
LINE
  5
33A
330
1F
100
AcDbEntity
  8
0
 62
   250
100
AcDbLine
 10
-8.27069915510455
 20
-0.3498239970601488
 30
0.0
 11
-8.387938271372462
 21
-0.3498239970601546
 31
0.0
  0
LINE
  5
33B
330
1F
100
AcDbEntity
  8
0
 62
   250
100
AcDbLine
 10
-9.353460038679474
 20
-0.3498239970601488
 30
0.0
 11
-9.47069915494738
 21
-0.3498239970601488
 31
0.0
  0
LINE
  5
33C
330
1F
100
AcDbEntity
  8
0
 62
   250
100
AcDbLine
 10
-6.786216000308028
 20
-0.7539919010435294
 30
0.0
 11
-4.812683718101739
 21
-0.7539919010435285
 31
0.0
  0
LINE
  5
33D
330
1F
100
AcDbEntity
  8
0
 62
   250
100
AcDbLine
 10
-6.986216000308016
 20
0.4460080993502921
 30
0.0
 11
-4.812683718101739
 21
0.4460080993502928
 31
0.0
  0
LINE
  5
33E
330
1F
100
AcDbEntity
  8
0
 62
   250
100
AcDbLine
 10
-4.776476651827725
 20
-0.8626130998655624
 30
0.0
 11
-4.885097850649765
 21
-0.7539919010435236
 31
0.0
  0
LINE
  5
33F
330
1F
100
AcDbEntity
  8
0
 62
   250
100
AcDbLine
 10
-4.885097850649765
 20
-0.7539919010435236
 30
0.0
 11
-4.993719049471804
 21
-0.6453707022214848
 31
0.0
  0
LINE
  5
340
330
1F
100
AcDbEntity
  8
0
 62
   250
100
AcDbLine
 10
-4.885097850649765
 20
-0.7539919010435236
 30
0.0
 11
-4.885097850649765
 21
-0.8626130998655624
 31
0.0
  0
LINE
  5
341
330
1F
100
AcDbEntity
  8
0
 62
   250
100
AcDbLine
 10
-4.993719049471804
 20
0.5546292981723365
 30
0.0
 11
-4.885097850649765
 21
0.4460080993502978
 31
0.0
  0
LINE
  5
342
330
1F
100
AcDbEntity
  8
0
 62
   250
100
AcDbLine
 10
-4.885097850649765
 20
0.4460080993502978
 30
0.0
 11
-4.776476651827725
 21
0.3373869005282591
 31
0.0
  0
LINE
  5
343
330
1F
100
AcDbEntity
  8
0
 62
   250
100
AcDbLine
 10
-4.885097850649765
 20
0.4460080993502978
 30
0.0
 11
-4.885097850649765
 21
0.5546292981723366
 31
0.0
  0
LINE
  5
344
330
1F
100
AcDbEntity
  8
0
 62
   250
100
AcDbLine
 10
-4.885097850649765
 20
-0.7539919010435286
 30
0.0
 11
-4.885097850649765
 21
-0.3591652763993646
 31
0.0
  0
LINE
  5
345
330
1F
100
AcDbEntity
  8
0
 62
   250
100
AcDbLine
 10
-4.885097850649765
 20
0.0511814747061172
 30
0.0
 11
-4.885097850649765
 21
0.4460080993502928
 31
0.0
  0
LINE
  5
346
330
1F
100
AcDbEntity
  8
0
 62
   250
100
AcDbLine
 10
-8.270699154947396
 20
-0.9884750556828762
 30
0.0
 11
-8.270699154947396
 21
-2.018854031693403
 31
0.0
  0
LINE
  5
347
330
1F
100
AcDbEntity
  8
0
 62
   250
100
AcDbLine
 10
-9.470699154987718
 20
-0.9884750484782118
 30
0.0
 11
-9.470699154987718
 21
-2.018854031693403
 31
0.0
  0
LINE
  5
348
330
1F
100
AcDbEntity
  8
0
 62
   250
100
AcDbLine
 10
-8.162077956125357
 20
-1.837818700323341
 30
0.0
 11
-8.270699154947396
 21
-1.94643989914538
 31
0.0
  0
LINE
  5
349
330
1F
100
AcDbEntity
  8
0
 62
   250
100
AcDbLine
 10
-8.270699154947396
 20
-1.94643989914538
 30
0.0
 11
-8.379320353769435
 21
-2.055061097967419
 31
0.0
  0
LINE
  5
34A
330
1F
100
AcDbEntity
  8
0
 62
   250
100
AcDbLine
 10
-8.270699154947396
 20
-1.94643989914538
 30
0.0
 11
-8.162077956125357
 21
-1.94643989914538
 31
0.0
  0
LINE
  5
34B
330
1F
100
AcDbEntity
  8
0
 62
   250
100
AcDbLine
 10
-9.579320353809756
 20
-2.055061097967419
 30
0.0
 11
-9.470699154987717
 21
-1.94643989914538
 31
0.0
  0
LINE
  5
34C
330
1F
100
AcDbEntity
  8
0
 62
   250
100
AcDbLine
 10
-9.470699154987717
 20
-1.94643989914538
 30
0.0
 11
-9.362077956165678
 21
-1.837818700323341
 31
0.0
  0
LINE
  5
34D
330
1F
100
AcDbEntity
  8
0
 62
   250
100
AcDbLine
 10
-9.470699154987717
 20
-1.94643989914538
 30
0.0
 11
-9.579320353809756
 21
-1.94643989914538
 31
0.0
  0
LINE
  5
34E
330
1F
100
AcDbEntity
  8
0
 62
   250
100
AcDbLine
 10
-8.270699154947396
 20
-1.946439899145377
 30
0.0
 11
-8.387938271314052
 21
-1.946439899145386
 31
0.0
  0
LINE
  5
34F
330
1F
100
AcDbEntity
  8
0
 62
   250
100
AcDbLine
 10
-9.353460038621064
 20
-1.946439899145386
 30
0.0
 11
-9.470699154987718
 21
-1.946439899145377
 31
0.0
  0
LINE
  5
350
330
1F
100
AcDbEntity
  8
0
 62
   250
100
AcDbLine
 10
-6.786216000308088
 20
-7.253991901043571
 30
0.0
 11
-5.955328782199262
 21
-7.253991901043571
 31
0.0
  0
LINE
  5
351
330
1F
100
AcDbEntity
  8
0
 62
   250
100
AcDbLine
 10
-6.786216000308094
 20
-7.90399190104357
 30
0.0
 11
-5.955328782199262
 21
-7.90399190104357
 31
0.0
  0
LINE
  5
352
330
1F
100
AcDbEntity
  8
0
 62
   250
100
AcDbLine
 10
-6.136364113569328
 20
-7.145370702221531
 30
0.0
 11
-6.027742914747289
 21
-7.253991901043571
 31
0.0
  0
LINE
  5
353
330
1F
100
AcDbEntity
  8
0
 62
   250
100
AcDbLine
 10
-6.027742914747289
 20
-7.253991901043571
 30
0.0
 11
-5.919121715925248
 21
-7.36261309986561
 31
0.0
  0
LINE
  5
354
330
1F
100
AcDbEntity
  8
0
 62
   250
100
AcDbLine
 10
-6.027742914747289
 20
-7.253991901043571
 30
0.0
 11
-6.027742914747289
 21
-7.145370702221531
 31
0.0
  0
LINE
  5
355
330
1F
100
AcDbEntity
  8
0
 62
   250
100
AcDbLine
 10
-5.919121715925248
 20
-8.012613099865609
 30
0.0
 11
-6.027742914747289
 21
-7.90399190104357
 31
0.0
  0
LINE
  5
356
330
1F
100
AcDbEntity
  8
0
 62
   250
100
AcDbLine
 10
-6.027742914747289
 20
-7.90399190104357
 30
0.0
 11
-6.136364113569328
 21
-7.79537070222153
 31
0.0
  0
LINE
  5
357
330
1F
100
AcDbEntity
  8
0
 62
   250
100
AcDbLine
 10
-6.027742914747289
 20
-7.90399190104357
 30
0.0
 11
-6.027742914747289
 21
-8.012613099865609
 31
0.0
  0
LINE
  5
358
330
1F
100
AcDbEntity
  8
0
 62
   250
100
AcDbLine
 10
-6.027742914747288
 20
-7.253991901043571
 30
0.0
 11
-6.027742914747289
 21
-7.373818525490836
 31
0.0
  0
LINE
  5
359
330
1F
100
AcDbEntity
  8
0
 62
   250
100
AcDbLine
 10
-6.027742914747289
 20
-7.784165276596318
 30
0.0
 11
-6.027742914747288
 21
-7.90399190104357
 31
0.0
  0
LINE
  5
35A
330
1F
100
AcDbEntity
  8
0
 62
   250
100
AcDbLine
 10
-13.36976764497948
 20
-8.137698960075157
 30
0.0
 11
-13.36976764497948
 21
-9.327687279457713
 31
0.0
  0
LINE
  5
35B
330
1F
100
AcDbEntity
  8
0
 62
   250
100
AcDbLine
 10
-7.070699154947468
 20
-8.13769896007519
 30
0.0
 11
-7.070699154947468
 21
-9.327687279457713
 31
0.0
  0
LINE
  5
35C
330
1F
100
AcDbEntity
  8
0
 62
   250
100
AcDbLine
 10
-13.47838884380152
 20
-9.363894345731726
 30
0.0
 11
-13.36976764497948
 21
-9.255273146909687
 31
0.0
  0
LINE
  5
35D
330
1F
100
AcDbEntity
  8
0
 62
   250
100
AcDbLine
 10
-13.36976764497948
 20
-9.255273146909687
 30
0.0
 11
-13.26114644615744
 21
-9.146651948087648
 31
0.0
  0
LINE
  5
35E
330
1F
100
AcDbEntity
  8
0
 62
   250
100
AcDbLine
 10
-13.36976764497948
 20
-9.255273146909687
 30
0.0
 11
-13.47838884380152
 21
-9.255273146909687
 31
0.0
  0
LINE
  5
35F
330
1F
100
AcDbEntity
  8
0
 62
   250
100
AcDbLine
 10
-6.962077956125428
 20
-9.146651948087651
 30
0.0
 11
-7.070699154947467
 21
-9.25527314690969
 31
0.0
  0
LINE
  5
360
330
1F
100
AcDbEntity
  8
0
 62
   250
100
AcDbLine
 10
-7.070699154947467
 20
-9.25527314690969
 30
0.0
 11
-7.179320353769506
 21
-9.36389434573173
 31
0.0
  0
LINE
  5
361
330
1F
100
AcDbEntity
  8
0
 62
   250
100
AcDbLine
 10
-7.070699154947467
 20
-9.25527314690969
 30
0.0
 11
-6.962077956125428
 21
-9.25527314690969
 31
0.0
  0
LINE
  5
362
330
1F
100
AcDbEntity
  8
0
 62
   250
100
AcDbLine
 10
-13.36976764497948
 20
-9.255273146909687
 30
0.0
 11
-10.70299428361698
 21
-9.25527314690969
 31
0.0
  0
LINE
  5
363
330
1F
100
AcDbEntity
  8
0
 62
   250
100
AcDbLine
 10
-9.73747251630997
 20
-9.255273146909696
 30
0.0
 11
-7.070699154947468
 21
-9.255273146909687
 31
0.0
  0
LINE
  5
364
330
1F
100
AcDbEntity
  8
0
 62
   250
100
AcDbLine
 10
-13.45518230958674
 20
0.4460080989565269
 30
0.0
 11
-14.40787544449704
 21
0.4460080989565265
 31
0.0
  0
LINE
  5
365
330
1F
100
AcDbEntity
  8
0
 62
   250
100
AcDbLine
 10
-13.45518230958682
 20
-8.05399190104351
 30
0.0
 11
-14.40787544449703
 21
-8.05399190104351
 31
0.0
  0
LINE
  5
366
330
1F
100
AcDbEntity
  8
0
 62
   250
100
AcDbLine
 10
-14.44408251077105
 20
0.5546292977785656
 30
0.0
 11
-14.33546131194901
 21
0.4460080989565269
 31
0.0
  0
LINE
  5
367
330
1F
100
AcDbEntity
  8
0
 62
   250
100
AcDbLine
 10
-14.33546131194901
 20
0.4460080989565269
 30
0.0
 11
-14.22684011312697
 21
0.3373869001344882
 31
0.0
  0
LINE
  5
368
330
1F
100
AcDbEntity
  8
0
 62
   250
100
AcDbLine
 10
-14.33546131194901
 20
0.4460080989565269
 30
0.0
 11
-14.33546131194901
 21
0.5546292977785657
 31
0.0
  0
LINE
  5
369
330
1F
100
AcDbEntity
  8
0
 62
   250
100
AcDbLine
 10
-14.22684011312697
 20
-8.162613099865549
 30
0.0
 11
-14.33546131194901
 21
-8.05399190104351
 31
0.0
  0
LINE
  5
36A
330
1F
100
AcDbEntity
  8
0
 62
   250
100
AcDbLine
 10
-14.33546131194901
 20
-8.05399190104351
 30
0.0
 11
-14.44408251077104
 21
-7.94537070222147
 31
0.0
  0
LINE
  5
36B
330
1F
100
AcDbEntity
  8
0
 62
   250
100
AcDbLine
 10
-14.33546131194901
 20
-8.05399190104351
 30
0.0
 11
-14.33546131194901
 21
-8.162613099865549
 31
0.0
  0
LINE
  5
36C
330
1F
100
AcDbEntity
  8
0
 62
   250
100
AcDbLine
 10
-14.33546131194901
 20
0.4460080989565265
 30
0.0
 11
-14.33546131194901
 21
-3.598818525490754
 31
0.0
  0
LINE
  5
36D
330
1F
100
AcDbEntity
  8
0
 62
   250
100
AcDbLine
 10
-14.33546131194901
 20
-4.009165276596233
 30
0.0
 11
-14.33546131194901
 21
-8.05399190104351
 31
0.0
  0
LINE
  5
36E
330
1F
100
AcDbEntity
  8
0
 62
   250
100
AcDbLine
 10
-13.45518230958674
 20
0.5960080989565274
 30
0.0
 11
-14.40787544449704
 21
0.5960080989565271
 31
0.0
  0
LINE
  5
36F
330
1F
100
AcDbEntity
  8
0
 62
   250
100
AcDbLine
 10
-13.4551823095867
 20
4.696008098956542
 30
0.0
 11
-14.40787544449704
 21
4.696008098956542
 31
0.0
  0
LINE
  5
370
330
1F
100
AcDbEntity
  8
0
 62
   250
100
AcDbLine
 10
-14.22684011312697
 20
0.4873869001344887
 30
0.0
 11
-14.33546131194901
 21
0.5960080989565274
 31
0.0
  0
LINE
  5
371
330
1F
100
AcDbEntity
  8
0
 62
   250
100
AcDbLine
 10
-14.33546131194901
 20
0.5960080989565274
 30
0.0
 11
-14.44408251077105
 21
0.7046292977785662
 31
0.0
  0
LINE
  5
372
330
1F
100
AcDbEntity
  8
0
 62
   250
100
AcDbLine
 10
-14.33546131194901
 20
0.5960080989565274
 30
0.0
 11
-14.33546131194901
 21
0.4873869001344887
 31
0.0
  0
LINE
  5
373
330
1F
100
AcDbEntity
  8
0
 62
   250
100
AcDbLine
 10
-14.44408251077105
 20
4.804629297778581
 30
0.0
 11
-14.33546131194901
 21
4.696008098956542
 31
0.0
  0
LINE
  5
374
330
1F
100
AcDbEntity
  8
0
 62
   250
100
AcDbLine
 10
-14.33546131194901
 20
4.696008098956542
 30
0.0
 11
-14.22684011312697
 21
4.587386900134503
 31
0.0
  0
LINE
  5
375
330
1F
100
AcDbEntity
  8
0
 62
   250
100
AcDbLine
 10
-14.33546131194901
 20
4.696008098956542
 30
0.0
 11
-14.33546131194901
 21
4.804629297778581
 31
0.0
  0
LINE
  5
376
330
1F
100
AcDbEntity
  8
0
 62
   250
100
AcDbLine
 10
-14.33546131194901
 20
0.5960080989565271
 30
0.0
 11
-14.33546131194901
 21
2.440834723403788
 31
0.0
  0
LINE
  5
377
330
1F
100
AcDbEntity
  8
0
 62
   250
100
AcDbLine
 10
-14.33546131194901
 20
2.85118147450927
 30
0.0
 11
-14.33546131194901
 21
4.696008098956542
 31
0.0
  0
LINE
  5
378
330
1F
100
AcDbEntity
  8
0
 62
   250
100
AcDbLine
 10
-13.4551823095867
 20
4.896008098956543
 30
0.0
 11
-14.40787544449704
 21
4.896008098956542
 31
0.0
  0
LINE
  5
379
330
1F
100
AcDbEntity
  8
0
 62
   250
100
AcDbLine
 10
-13.45518230958668
 20
7.796008098956542
 30
0.0
 11
-14.40787544449704
 21
7.796008098956542
 31
0.0
  0
LINE
  5
37A
330
1F
100
AcDbEntity
  8
0
 62
   250
100
AcDbLine
 10
-14.22684011312697
 20
4.787386900134504
 30
0.0
 11
-14.33546131194901
 21
4.896008098956543
 31
0.0
  0
LINE
  5
37B
330
1F
100
AcDbEntity
  8
0
 62
   250
100
AcDbLine
 10
-14.33546131194901
 20
4.896008098956543
 30
0.0
 11
-14.44408251077105
 21
5.004629297778582
 31
0.0
  0
LINE
  5
37C
330
1F
100
AcDbEntity
  8
0
 62
   250
100
AcDbLine
 10
-14.33546131194901
 20
4.896008098956543
 30
0.0
 11
-14.33546131194901
 21
4.787386900134504
 31
0.0
  0
LINE
  5
37D
330
1F
100
AcDbEntity
  8
0
 62
   250
100
AcDbLine
 10
-14.44408251077105
 20
7.904629297778581
 30
0.0
 11
-14.33546131194901
 21
7.796008098956542
 31
0.0
  0
LINE
  5
37E
330
1F
100
AcDbEntity
  8
0
 62
   250
100
AcDbLine
 10
-14.33546131194901
 20
7.796008098956542
 30
0.0
 11
-14.22684011312698
 21
7.687386900134503
 31
0.0
  0
LINE
  5
37F
330
1F
100
AcDbEntity
  8
0
 62
   250
100
AcDbLine
 10
-14.33546131194901
 20
7.796008098956542
 30
0.0
 11
-14.33546131194901
 21
7.904629297778581
 31
0.0
  0
LINE
  5
380
330
1F
100
AcDbEntity
  8
0
 62
   250
100
AcDbLine
 10
-14.33546131194901
 20
4.896008098956542
 30
0.0
 11
-14.33546131194901
 21
6.140834723403795
 31
0.0
  0
LINE
  5
381
330
1F
100
AcDbEntity
  8
0
 62
   250
100
AcDbLine
 10
-14.33546131194901
 20
6.551181474509278
 30
0.0
 11
-14.33546131194901
 21
7.796008098956542
 31
0.0
  0
LINE
  5
382
330
1F
100
AcDbEntity
  8
0
 62
   250
100
AcDbLine
 10
-8.27069915494734
 20
4.611524944317132
 30
0.0
 11
-8.27069915494734
 21
3.349281995069122
 31
0.0
  0
LINE
  5
383
330
1F
100
AcDbEntity
  8
0
 62
   250
100
AcDbLine
 10
-13.37069915494734
 20
4.611524944317178
 30
0.0
 11
-13.37069915494734
 21
3.349281995069122
 31
0.0
  0
LINE
  5
384
330
1F
100
AcDbEntity
  8
0
 62
   250
100
AcDbLine
 10
-8.162077956125302
 20
3.530317326439186
 30
0.0
 11
-8.27069915494734
 21
3.421696127617147
 31
0.0
  0
LINE
  5
385
330
1F
100
AcDbEntity
  8
0
 62
   250
100
AcDbLine
 10
-8.27069915494734
 20
3.421696127617147
 30
0.0
 11
-8.37932035376938
 21
3.313074928795109
 31
0.0
  0
LINE
  5
386
330
1F
100
AcDbEntity
  8
0
 62
   250
100
AcDbLine
 10
-8.27069915494734
 20
3.421696127617147
 30
0.0
 11
-8.162077956125302
 21
3.421696127617147
 31
0.0
  0
LINE
  5
387
330
1F
100
AcDbEntity
  8
0
 62
   250
100
AcDbLine
 10
-13.47932035376938
 20
3.313074928795103
 30
0.0
 11
-13.37069915494734
 21
3.421696127617142
 31
0.0
  0
LINE
  5
388
330
1F
100
AcDbEntity
  8
0
 62
   250
100
AcDbLine
 10
-13.37069915494734
 20
3.421696127617142
 30
0.0
 11
-13.2620779561253
 21
3.53031732643918
 31
0.0
  0
LINE
  5
389
330
1F
100
AcDbEntity
  8
0
 62
   250
100
AcDbLine
 10
-13.37069915494734
 20
3.421696127617142
 30
0.0
 11
-13.47932035376938
 21
3.421696127617142
 31
0.0
  0
LINE
  5
38A
330
1F
100
AcDbEntity
  8
0
 62
   250
100
AcDbLine
 10
-8.27069915494734
 20
3.421696127617147
 30
0.0
 11
-10.33793827129383
 21
3.421696127617142
 31
0.0
  0
LINE
  5
38B
330
1F
100
AcDbEntity
  8
0
 62
   250
100
AcDbLine
 10
-11.30346003860084
 20
3.421696127617142
 30
0.0
 11
-13.37069915494734
 21
3.421696127617147
 31
0.0
  0
LINE
  5
38C
330
1F
100
AcDbEntity
  8
0
 62
   250
100
AcDbLine
 10
-9.40997405667689
 20
7.796008098956501
 30
0.0
 11
-10.07795680971949
 21
7.796008098956501
 31
0.0
  0
LINE
  5
38D
330
1F
100
AcDbEntity
  8
0
 62
   250
100
AcDbLine
 10
-9.409974056676907
 20
6.296158226523403
 30
0.0
 11
-10.07795680971948
 21
6.296158226523403
 31
0.0
  0
LINE
  5
38E
330
1F
100
AcDbEntity
  8
0
 62
   250
100
AcDbLine
 10
-10.1141638759935
 20
7.904629297778547
 30
0.0
 11
-10.00554267717146
 21
7.796008098956507
 31
0.0
  0
LINE
  5
38F
330
1F
100
AcDbEntity
  8
0
 62
   250
100
AcDbLine
 10
-10.00554267717146
 20
7.796008098956507
 30
0.0
 11
-9.896921478349421
 21
7.687386900134468
 31
0.0
  0
LINE
  5
390
330
1F
100
AcDbEntity
  8
0
 62
   250
100
AcDbLine
 10
-10.00554267717146
 20
7.796008098956507
 30
0.0
 11
-10.00554267717146
 21
7.904629297778547
 31
0.0
  0
LINE
  5
391
330
1F
100
AcDbEntity
  8
0
 62
   250
100
AcDbLine
 10
-9.896921478349421
 20
6.18753702770137
 30
0.0
 11
-10.00554267717146
 21
6.296158226523408
 31
0.0
  0
LINE
  5
392
330
1F
100
AcDbEntity
  8
0
 62
   250
100
AcDbLine
 10
-10.00554267717146
 20
6.296158226523408
 30
0.0
 11
-10.1141638759935
 21
6.404779425345446
 31
0.0
  0
LINE
  5
393
330
1F
100
AcDbEntity
  8
0
 62
   250
100
AcDbLine
 10
-10.00554267717146
 20
6.296158226523408
 30
0.0
 11
-10.00554267717146
 21
6.18753702770137
 31
0.0
  0
LINE
  5
394
330
1F
100
AcDbEntity
  8
0
 62
   250
100
AcDbLine
 10
-10.00554267717146
 20
7.796008098956501
 30
0.0
 11
-10.00554267717146
 21
7.251256538292687
 31
0.0
  0
LINE
  5
395
330
1F
100
AcDbEntity
  8
0
 62
   250
100
AcDbLine
 10
-10.00554267717146
 20
6.840909787187211
 30
0.0
 11
-10.00554267717146
 21
6.296158226523403
 31
0.0
  0
LINE
  5
396
330
1F
100
AcDbEntity
  8
0
 62
   250
100
AcDbLine
 10
-8.120699154947326
 20
6.211675071884027
 30
0.0
 11
-8.120699154947326
 21
5.644710703581595
 31
0.0
  0
LINE
  5
397
330
1F
100
AcDbEntity
  8
0
 62
   250
100
AcDbLine
 10
-9.325490902037542
 20
6.211675071884039
 30
0.0
 11
-9.325490902037542
 21
5.644710703581595
 31
0.0
  0
LINE
  5
398
330
1F
100
AcDbEntity
  8
0
 62
   250
100
AcDbLine
 10
-8.012077956125287
 20
5.825746034951659
 30
0.0
 11
-8.120699154947326
 21
5.717124836129621
 31
0.0
  0
LINE
  5
399
330
1F
100
AcDbEntity
  8
0
 62
   250
100
AcDbLine
 10
-8.120699154947326
 20
5.717124836129621
 30
0.0
 11
-8.229320353769365
 21
5.608503637307583
 31
0.0
  0
LINE
  5
39A
330
1F
100
AcDbEntity
  8
0
 62
   250
100
AcDbLine
 10
-8.120699154947326
 20
5.717124836129621
 30
0.0
 11
-8.012077956125287
 21
5.717124836129621
 31
0.0
  0
LINE
  5
39B
330
1F
100
AcDbEntity
  8
0
 62
   250
100
AcDbLine
 10
-9.434112100859581
 20
5.608503637307583
 30
0.0
 11
-9.325490902037542
 21
5.717124836129621
 31
0.0
  0
LINE
  5
39C
330
1F
100
AcDbEntity
  8
0
 62
   250
100
AcDbLine
 10
-9.325490902037542
 20
5.717124836129621
 30
0.0
 11
-9.216869703215503
 21
5.825746034951659
 31
0.0
  0
LINE
  5
39D
330
1F
100
AcDbEntity
  8
0
 62
   250
100
AcDbLine
 10
-9.325490902037542
 20
5.717124836129621
 30
0.0
 11
-9.434112100859581
 21
5.717124836129621
 31
0.0
  0
LINE
  5
39E
330
1F
100
AcDbEntity
  8
0
 62
   250
100
AcDbLine
 10
-8.120699154947326
 20
5.717124836129621
 30
0.0
 11
-8.24033414483893
 21
5.717124836129621
 31
0.0
  0
LINE
  5
39F
330
1F
100
AcDbEntity
  8
0
 62
   250
100
AcDbLine
 10
-9.20585591214594
 20
5.717124836129615
 30
0.0
 11
-9.325490902037542
 21
5.717124836129621
 31
0.0
  0
LINE
  5
3A0
330
1F
100
AcDbEntity
  8
0
 62
   250
100
AcDbLine
 10
-8.120699154947337
 20
4.811524944317127
 30
0.0
 11
-8.120699154947337
 21
3.349281995069122
 31
0.0
  0
LINE
  5
3A1
330
1F
100
AcDbEntity
  8
0
 62
   250
100
AcDbLine
 10
-7.07069915494734
 20
4.611524944317132
 30
0.0
 11
-7.07069915494734
 21
3.349281995069122
 31
0.0
  0
LINE
  5
3A2
330
1F
100
AcDbEntity
  8
0
 62
   250
100
AcDbLine
 10
-8.229320353769376
 20
3.313074928795109
 30
0.0
 11
-8.120699154947337
 21
3.421696127617147
 31
0.0
  0
LINE
  5
3A3
330
1F
100
AcDbEntity
  8
0
 62
   250
100
AcDbLine
 10
-8.120699154947337
 20
3.421696127617147
 30
0.0
 11
-8.012077956125298
 21
3.530317326439186
 31
0.0
  0
LINE
  5
3A4
330
1F
100
AcDbEntity
  8
0
 62
   250
100
AcDbLine
 10
-8.120699154947337
 20
3.421696127617147
 30
0.0
 11
-8.229320353769376
 21
3.421696127617147
 31
0.0
  0
LINE
  5
3A5
330
1F
100
AcDbEntity
  8
0
 62
   250
100
AcDbLine
 10
-6.9620779561253
 20
3.530317326439192
 30
0.0
 11
-7.07069915494734
 21
3.421696127617153
 31
0.0
  0
LINE
  5
3A6
330
1F
100
AcDbEntity
  8
0
 62
   250
100
AcDbLine
 10
-7.07069915494734
 20
3.421696127617153
 30
0.0
 11
-7.179320353769379
 21
3.313074928795115
 31
0.0
  0
LINE
  5
3A7
330
1F
100
AcDbEntity
  8
0
 62
   250
100
AcDbLine
 10
-7.07069915494734
 20
3.421696127617153
 30
0.0
 11
-6.9620779561253
 21
3.421696127617153
 31
0.0
  0
LINE
  5
3A8
330
1F
100
AcDbEntity
  8
0
 62
   250
100
AcDbLine
 10
-8.120699154947337
 20
3.421696127617147
 30
0.0
 11
-8.078460038600847
 21
3.421696127617142
 31
0.0
  0
LINE
  5
3A9
330
1F
100
AcDbEntity
  8
0
 62
   250
100
AcDbLine
 10
-7.112938271293835
 20
3.421696127617147
 30
0.0
 11
-7.07069915494734
 21
3.421696127617147
 31
0.0
  0
LINE
  5
3AA
330
1F
100
AcDbEntity
  8
0
 62
   250
100
AcDbLine
 10
-4.405182309586725
 20
5.94600809895646
 30
0.0
 11
-4.957511983197793
 21
5.94600809895646
 31
0.0
  0
LINE
  5
3AB
330
1F
100
AcDbEntity
  8
0
 62
   250
100
AcDbLine
 10
-4.405182309586699
 20
4.896008098956468
 30
0.0
 11
-4.957511983197793
 21
4.896008098956468
 31
0.0
  0
LINE
  5
3AC
330
1F
100
AcDbEntity
  8
0
 62
   250
100
AcDbLine
 10
-4.993719049471807
 20
6.054629297778498
 30
0.0
 11
-4.885097850649768
 21
5.94600809895646
 31
0.0
  0
LINE
  5
3AD
330
1F
100
AcDbEntity
  8
0
 62
   250
100
AcDbLine
 10
-4.885097850649768
 20
5.94600809895646
 30
0.0
 11
-4.776476651827728
 21
5.837386900134422
 31
0.0
  0
LINE
  5
3AE
330
1F
100
AcDbEntity
  8
0
 62
   250
100
AcDbLine
 10
-4.885097850649768
 20
5.94600809895646
 30
0.0
 11
-4.885097850649768
 21
6.054629297778498
 31
0.0
  0
LINE
  5
3AF
330
1F
100
AcDbEntity
  8
0
 62
   250
100
AcDbLine
 10
-4.776476651827728
 20
4.78738690013443
 30
0.0
 11
-4.885097850649768
 21
4.896008098956468
 31
0.0
  0
LINE
  5
3B0
330
1F
100
AcDbEntity
  8
0
 62
   250
100
AcDbLine
 10
-4.885097850649768
 20
4.896008098956468
 30
0.0
 11
-4.993719049471807
 21
5.004629297778506
 31
0.0
  0
LINE
  5
3B1
330
1F
100
AcDbEntity
  8
0
 62
   250
100
AcDbLine
 10
-4.885097850649768
 20
4.896008098956468
 30
0.0
 11
-4.885097850649768
 21
4.78738690013443
 31
0.0
  0
LINE
  5
3B2
330
1F
100
AcDbEntity
  8
0
 62
   250
100
AcDbLine
 10
-4.885097850649768
 20
5.94600809895646
 30
0.0
 11
-4.885097850649768
 21
5.626181474509199
 31
0.0
  0
LINE
  5
3B3
330
1F
100
AcDbEntity
  8
0
 62
   250
100
AcDbLine
 10
-4.88509785064977
 20
5.215834723403723
 30
0.0
 11
-4.885097850649768
 21
4.896008098956468
 31
0.0
  0
LINE
  5
3B4
330
1F
100
AcDbEntity
  8
0
 62
   250
100
AcDbLine
 10
-2.320699154947309
 20
7.711524944317075
 30
0.0
 11
-2.320699154947309
 21
6.948681883065468
 31
0.0
  0
LINE
  5
3B5
330
1F
100
AcDbEntity
  8
0
 62
   250
100
AcDbLine
 10
-4.32069915494731
 20
7.711524944317092
 30
0.0
 11
-4.32069915494731
 21
6.948681883065468
 31
0.0
  0
LINE
  5
3B6
330
1F
100
AcDbEntity
  8
0
 62
   250
100
AcDbLine
 10
-2.212077956125272
 20
7.129717214435533
 30
0.0
 11
-2.320699154947311
 21
7.021096015613494
 31
0.0
  0
LINE
  5
3B7
330
1F
100
AcDbEntity
  8
0
 62
   250
100
AcDbLine
 10
-2.320699154947311
 20
7.021096015613494
 30
0.0
 11
-2.42932035376935
 21
6.912474816791454
 31
0.0
  0
LINE
  5
3B8
330
1F
100
AcDbEntity
  8
0
 62
   250
100
AcDbLine
 10
-2.320699154947311
 20
7.021096015613494
 30
0.0
 11
-2.212077956125272
 21
7.021096015613494
 31
0.0
  0
LINE
  5
3B9
330
1F
100
AcDbEntity
  8
0
 62
   250
100
AcDbLine
 10
-4.42932035376935
 20
6.912474816791454
 30
0.0
 11
-4.320699154947312
 21
7.021096015613494
 31
0.0
  0
LINE
  5
3BA
330
1F
100
AcDbEntity
  8
0
 62
   250
100
AcDbLine
 10
-4.320699154947312
 20
7.021096015613494
 30
0.0
 11
-4.212077956125274
 21
7.129717214435533
 31
0.0
  0
LINE
  5
3BB
330
1F
100
AcDbEntity
  8
0
 62
   250
100
AcDbLine
 10
-4.320699154947312
 20
7.021096015613494
 30
0.0
 11
-4.42932035376935
 21
7.021096015613494
 31
0.0
  0
LINE
  5
3BC
330
1F
100
AcDbEntity
  8
0
 62
   250
100
AcDbLine
 10
-2.320699154947309
 20
7.021096015613494
 30
0.0
 11
-2.837938271293808
 21
7.021096015613482
 31
0.0
  0
LINE
  5
3BD
330
1F
100
AcDbEntity
  8
0
 62
   250
100
AcDbLine
 10
-3.803460038600819
 20
7.021096015613487
 30
0.0
 11
-4.32069915494731
 21
7.021096015613494
 31
0.0
  0
LINE
  5
3BE
330
1F
100
AcDbEntity
  8
0
 62
   250
100
AcDbLine
 10
-4.470699154947311
 20
7.711524944317092
 30
0.0
 11
-4.470699154947311
 21
7.378921306841636
 31
0.0
  0
LINE
  5
3BF
330
1F
100
AcDbEntity
  8
0
 62
   250
100
AcDbLine
 10
-8.120699154947312
 20
7.711524944317127
 30
0.0
 11
-8.120699154947312
 21
7.378921306841636
 31
0.0
  0
LINE
  5
3C0
330
1F
100
AcDbEntity
  8
0
 62
   250
100
AcDbLine
 10
-4.362077956125274
 20
7.559956638211701
 30
0.0
 11
-4.470699154947313
 21
7.451335439389662
 31
0.0
  0
LINE
  5
3C1
330
1F
100
AcDbEntity
  8
0
 62
   250
100
AcDbLine
 10
-4.470699154947313
 20
7.451335439389662
 30
0.0
 11
-4.579320353769351
 21
7.342714240567623
 31
0.0
  0
LINE
  5
3C2
330
1F
100
AcDbEntity
  8
0
 62
   250
100
AcDbLine
 10
-4.470699154947313
 20
7.451335439389662
 30
0.0
 11
-4.362077956125274
 21
7.451335439389662
 31
0.0
  0
LINE
  5
3C3
330
1F
100
AcDbEntity
  8
0
 62
   250
100
AcDbLine
 10
-8.229320353769351
 20
7.342714240567623
 30
0.0
 11
-8.120699154947312
 21
7.451335439389662
 31
0.0
  0
LINE
  5
3C4
330
1F
100
AcDbEntity
  8
0
 62
   250
100
AcDbLine
 10
-8.120699154947312
 20
7.451335439389662
 30
0.0
 11
-8.111090489481
 21
7.460944104855972
 31
0.0
  0
LINE
  5
3C5
330
1F
100
AcDbEntity
  8
0
 62
   250
100
AcDbLine
 10
-8.072990501497296
 20
7.499044092839678
 30
0.0
 11
-8.012077956125273
 21
7.559956638211701
 31
0.0
  0
LINE
  5
3C6
330
1F
100
AcDbEntity
  8
0
 62
   250
100
AcDbLine
 10
-8.120699154947312
 20
7.451335439389662
 30
0.0
 11
-8.229320353769351
 21
7.451335439389662
 31
0.0
  0
LINE
  5
3C7
330
1F
100
AcDbEntity
  8
0
 62
   250
100
AcDbLine
 10
-4.470699154947311
 20
7.451335439389662
 30
0.0
 11
-5.812938271293805
 21
7.451335439389662
 31
0.0
  0
LINE
  5
3C8
330
1F
100
AcDbEntity
  8
0
 62
   250
100
AcDbLine
 10
-6.778460038600817
 20
7.451335439389656
 30
0.0
 11
-8.072990501497296
 21
7.451335439389662
 31
0.0
  0
LINE
  5
3C9
330
1F
100
AcDbEntity
  8
0
 62
   250
100
AcDbLine
 10
-8.111090489481
 20
7.451335439389662
 30
0.0
 11
-8.120699154947312
 21
7.451335439389662
 31
0.0
  0
LINE
  5
3CA
330
1F
100
AcDbEntity
  8
0
 62
   250
100
AcDbLine
 10
-13.37069915494731
 20
7.711524944317179
 30
0.0
 11
-13.37069915494731
 21
7.378921306841636
 31
0.0
  0
LINE
  5
3CB
330
1F
100
AcDbEntity
  8
0
 62
   250
100
AcDbLine
 10
-9.47549090203753
 20
7.711524944317144
 30
0.0
 11
-9.47549090203753
 21
7.378921306841636
 31
0.0
  0
LINE
  5
3CC
330
1F
100
AcDbEntity
  8
0
 62
   250
100
AcDbLine
 10
-13.47932035376935
 20
7.342714240567623
 30
0.0
 11
-13.37069915494731
 21
7.451335439389662
 31
0.0
  0
LINE
  5
3CD
330
1F
100
AcDbEntity
  8
0
 62
   250
100
AcDbLine
 10
-13.37069915494731
 20
7.451335439389662
 30
0.0
 11
-13.26207795612527
 21
7.559956638211701
 31
0.0
  0
LINE
  5
3CE
330
1F
100
AcDbEntity
  8
0
 62
   250
100
AcDbLine
 10
-13.37069915494731
 20
7.451335439389662
 30
0.0
 11
-13.47932035376935
 21
7.451335439389662
 31
0.0
  0
LINE
  5
3CF
330
1F
100
AcDbEntity
  8
0
 62
   250
100
AcDbLine
 10
-9.36686970321549
 20
7.559956638211706
 30
0.0
 11
-9.47549090203753
 21
7.451335439389667
 31
0.0
  0
LINE
  5
3D0
330
1F
100
AcDbEntity
  8
0
 62
   250
100
AcDbLine
 10
-9.47549090203753
 20
7.451335439389667
 30
0.0
 11
-9.584112100859569
 21
7.342714240567628
 31
0.0
  0
LINE
  5
3D1
330
1F
100
AcDbEntity
  8
0
 62
   250
100
AcDbLine
 10
-9.47549090203753
 20
7.451335439389667
 30
0.0
 11
-9.36686970321549
 21
7.451335439389667
 31
0.0
  0
LINE
  5
3D2
330
1F
100
AcDbEntity
  8
0
 62
   250
100
AcDbLine
 10
-13.37069915494731
 20
7.451335439389662
 30
0.0
 11
-11.90585591214593
 21
7.451335439389662
 31
0.0
  0
LINE
  5
3D3
330
1F
100
AcDbEntity
  8
0
 62
   250
100
AcDbLine
 10
-10.94033414483891
 20
7.451335439389662
 30
0.0
 11
-9.47549090203753
 21
7.451335439389662
 31
0.0
  0
LINE
  5
3D4
330
1F
100
AcDbEntity
  8
0
 62
   250
100
AcDbLine
 10
-8.120699154947337
 20
4.980491253595854
 30
0.0
 11
-8.120699154947337
 21
5.270114495014897
 31
0.0
  0
LINE
  5
3D5
330
1F
100
AcDbEntity
  8
0
 62
   250
100
AcDbLine
 10
-13.37069915494734
 20
4.980491253595907
 30
0.0
 11
-13.37069915494734
 21
5.270114495014897
 31
0.0
  0
LINE
  5
3D6
330
1F
100
AcDbEntity
  8
0
 62
   250
100
AcDbLine
 10
-8.012077956125298
 20
5.30632156128891
 30
0.0
 11
-8.120699154947337
 21
5.197700362466872
 31
0.0
  0
LINE
  5
3D7
330
1F
100
AcDbEntity
  8
0
 62
   250
100
AcDbLine
 10
-8.120699154947337
 20
5.197700362466872
 30
0.0
 11
-8.229320353769376
 21
5.089079163644833
 31
0.0
  0
LINE
  5
3D8
330
1F
100
AcDbEntity
  8
0
 62
   250
100
AcDbLine
 10
-8.120699154947337
 20
5.197700362466872
 30
0.0
 11
-8.012077956125298
 21
5.197700362466872
 31
0.0
  0
LINE
  5
3D9
330
1F
100
AcDbEntity
  8
0
 62
   250
100
AcDbLine
 10
-13.47932035376938
 20
5.089079163644833
 30
0.0
 11
-13.37069915494734
 21
5.197700362466872
 31
0.0
  0
LINE
  5
3DA
330
1F
100
AcDbEntity
  8
0
 62
   250
100
AcDbLine
 10
-13.37069915494734
 20
5.197700362466872
 30
0.0
 11
-13.2620779561253
 21
5.30632156128891
 31
0.0
  0
LINE
  5
3DB
330
1F
100
AcDbEntity
  8
0
 62
   250
100
AcDbLine
 10
-13.37069915494734
 20
5.197700362466872
 30
0.0
 11
-13.47932035376938
 21
5.197700362466872
 31
0.0
  0
LINE
  5
3DC
330
1F
100
AcDbEntity
  8
0
 62
   250
100
AcDbLine
 10
-8.120699154947337
 20
5.197700362466872
 30
0.0
 11
-10.26293827129383
 21
5.197700362466872
 31
0.0
  0
LINE
  5
3DD
330
1F
100
AcDbEntity
  8
0
 62
   250
100
AcDbLine
 10
-11.22846003860084
 20
5.197700362466872
 30
0.0
 11
-13.37069915494734
 21
5.197700362466872
 31
0.0
  0
LINE
  5
3DE
330
1F
100
AcDbEntity
  8
0
 62
   250
100
AcDbLine
 10
-9.705182309586759
 20
-0.903991901043501
 30
0.0
 11
-10.48389404143319
 21
-0.9039919010435015
 31
0.0
  0
LINE
  5
3DF
330
1F
100
AcDbEntity
  8
0
 62
   250
100
AcDbLine
 10
-9.705182309586746
 20
0.4460080989564922
 30
0.0
 11
-10.48389404143319
 21
0.4460080989564919
 31
0.0
  0
LINE
  5
3E0
330
1F
100
AcDbEntity
  8
0
 62
   250
100
AcDbLine
 10
-10.30285871006312
 20
-1.01261309986554
 30
0.0
 11
-10.41147990888516
 21
-0.903991901043501
 31
0.0
  0
LINE
  5
3E1
330
1F
100
AcDbEntity
  8
0
 62
   250
100
AcDbLine
 10
-10.41147990888516
 20
-0.903991901043501
 30
0.0
 11
-10.5201011077072
 21
-0.7953707022214623
 31
0.0
  0
LINE
  5
3E2
330
1F
100
AcDbEntity
  8
0
 62
   250
100
AcDbLine
 10
-10.41147990888516
 20
-0.903991901043501
 30
0.0
 11
-10.41147990888516
 21
-1.01261309986554
 31
0.0
  0
LINE
  5
3E3
330
1F
100
AcDbEntity
  8
0
 62
   250
100
AcDbLine
 10
-10.5201011077072
 20
0.554629297778531
 30
0.0
 11
-10.41147990888516
 21
0.4460080989564922
 31
0.0
  0
LINE
  5
3E4
330
1F
100
AcDbEntity
  8
0
 62
   250
100
AcDbLine
 10
-10.41147990888516
 20
0.4460080989564922
 30
0.0
 11
-10.30285871006312
 21
0.3373869001344535
 31
0.0
  0
LINE
  5
3E5
330
1F
100
AcDbEntity
  8
0
 62
   250
100
AcDbLine
 10
-10.41147990888516
 20
0.4460080989564922
 30
0.0
 11
-10.41147990888516
 21
0.5546292977785311
 31
0.0
  0
LINE
  5
3E6
330
1F
100
AcDbEntity
  8
0
 62
   250
100
AcDbLine
 10
-10.41147990888516
 20
-0.9039919010435015
 30
0.0
 11
-10.41147990888516
 21
-0.4341652765962457
 31
0.0
  0
LINE
  5
3E7
330
1F
100
AcDbEntity
  8
0
 62
   250
100
AcDbLine
 10
-10.41147990888516
 20
-0.0238185254907696
 30
0.0
 11
-10.41147990888516
 21
0.4460080989564919
 31
0.0
  0
LINE
  5
3E8
330
1F
100
AcDbEntity
  8
0
 62
   250
100
AcDbLine
 10
-7.07069915494734
 20
4.611524944317132
 30
0.0
 11
-7.07069915494734
 21
3.988224895653252
 31
0.0
  0
LINE
  5
3E9
330
1F
100
AcDbEntity
  8
0
 62
   250
100
AcDbLine
 10
-2.320699154947337
 20
4.611524944317074
 30
0.0
 11
-2.320699154947337
 21
3.988224895653252
 31
0.0
  0
LINE
  5
3EA
330
1F
100
AcDbEntity
  8
0
 62
   250
100
AcDbLine
 10
-7.179320353769377
 20
3.952017829379239
 30
0.0
 11
-7.070699154947338
 21
4.060639028201278
 31
0.0
  0
LINE
  5
3EB
330
1F
100
AcDbEntity
  8
0
 62
   250
100
AcDbLine
 10
-7.070699154947338
 20
4.060639028201278
 30
0.0
 11
-6.962077956125299
 21
4.169260227023316
 31
0.0
  0
LINE
  5
3EC
330
1F
100
AcDbEntity
  8
0
 62
   250
100
AcDbLine
 10
-7.070699154947338
 20
4.060639028201278
 30
0.0
 11
-7.179320353769377
 21
4.060639028201278
 31
0.0
  0
LINE
  5
3ED
330
1F
100
AcDbEntity
  8
0
 62
   250
100
AcDbLine
 10
-2.212077956125298
 20
4.169260227023316
 30
0.0
 11
-2.320699154947337
 21
4.060639028201278
 31
0.0
  0
LINE
  5
3EE
330
1F
100
AcDbEntity
  8
0
 62
   250
100
AcDbLine
 10
-2.320699154947337
 20
4.060639028201278
 30
0.0
 11
-2.429320353769375
 21
3.952017829379239
 31
0.0
  0
LINE
  5
3EF
330
1F
100
AcDbEntity
  8
0
 62
   250
100
AcDbLine
 10
-2.320699154947337
 20
4.060639028201278
 30
0.0
 11
-2.212077956125298
 21
4.060639028201278
 31
0.0
  0
LINE
  5
3F0
330
1F
100
AcDbEntity
  8
0
 62
   250
100
AcDbLine
 10
-7.07069915494734
 20
4.060639028201278
 30
0.0
 11
-5.178460038600847
 21
4.060639028201272
 31
0.0
  0
LINE
  5
3F1
330
1F
100
AcDbEntity
  8
0
 62
   250
100
AcDbLine
 10
-4.212938271293834
 20
4.060639028201272
 30
0.0
 11
-2.320699154947337
 21
4.060639028201278
 31
0.0
  0
LINE
  5
3F2
330
1F
100
AcDbEntity
  8
0
 62
   250
100
AcDbLine
 10
-2.320699154947337
 20
4.611524944317074
 30
0.0
 11
-2.320699154947337
 21
1.805883421128711
 31
0.0
  0
LINE
  5
3F3
330
1F
100
AcDbEntity
  8
0
 62
   250
100
AcDbLine
 10
-8.120699154947337
 20
4.811524944317127
 30
0.0
 11
-8.120699154947337
 21
1.805883421128711
 31
0.0
  0
LINE
  5
3F4
330
1F
100
AcDbEntity
  8
0
 62
   250
100
AcDbLine
 10
-2.212077956125298
 20
1.986918752498776
 30
0.0
 11
-2.320699154947337
 21
1.878297553676737
 31
0.0
  0
LINE
  5
3F5
330
1F
100
AcDbEntity
  8
0
 62
   250
100
AcDbLine
 10
-2.320699154947337
 20
1.878297553676737
 30
0.0
 11
-2.429320353769375
 21
1.769676354854698
 31
0.0
  0
LINE
  5
3F6
330
1F
100
AcDbEntity
  8
0
 62
   250
100
AcDbLine
 10
-2.320699154947337
 20
1.878297553676737
 30
0.0
 11
-2.212077956125298
 21
1.878297553676737
 31
0.0
  0
LINE
  5
3F7
330
1F
100
AcDbEntity
  8
0
 62
   250
100
AcDbLine
 10
-8.229320353769376
 20
1.769676354854692
 30
0.0
 11
-8.120699154947337
 21
1.878297553676731
 31
0.0
  0
LINE
  5
3F8
330
1F
100
AcDbEntity
  8
0
 62
   250
100
AcDbLine
 10
-8.120699154947337
 20
1.878297553676731
 30
0.0
 11
-8.012077956125298
 21
1.98691875249877
 31
0.0
  0
LINE
  5
3F9
330
1F
100
AcDbEntity
  8
0
 62
   250
100
AcDbLine
 10
-8.120699154947337
 20
1.878297553676731
 30
0.0
 11
-8.229320353769376
 21
1.878297553676731
 31
0.0
  0
LINE
  5
3FA
330
1F
100
AcDbEntity
  8
0
 62
   250
100
AcDbLine
 10
-2.320699154947337
 20
1.878297553676737
 30
0.0
 11
-4.737938271293829
 21
1.878297553676731
 31
0.0
  0
LINE
  5
3FB
330
1F
100
AcDbEntity
  8
0
 62
   250
100
AcDbLine
 10
-5.703460038600841
 20
1.878297553676731
 30
0.0
 11
-8.120699154947337
 21
1.878297553676737
 31
0.0
  0
LINE
  5
3FC
330
1F
100
AcDbEntity
  8
0
 62
   250
100
AcDbLine
 10
9.67967467739719
 20
-1.043826296244275
 30
0.0
 11
9.67967467739719
 21
-0.277409864512123
 31
0.0
  0
LINE
  5
3FD
330
1F
100
AcDbEntity
  8
0
 62
   250
100
AcDbLine
 10
12.0296746773972
 20
-1.043826296244309
 30
0.0
 11
12.0296746773972
 21
-0.277409864512123
 31
0.0
  0
LINE
  5
3FE
330
1F
100
AcDbEntity
  8
0
 62
   250
100
AcDbLine
 10
9.571053478575147
 20
-0.4584451958821876
 30
0.0
 11
9.679674677397186
 21
-0.3498239970601488
 31
0.0
  0
LINE
  5
3FF
330
1F
100
AcDbEntity
  8
0
 62
   250
100
AcDbLine
 10
9.679674677397186
 20
-0.3498239970601488
 30
0.0
 11
9.788295876219225
 21
-0.24120279823811
 31
0.0
  0
LINE
  5
400
330
1F
100
AcDbEntity
  8
0
 62
   250
100
AcDbLine
 10
9.679674677397186
 20
-0.3498239970601488
 30
0.0
 11
9.571053478575147
 21
-0.3498239970601488
 31
0.0
  0
LINE
  5
401
330
1F
100
AcDbEntity
  8
0
 62
   250
100
AcDbLine
 10
12.13829587621923
 20
-0.24120279823811
 30
0.0
 11
12.02967467739719
 21
-0.3498239970601488
 31
0.0
  0
LINE
  5
402
330
1F
100
AcDbEntity
  8
0
 62
   250
100
AcDbLine
 10
12.02967467739719
 20
-0.3498239970601488
 30
0.0
 11
11.92105347857516
 21
-0.4584451958821876
 31
0.0
  0
LINE
  5
403
330
1F
100
AcDbEntity
  8
0
 62
   250
100
AcDbLine
 10
12.02967467739719
 20
-0.3498239970601488
 30
0.0
 11
12.13829587621923
 21
-0.3498239970601488
 31
0.0
  0
LINE
  5
404
330
1F
100
AcDbEntity
  8
0
 62
   250
100
AcDbLine
 10
9.67967467739719
 20
-0.3498239970601488
 30
0.0
 11
10.37191379374368
 21
-0.3498239970601546
 31
0.0
  0
LINE
  5
405
330
1F
100
AcDbEntity
  8
0
 62
   250
100
AcDbLine
 10
11.3374355610507
 20
-0.3498239970601546
 30
0.0
 11
12.0296746773972
 21
-0.3498239970601488
 31
0.0
  0
LINE
  5
406
330
1F
100
AcDbEntity
  8
0
 62
   250
100
AcDbLine
 10
13.27930084505271
 20
-0.0627926055230437
 30
0.0
 11
13.27930084505271
 21
-2.192635361144226
 31
0.0
  0
LINE
  5
407
330
1F
100
AcDbEntity
  8
0
 62
   250
100
AcDbLine
 10
9.679674677397204
 20
0.4872073944770045
 30
0.0
 11
9.679674677397204
 21
-2.192635361144227
 31
0.0
  0
LINE
  5
408
330
1F
100
AcDbEntity
  8
0
 62
   250
100
AcDbLine
 10
13.38792204387475
 20
-2.011600029774161
 30
0.0
 11
13.27930084505271
 21
-2.1202212285962
 31
0.0
  0
LINE
  5
409
330
1F
100
AcDbEntity
  8
0
 62
   250
100
AcDbLine
 10
13.27930084505271
 20
-2.1202212285962
 30
0.0
 11
13.17067964623067
 21
-2.228842427418239
 31
0.0
  0
LINE
  5
40A
330
1F
100
AcDbEntity
  8
0
 62
   250
100
AcDbLine
 10
13.27930084505271
 20
-2.1202212285962
 30
0.0
 11
13.38792204387475
 21
-2.1202212285962
 31
0.0
  0
LINE
  5
40B
330
1F
100
AcDbEntity
  8
0
 62
   250
100
AcDbLine
 10
9.571053478575164
 20
-2.228842427418239
 30
0.0
 11
9.679674677397204
 21
-2.1202212285962
 31
0.0
  0
LINE
  5
40C
330
1F
100
AcDbEntity
  8
0
 62
   250
100
AcDbLine
 10
9.679674677397204
 20
-2.1202212285962
 30
0.0
 11
9.788295876219243
 21
-2.011600029774161
 31
0.0
  0
LINE
  5
40D
330
1F
100
AcDbEntity
  8
0
 62
   250
100
AcDbLine
 10
9.679674677397204
 20
-2.1202212285962
 30
0.0
 11
9.571053478575164
 21
-2.1202212285962
 31
0.0
  0
LINE
  5
40E
330
1F
100
AcDbEntity
  8
0
 62
   250
100
AcDbLine
 10
13.27930084505271
 20
-2.1202212285962
 30
0.0
 11
11.96224864487846
 21
-2.1202212285962
 31
0.0
  0
LINE
  5
40F
330
1F
100
AcDbEntity
  8
0
 62
   250
100
AcDbLine
 10
10.99672687757145
 20
-2.1202212285962
 30
0.0
 11
9.679674677397204
 21
-2.1202212285962
 31
0.0
  0
LINE
  5
410
330
1F
100
AcDbEntity
  8
0
 62
   250
100
AcDbLine
 10
-9.620699154947383
 20
0.3615249443171288
 30
0.0
 11
-9.620699154947383
 21
-3.203513064833878
 31
0.0
  0
LINE
  5
411
330
1F
100
AcDbEntity
  8
0
 62
   250
100
AcDbLine
 10
-13.37069915494738
 20
0.3615249443171634
 30
0.0
 11
-13.37069915494738
 21
-3.203513064833878
 31
0.0
  0
LINE
  5
412
330
1F
100
AcDbEntity
  8
0
 62
   250
100
AcDbLine
 10
-9.512077956125344
 20
-3.022477733463814
 30
0.0
 11
-9.620699154947383
 21
-3.131098932285853
 31
0.0
  0
LINE
  5
413
330
1F
100
AcDbEntity
  8
0
 62
   250
100
AcDbLine
 10
-9.620699154947383
 20
-3.131098932285853
 30
0.0
 11
-9.729320353769422
 21
-3.239720131107892
 31
0.0
  0
LINE
  5
414
330
1F
100
AcDbEntity
  8
0
 62
   250
100
AcDbLine
 10
-9.620699154947383
 20
-3.131098932285853
 30
0.0
 11
-9.512077956125344
 21
-3.131098932285853
 31
0.0
  0
LINE
  5
415
330
1F
100
AcDbEntity
  8
0
 62
   250
100
AcDbLine
 10
-13.47932035376942
 20
-3.239720131107892
 30
0.0
 11
-13.37069915494738
 21
-3.131098932285853
 31
0.0
  0
LINE
  5
416
330
1F
100
AcDbEntity
  8
0
 62
   250
100
AcDbLine
 10
-13.37069915494738
 20
-3.131098932285853
 30
0.0
 11
-13.26207795612534
 21
-3.022477733463814
 31
0.0
  0
LINE
  5
417
330
1F
100
AcDbEntity
  8
0
 62
   250
100
AcDbLine
 10
-13.37069915494738
 20
-3.131098932285853
 30
0.0
 11
-13.47932035376942
 21
-3.131098932285853
 31
0.0
  0
LINE
  5
418
330
1F
100
AcDbEntity
  8
0
 62
   250
100
AcDbLine
 10
-9.620699154947383
 20
-3.131098932285853
 30
0.0
 11
-11.01293827129387
 21
-3.131098932285859
 31
0.0
  0
LINE
  5
419
330
1F
100
AcDbEntity
  8
0
 62
   250
100
AcDbLine
 10
-11.97846003860089
 20
-3.131098932285859
 30
0.0
 11
-13.37069915494738
 21
-3.131098932285853
 31
0.0
  0
MTEXT
  5
41B
330
1F
100
AcDbEntity
  8
0
 62
   250
100
AcDbMText
 10
-8.458632593829158
 20
9.147442282977002
 30
0.0
 40
0.2088829101827331
 41
0.0
 71
     7
 72
     1
  1
11.25 m
  7
TAHOMA
  0
MTEXT
  5
41C
330
1F
100
AcDbEntity
  8
0
 62
   250
100
AcDbMText
 10
-0.0207016159206433
 20
-9.352592036596562
 30
0.0
 40
0.2088829101827331
 41
0.0
 71
     7
 72
     1
  1
15.15 m
  7
TAHOMA
  0
MTEXT
  5
41D
330
1F
100
AcDbEntity
  8
0
 62
   250
100
AcDbMText
 10
13.38936066871135
 20
-0.3822203517639031
 30
0.0
 40
0.2088829101827335
 41
0.0
 71
     7
 72
     1
  1
1.70 m
  7
TAHOMA
  0
MTEXT
  5
41E
330
1F
100
AcDbEntity
  8
0
 62
   250
100
AcDbMText
 10
13.88890749456955
 20
-0.38222035176388
 30
0.0
 40
0.2088829101827335
 41
0.0
 71
     7
 72
     1
  1
2.00 m
  7
TAHOMA
  0
MTEXT
  5
41F
330
1F
100
AcDbEntity
  8
0
 62
   250
100
AcDbMText
 10
12.08483132972633
 20
-3.282220351763873
 30
0.0
 40
0.2088829101827336
 41
0.0
 71
     7
 72
     1
  1
3.80 m
  7
TAHOMA
  0
MTEXT
  5
420
330
1F
100
AcDbEntity
  8
0
 62
   250
100
AcDbMText
 10
10.2327470276731
 20
-6.289471600076994
 30
0.0
 40
0.2088829101827336
 41
0.0
 71
     7
 72
     1
  1
5.20 m
  7
TAHOMA
  0
MTEXT
  5
421
330
1F
100
AcDbEntity
  8
0
 62
   250
100
AcDbMText
 10
13.88890749456955
 20
-3.382220351763908
 30
0.0
 40
0.2088829101827336
 41
0.0
 71
     7
 72
     1
  1
4.00 m
  7
TAHOMA
  0
MTEXT
  5
422
330
1F
100
AcDbEntity
  8
0
 62
   250
100
AcDbMText
 10
8.357933943845408
 20
2.253401395111651
 30
0.0
 40
0.2088829101827336
 41
0.0
 71
     7
 72
     1
  1
1.45 m
  7
TAHOMA
  0
MTEXT
  5
423
330
1F
100
AcDbEntity
  8
0
 62
   250
100
AcDbMText
 10
8.357933943845413
 20
-0.786966261349286
 30
0.0
 40
0.2088829101827335
 41
0.0
 71
     7
 72
     1
  1
1.05 m
  7
TAHOMA
  0
MTEXT
  5
424
330
1F
100
AcDbEntity
  8
0
 62
   250
100
AcDbMText
 10
6.707747024616974
 20
-4.766742500055058
 30
0.0
 40
0.2088829101827336
 41
0.0
 71
     7
 72
     1
  1
1.85 m
  7
TAHOMA
  0
MTEXT
  5
425
330
1F
100
AcDbEntity
  8
0
 62
   250
100
AcDbMText
 10
4.88589043784951
 20
-0.3822203517638512
 30
0.0
 40
0.2088829101827335
 41
0.0
 71
     7
 72
     1
  1
1.45 m
  7
TAHOMA
  0
MTEXT
  5
426
330
1F
100
AcDbEntity
  8
0
 62
   250
100
AcDbMText
 10
-8.792252972326887
 20
-3.235009833166084
 30
0.0
 40
0.2088829101827336
 41
0.0
 71
     7
 72
     1
  1
2.55 m
  7
TAHOMA
  0
MTEXT
  5
427
330
1F
100
AcDbEntity
  8
0
 62
   250
100
AcDbMText
 10
-8.042252972334373
 20
0.1056237392482042
 30
0.0
 40
0.2088829101827335
 41
0.0
 71
     7
 72
     1
  1
1.05 m
  7
TAHOMA
  0
MTEXT
  5
428
330
1F
100
AcDbEntity
  8
0
 62
   250
100
AcDbMText
 10
-9.31725297240546
 20
-0.4537348979403822
 30
0.0
 40
0.2088829101827335
 41
0.0
 71
     7
 72
     1
  1
1.20 m
  7
TAHOMA
  0
MTEXT
  5
429
330
1F
100
AcDbEntity
  8
0
 62
   250
100
AcDbMText
 10
-5.331651668029257
 20
-0.2579028017268463
 30
0.0
 40
0.2088829101827335
 41
0.0
 71
     7
 72
     1
  1
1.20 m
  7
TAHOMA
  0
MTEXT
  5
42A
330
1F
100
AcDbEntity
  8
0
 62
   250
100
AcDbMText
 10
-9.317252972347049
 20
-2.050350800025611
 30
0.0
 40
0.2088829101827336
 41
0.0
 71
     7
 72
     1
  1
1.20 m
  7
TAHOMA
  0
MTEXT
  5
42B
330
1F
100
AcDbEntity
  8
0
 62
   250
100
AcDbMText
 10
-6.47429673212678
 20
-7.682902801923805
 30
0.0
 40
0.2088829101827331
 41
0.0
 71
     7
 72
     1
  1
0.65 m
  7
TAHOMA
  0
MTEXT
  5
42C
330
1F
100
AcDbEntity
  8
0
 62
   250
100
AcDbMText
 10
-10.66678721734297
 20
-9.359184047789922
 30
0.0
 40
0.2088829101827331
 41
0.0
 71
     7
 72
     1
  1
6.30 m
  7
TAHOMA
  0
MTEXT
  5
42D
330
1F
100
AcDbEntity
  8
0
 62
   250
100
AcDbMText
 10
-14.7820151293285
 20
-3.907902801923722
 30
0.0
 40
0.2088829101827336
 41
0.0
 71
     7
 72
     1
  1
8.50 m
  7
TAHOMA
  0
MTEXT
  5
42E
330
1F
100
AcDbEntity
  8
0
 62
   250
100
AcDbMText
 10
-14.7820151293285
 20
2.542097198076307
 30
0.0
 40
0.2088829101827336
 41
0.0
 71
     7
 72
     1
  1
4.10 m
  7
TAHOMA
  0
MTEXT
  5
42F
330
1F
100
AcDbEntity
  8
0
 62
   250
100
AcDbMText
 10
-14.78201512932851
 20
6.242097198076315
 30
0.0
 40
0.2088829101827336
 41
0.0
 71
     7
 72
     1
  1
2.90 m
  7
TAHOMA
  0
MTEXT
  5
430
330
1F
100
AcDbEntity
  8
0
 62
   250
100
AcDbMText
 10
-11.26725297232683
 20
3.31778522673692
 30
0.0
 40
0.2088829101827336
 41
0.0
 71
     7
 72
     1
  1
5.10 m
  7
TAHOMA
  0
MTEXT
  5
431
330
1F
100
AcDbEntity
  8
0
 62
   250
100
AcDbMText
 10
-10.45209649455095
 20
6.942172261859723
 30
0.0
 40
0.2088829101827331
 41
0.0
 71
     7
 72
     1
  1
1.50 m
  7
TAHOMA
  0
MTEXT
  5
432
330
1F
100
AcDbEntity
  8
0
 62
   250
100
AcDbMText
 10
-9.169648845871928
 20
5.613213935249393
 30
0.0
 40
0.2088829101827336
 41
0.0
 71
     7
 72
     1
  1
1.20 m
  7
TAHOMA
  0
MTEXT
  5
433
330
1F
100
AcDbEntity
  8
0
 62
   250
100
AcDbMText
 10
-8.04225297232683
 20
3.31778522673692
 30
0.0
 40
0.2088829101827336
 41
0.0
 71
     7
 72
     1
  1
1.05 m
  7
TAHOMA
  0
MTEXT
  5
434
330
1F
100
AcDbEntity
  8
0
 62
   250
100
AcDbMText
 10
-5.33165166802926
 20
5.317097198076237
 30
0.0
 40
0.2088829101827336
 41
0.0
 71
     7
 72
     1
  1
1.05 m
  7
TAHOMA
  0
MTEXT
  5
435
330
1F
100
AcDbEntity
  8
0
 62
   250
100
AcDbMText
 10
-3.767252972326804
 20
6.917185114733259
 30
0.0
 40
0.2088829101827331
 41
0.0
 71
     7
 72
     1
  1
2.00 m
  7
TAHOMA
  0
MTEXT
  5
436
330
1F
100
AcDbEntity
  8
0
 62
   250
100
AcDbMText
 10
-6.742252972326805
 20
7.347424538509434
 30
0.0
 40
0.2088829101827331
 41
0.0
 71
     7
 72
     1
  1
3.65 m
  7
TAHOMA
  0
MTEXT
  5
437
330
1F
100
AcDbEntity
  8
0
 62
   250
100
AcDbMText
 10
-11.86964884587191
 20
7.347424538509434
 30
0.0
 40
0.2088829101827331
 41
0.0
 71
     7
 72
     1
  1
3.90 m
  7
TAHOMA
  0
MTEXT
  5
438
330
1F
100
AcDbEntity
  8
0
 62
   250
100
AcDbMText
 10
-11.19225297232683
 20
5.09378946158665
 30
0.0
 40
0.2088829101827336
 41
0.0
 71
     7
 72
     1
  1
5.25 m
  7
TAHOMA
  0
MTEXT
  5
439
330
1F
100
AcDbEntity
  8
0
 62
   250
100
AcDbMText
 10
-10.85803372626465
 20
-0.3329028019237321
 30
0.0
 40
0.2088829101827335
 41
0.0
 71
     7
 72
     1
  1
1.35 m
  7
TAHOMA
  0
MTEXT
  5
43A
330
1F
100
AcDbEntity
  8
0
 62
   250
100
AcDbMText
 10
-5.142252972326831
 20
3.956728127321044
 30
0.0
 40
0.2088829101827336
 41
0.0
 71
     7
 72
     1
  1
4.75 m
  7
TAHOMA
  0
MTEXT
  5
43B
330
1F
100
AcDbEntity
  8
0
 62
   250
100
AcDbMText
 10
-5.66725297232683
 20
1.774386652796503
 30
0.0
 40
0.2088829101827336
 41
0.0
 71
     7
 72
     1
  1
5.80 m
  7
TAHOMA
  0
MTEXT
  5
43C
330
1F
100
AcDbEntity
  8
0
 62
   250
100
AcDbMText
 10
10.4081208600177
 20
-0.4537348979403765
 30
0.0
 40
0.2088829101827335
 41
0.0
 71
     7
 72
     1
  1
2.35 m
  7
TAHOMA
  0
MTEXT
  5
43D
330
1F
100
AcDbEntity
  8
0
 62
   250
100
AcDbMText
 10
11.03293394384546
 20
-2.224132129476431
 30
0.0
 40
0.2088829101827336
 41
0.0
 71
     7
 72
     1
  1
3.60 m
  7
TAHOMA
  0
MTEXT
  5
43E
330
1F
100
AcDbEntity
  8
0
 62
   250
100
AcDbMText
 10
10.3552209543677
 20
2.744378312675442
 30
0.0
 40
0.2088829101827336
 41
0.0
 71
     7
 72
     1
  1
Cuarto 2
  7
TAHOMA
  0
MTEXT
  5
43F
330
1F
100
AcDbEntity
  8
0
 62
   250
100
AcDbMText
 10
9.124180701051259
 20
-3.459099042272104
 30
0.0
 40
0.2088829101827336
 41
0.0
 71
     7
 72
     1
  1
Cuarto 1
  7
TAHOMA
  0
MTEXT
  5
440
330
1F
100
AcDbEntity
  8
0
 62
   250
100
AcDbMText
 10
3.125876721656453
 20
-2.264265855229674
 30
0.0
 40
0.2088829101827336
 41
0.0
 71
     7
 72
     1
  1
Sala
  7
TAHOMA
  0
MTEXT
  5
441
330
1F
100
AcDbEntity
  8
0
 62
   250
100
AcDbMText
 10
-0.820693502210961
 20
-6.07807683609237
 30
0.0
 40
0.2088829101827336
 41
0.0
 71
     7
 72
     1
  1
Jardin
  7
TAHOMA
  0
MTEXT
  5
442
330
1F
100
AcDbEntity
  8
0
 62
   250
100
AcDbMText
 10
1.617248960239244
 20
3.094379953324237
 30
0.0
 40
0.2088829101827336
 41
0.0
 71
     7
 72
     1
  1
Jardin 2
  7
TAHOMA
  0
MTEXT
  5
443
330
1F
100
AcDbEntity
  8
0
 62
   250
100
AcDbMText
 10
-12.84143950518326
 20
-0.3211532985243233
 30
0.0
 40
0.2088829101827335
 41
0.0
 71
     7
 72
     1
  1
Lavanderia
  7
TAHOMA
  0
MTEXT
  5
444
330
1F
100
AcDbEntity
  8
0
 62
   250
100
AcDbMText
 10
-0.5189679499275212
 20
-2.288403899412351
 30
0.0
 40
0.2088829101827336
 41
0.0
 71
     7
 72
     1
  1
Comedor
  7
TAHOMA
  0
MTEXT
  5
445
330
1F
100
AcDbEntity
  8
0
 62
   250
100
AcDbMText
 10
-3.813810980862697
 20
-2.300472921503689
 30
0.0
 40
0.2088829101827336
 41
0.0
 71
     7
 72
     1
  1
Cocina
  7
TAHOMA
  0
MTEXT
  5
446
330
1F
100
AcDbEntity
  8
0
 62
   250
100
AcDbMText
 10
-10.53625628573777
 20
-3.857376771286246
 30
0.0
 40
0.2088829101827336
 41
0.0
 71
     7
 72
     1
  1
Garaje
  7
TAHOMA
  0
MTEXT
  5
447
330
1F
100
AcDbEntity
  8
0
 62
   250
100
AcDbMText
 10
-5.829337670116084
 20
2.370238627843978
 30
0.0
 40
0.2088829101827336
 41
0.0
 71
     7
 72
     1
  1
Cuarto principal
  7
TAHOMA
  0
MTEXT
  5
448
330
1F
100
AcDbEntity
  8
0
 62
   250
100
AcDbMText
 10
-10.78970574965585
 20
2.165065252291237
 30
0.0
 40
0.2088829101827336
 41
0.0
 71
     7
 72
     1
  1
Cine
  7
TAHOMA
  0
MTEXT
  5
449
330
1F
100
AcDbEntity
  8
0
 62
   250
100
AcDbMText
 10
-3.982777290141424
 20
6.063359387793293
 30
0.0
 40
0.2088829101827336
 41
0.0
 71
     7
 72
     1
  1
Regadera
  7
TAHOMA
  0
MTEXT
  5
44A
330
1F
100
AcDbEntity
  8
0
 62
   250
100
AcDbMText
 10
-7.060377923432523
 20
6.051290365701961
 30
0.0
 40
0.2088829101827336
 41
0.0
 71
     7
 72
     1
  1
Bano
  7
TAHOMA
  0
MTEXT
  5
44B
330
1F
100
AcDbEntity
  8
0
 62
   250
100
AcDbMText
 10
-11.15177641239599
 20
5.677150680870492
 30
0.0
 40
0.2088829101827336
 41
0.0
 71
     7
 72
     1
  1
Closet
  7
TAHOMA
  0
MTEXT
  5
44C
330
1F
100
AcDbEntity
  8
0
 62
   250
100
AcDbMText
 10
-9.244870921964637
 20
6.859914845821575
 30
0.0
 40
0.2088829101827331
 41
0.0
 71
     7
 72
     1
  1
Taza
  7
TAHOMA
  0
MTEXT
  5
44D
330
1F
100
AcDbEntity
  8
0
 62
   250
100
AcDbMText
 10
10.47591117528107
 20
0.0167793200331345
 30
0.0
 40
0.2088829101827335
 41
0.0
 71
     7
 72
     1
  1
Bano
  7
TAHOMA
  0
MTEXT
  5
44E
330
1F
100
AcDbEntity
  8
0
 62
   250
100
AcDbMText
 10
-11.94225297232687
 20
-3.235009833166084
 30
0.0
 40
0.2088829101827336
 41
0.0
 71
     7
 72
     1
  1
3.75 m
  7
TAHOMA
  0
ENDSEC
  0
SECTION
  2
OBJECTS
  0
DICTIONARY
  5
C
330
0
100
AcDbDictionary
  3
ACAD_GROUP
350
D
  3
ACAD_LAYOUT
350
1A
  3
ACAD_MATERIAL
350
43
  3
ACAD_MLEADERSTYLE
350
5B
  3
ACAD_MLINESTYLE
350
17
  3
ACAD_PLOTSETTINGS
350
19
  3
ACAD_SCALELIST
350
47
  3
ACAD_VISUALSTYLE
350
2A
  3
ACDBHEADERROUNDTRIPXREC
350
44F
  3
ACDBVARIABLEDICTIONARY
350
470
  3
DWGPROPS
350
477
  0
DICTIONARY
  5
478
330
8
100
AcDbDictionary
280
     1
  3
ACAD_XREC_ROUNDTRIP
360
479
  0
DICTIONARY
  5
D
102
{ACAD_REACTORS
330
C
102
}
330
C
100
AcDbDictionary
  0
DICTIONARY
  5
1A
102
{ACAD_REACTORS
330
C
102
}
330
C
100
AcDbDictionary
  0
DICTIONARY
  5
43
102
{ACAD_REACTORS
330
C
102
}
330
C
100
AcDbDictionary
  3
BYBLOCK
350
45
  3
BYLAYER
350
44
  3
GLOBAL
350
46
  0
DICTIONARY
  5
5B
102
{ACAD_REACTORS
330
C
102
}
330
C
100
AcDbDictionary
  3
STANDARD
350
5C
  0
DICTIONARY
  5
17
102
{ACAD_REACTORS
330
C
102
}
330
C
100
AcDbDictionary
  3
STANDARD
350
18
  0
DICTIONARY
  5
19
102
{ACAD_REACTORS
330
C
102
}
330
C
100
AcDbDictionary
  0
DICTIONARY
  5
47
102
{ACAD_REACTORS
330
C
102
}
330
C
100
AcDbDictionary
  3
A0
350
48
  3
A1
350
49
  3
A2
350
4A
  3
A3
350
4B
  3
A4
350
4C
  3
A5
350
4D
  3
A6
350
4E
  3
A7
350
4F
  3
A8
350
50
  3
A9
350
51
  3
B1
350
52
  3
B2
350
53
  3
B3
350
54
  3
B4
350
55
  3
B5
350
56
  3
B6
350
57
  3
B7
350
58
  0
DICTIONARY
  5
2A
102
{ACAD_REACTORS
330
C
102
}
330
C
100
AcDbDictionary
  3
2DWIREFRAME
350
2F
  3
BASIC
350
32
  3
BRIGHTEN
350
36
  3
COLORCHANGE
350
3A
  3
CONCEPTUAL
350
34
  3
DIM
350
35
  3
EDGECOLOROFF
350
3D
  3
FACEPATTERN
350
39
  3
FLAT
350
2B
  3
FLATWITHEDGES
350
2C
  3
GOURAUD
350
2D
  3
GOURAUDWITHEDGES
350
2E
  3
HIDDEN
350
31
  3
JITTEROFF
350
3B
  3
LINEPATTERN
350
38
  3
OVERHANGOFF
350
3C
  3
REALISTIC
350
33
  3
SHADED
350
42
  3
SHADED_WITH_EDGES
350
41
  3
SHADES_OF_GRAY
350
3E
  3
SKETCHY
350
3F
  3
THICKEN
350
37
  3
WIREFRAME
350
30
  3
X-RAY
350
40
  0
DICTIONARY
  5
44F
102
{ACAD_REACTORS
330
C
102
}
330
C
100
AcDbDictionary
  3
CEPSNID
350
459
  3
CEPSNTYPE
350
458
  3
DIMSTYLEDATA
350
46F
  3
FINGERPRINTGUID
350
45A
  3
HYPERLINKBASE
350
452
  3
INSUNITS
350
457
  3
LAYOUTDICT
350
454
  3
LWETCUNION
350
456
  3
PLOTSETDICT
350
455
  3
PSVPSCALE
350
45C
  3
PUCSBASE
350
45F
  3
PUCSORGBACK
350
465
  3
PUCSORGBOTTOM
350
461
  3
PUCSORGFRONT
350
464
  3
PUCSORGLEFT
350
462
  3
PUCSORGRIGHT
350
463
  3
PUCSORGTOP
350
460
  3
PUCSORTHOREF
350
45D
  3
PUCSORTHOVIEW
350
45E
  3
STYLESHEET
350
453
  3
TSTACKALIGN
350
450
  3
TSTACKSIZE
350
451
  3
UCSBASE
350
468
  3
UCSORGBACK
350
46E
  3
UCSORGBOTTOM
350
46A
  3
UCSORGFRONT
350
46D
  3
UCSORGLEFT
350
46B
  3
UCSORGRIGHT
350
46C
  3
UCSORGTOP
350
469
  3
UCSORTHOREF
350
466
  3
UCSORTHOVIEW
350
467
  3
VERSIONGUID
350
45B
  0
DICTIONARY
  5
470
102
{ACAD_REACTORS
330
C
102
}
330
C
100
AcDbDictionary
  3
CANNOSCALE
350
47A
  3
CMLEADERSTYLE
350
472
  3
CTABLESTYLE
350
471
  3
DIMASSOC
350
475
  3
HIDETEXT
350
476
  3
MSLTSCALE
350
47B
  0
XRECORD
  5
477
102
{ACAD_REACTORS
330
C
102
}
330
C
100
AcDbXrecord
  1
DWGPROPS COOKIE
  2

  3

  4

  6

  7

  8
mobile
  9

300
=
301
=
302
=
303
=
304
=
305
=
306
=
307
=
308
=
309
=
 40
0.0
 41
2461186.008139827
 42
2461186.008140151
  1

 90
        0
  0
XRECORD
  5
479
102
{ACAD_REACTORS
330
478
102
}
330
478
100
AcDbXrecord
102
VTR_0.000_0.000_1.000_1.000_VISUALSTYLE
340
2F
102
VTR_0.000_0.000_1.000_1.000_GRIDDISPLAY
 70
     3
102
VTR_0.000_0.000_1.000_1.000_GRIDMAJOR
 70
     5
102
VTR_0.000_0.000_1.000_1.000_DEFAULTLIGHTING
280
     1
102
VTR_0.000_0.000_1.000_1.000_DEFAULTLIGHTINGTYPE
 70
     1
102
VTR_0.000_0.000_1.000_1.000_BRIGHTNESS
141
0.0
102
VTR_0.000_0.000_1.000_1.000_CONTRAST
142
0.0
  0
MATERIAL
  5
45
102
{ACAD_REACTORS
330
43
102
}
102
{ACAD_XDICTIONARY
360
47E
102
}
330
43
100
AcDbMaterial
  1
BYBLOCK
  0
MATERIAL
  5
44
102
{ACAD_REACTORS
330
43
102
}
102
{ACAD_XDICTIONARY
360
47C
102
}
330
43
100
AcDbMaterial
  1
BYLAYER
  0
MATERIAL
  5
46
102
{ACAD_REACTORS
330
43
102
}
102
{ACAD_XDICTIONARY
360
480
102
}
330
43
100
AcDbMaterial
  1
GLOBAL
  0
ACAD_PROXY_OBJECT
  5
5C
102
{ACAD_REACTORS
330
5B
102
}
330
5B
100
AcDbProxyObject
 90
      499
 91
      505
 93
      610
310
40901902A4063FBFFFFFE056BD1B81E855B9FC0AD7A3703D0AD73F4214DD185B99185C9900AD7A3703D0AC73F90141901A02B5E8DC0F42B1CFC02B5E8DC0F42B1CFE5764000000000000300FC0
340
14
340
0
340
11
340
0
 94
        0
1001
ACAD_MLEADERVER
1070
     2
  0
MLINESTYLE
  5
18
102
{ACAD_REACTORS
330
17
102
}
330
17
100
AcDbMlineStyle
  2
Standard
 70
     0
  3

 62
   256
 51
90.0
 52
90.0
 71
     2
 49
0.5
 62
   256
  6
BYLAYER
 49
-0.5
 62
   256
  6
BYLAYER
  0
ACAD_PROXY_OBJECT
  5
48
102
{ACAD_REACTORS
330
47
102
}
330
47
100
AcDbProxyObject
 90
      499
 91
      503
 93
       41
310
903313A31580
  0
ACAD_PROXY_OBJECT
  5
49
102
{ACAD_REACTORS
330
47
102
}
330
47
100
AcDbProxyObject
 90
      499
 91
      503
 93
      257
310
90E312F31323822203D2031272D3022000000000000200FC000000000000284000
  0
ACAD_PROXY_OBJECT
  5
4A
102
{ACAD_REACTORS
330
47
102
}
330
47
100
AcDbProxyObject
 90
      499
 91
      503
 93
      249
310
90D312F363422203D2031272D3022000000000000240FC000000000000284000
  0
ACAD_PROXY_OBJECT
  5
4B
102
{ACAD_REACTORS
330
47
102
}
330
47
100
AcDbProxyObject
 90
      499
 91
      503
 93
      249
310
90D312F333222203D2031272D3022000000000000280FC000000000000284000
  0
ACAD_PROXY_OBJECT
  5
4C
102
{ACAD_REACTORS
330
47
102
}
330
47
100
AcDbProxyObject
 90
      499
 91
      503
 93
      249
310
90D312F313622203D2031272D30220000000000002C0FC000000000000284000
  0
ACAD_PROXY_OBJECT
  5
4D
102
{ACAD_REACTORS
330
47
102
}
330
47
100
AcDbProxyObject
 90
      499
 91
      503
 93
      249
310
90D332F333222203D2031272D30220000000000002E0FC000000000000284000
  0
ACAD_PROXY_OBJECT
  5
4E
102
{ACAD_REACTORS
330
47
102
}
330
47
100
AcDbProxyObject
 90
      499
 91
      503
 93
      241
310
90C312F3822203D2031272D3022000000000000300FC000000000000284000
  0
ACAD_PROXY_OBJECT
  5
4F
102
{ACAD_REACTORS
330
47
102
}
330
47
100
AcDbProxyObject
 90
      499
 91
      503
 93
      249
310
90D332F313622203D2031272D3022000000000000320FC000000000000284000
  0
ACAD_PROXY_OBJECT
  5
50
102
{ACAD_REACTORS
330
47
102
}
330
47
100
AcDbProxyObject
 90
      499
 91
      503
 93
      241
310
90C312F3422203D2031272D3022000000000000340FC000000000000284000
  0
ACAD_PROXY_OBJECT
  5
51
102
{ACAD_REACTORS
330
47
102
}
330
47
100
AcDbProxyObject
 90
      499
 91
      503
 93
      241
310
90C332F3822203D2031272D3022000000000000360FC000000000000284000
  0
ACAD_PROXY_OBJECT
  5
52
102
{ACAD_REACTORS
330
47
102
}
330
47
100
AcDbProxyObject
 90
      499
 91
      503
 93
      241
310
90C312F3222203D2031272D3022000000000000380FC000000000000284000
  0
ACAD_PROXY_OBJECT
  5
53
102
{ACAD_REACTORS
330
47
102
}
330
47
100
AcDbProxyObject
 90
      499
 91
      503
 93
      241
310
90C332F3422203D2031272D30220000000000003A0FC000000000000284000
  0
ACAD_PROXY_OBJECT
  5
54
102
{ACAD_REACTORS
330
47
102
}
330
47
100
AcDbProxyObject
 90
      499
 91
      503
 93
      161
310
90A3122203D2031272D30224000000000000284000
  0
ACAD_PROXY_OBJECT
  5
55
102
{ACAD_REACTORS
330
47
102
}
330
47
100
AcDbProxyObject
 90
      499
 91
      503
 93
      257
310
90E312D312F3222203D2031272D30220000000000003E0FC000000000000284000
  0
ACAD_PROXY_OBJECT
  5
56
102
{ACAD_REACTORS
330
47
102
}
330
47
100
AcDbProxyObject
 90
      499
 91
      503
 93
      225
310
90A3322203D2031272D302200000000000002100000000000000284000
  0
ACAD_PROXY_OBJECT
  5
57
102
{ACAD_REACTORS
330
47
102
}
330
47
100
AcDbProxyObject
 90
      499
 91
      503
 93
      225
310
90A3622203D2031272D302200000000000006100000000000000284000
  0
ACAD_PROXY_OBJECT
  5
58
102
{ACAD_REACTORS
330
47
102
}
330
47
100
AcDbProxyObject
 90
      499
 91
      503
 93
      249
310
90D31272D3022203D2031272D30220000000000000A100000000000000284000
  0
ACAD_PROXY_OBJECT
  5
2F
102
{ACAD_REACTORS
330
2A
102
}
330
2A
100
AcDbProxyObject
 90
      499
 91
      501
 93
      436
310
42CC9915DA5C99599C985B595049028333333333333E33F0000000000000F90107901411070040501600405405064090741402480A0340
1001
ACAD
1000
AcDbSavedByObjectVersion
1070
     0
  0
ACAD_PROXY_OBJECT
  5
32
102
{ACAD_REACTORS
330
2A
102
}
330
2A
100
AcDbProxyObject
 90
      499
 91
      501
 93
      388
310
4150985CDA58D07406404333333333333E33F0000000000000F90107A41107004050150841D405064090741402480A0350
1001
ACAD
1000
AcDbSavedByObjectVersion
1070
     0
  0
ACAD_PROXY_OBJECT
  5
36
102
{ACAD_REACTORS
330
2A
102
}
330
2A
100
AcDbProxyObject
 90
      499
 91
      501
 93
      428
310
42109C9A59DA1D195B90C409028333333333333E33F0000000000000F9010790141107004050150841D405064090741402480A029950
1001
ACAD
1000
AcDbSavedByObjectVersion
1070
     0
  0
ACAD_PROXY_OBJECT
  5
3A
102
{ACAD_REACTORS
330
2A
102
}
330
2A
100
AcDbProxyObject
 90
      499
 91
      501
 93
      452
310
42D0DBDB1BDC90DA185B99D95104090240C333333333333E33F0000000000000F90108901411070040501508421405064090741402480A0350
1001
ACAD
1000
AcDbSavedByObjectVersion
1070
     0
  0
ACAD_PROXY_OBJECT
  5
34
102
{ACAD_REACTORS
330
2A
102
}
330
2A
100
AcDbProxyObject
 90
      499
 91
      501
 93
      500
310
4290DBDB98D95C1D1D585B10940D028333333333333E33F0000000000000F90107902409070040501000000000018199010841D405064090740C02480A0340
1001
ACAD
1000
AcDbSavedByObjectVersion
1070
     0
  0
ACAD_PROXY_OBJECT
  5
35
102
{ACAD_REACTORS
330
2A
102
}
330
2A
100
AcDbProxyObject
 90
      499
 91
      501
 93
      412
310
40D11A5B50B409028333333333333E33F0000000000000F9010790141107004050150841D405064090741402480A02677FFFFFD0
1001
ACAD
1000
AcDbSavedByObjectVersion
1070
     0
  0
ACAD_PROXY_OBJECT
  5
3D
102
{ACAD_REACTORS
330
2A
102
}
330
2A
100
AcDbProxyObject
 90
      499
 91
      501
 93
      452
310
43115919D950DBDB1BDC93D999916409028333333333333E33F0000000000000F9010790141107004050150841D405064090741402480A0350
1001
ACAD
1000
AcDbSavedByObjectVersion
1070
     0
  0
ACAD_PROXY_OBJECT
  5
39
102
{ACAD_REACTORS
330
2A
102
}
330
2A
100
AcDbProxyObject
 90
      499
 91
      501
 93
      444
310
42D19858D95C185D1D195C9B90F409028333333333333E33F0000000000000F9010790141107004050150841D405064090741402480A0350
1001
ACAD
1000
AcDbSavedByObjectVersion
1070
     0
  0
ACAD_PROXY_OBJECT
  5
2B
102
{ACAD_REACTORS
330
2A
102
}
330
2A
100
AcDbProxyObject
 90
      499
 91
      501
 93
      380
310
41119B185D240901404333333333333E33F0000000000000F9010740A907004050150841D405064090741402480A1B50
1001
ACAD
1000
AcDbSavedByObjectVersion
1070
     0
  0
ACAD_PROXY_OBJECT
  5
2C
102
{ACAD_REACTORS
330
2A
102
}
330
2A
100
AcDbProxyObject
 90
      499
 91
      501
 93
      468
310
43519B185D15DA5D1A115919D95CD0140901404333333333333E33F0000000000000F90107409019070040501600405405064090741402480A1B50
1001
ACAD
1000
AcDbSavedByObjectVersion
1070
     0
  0
ACAD_PROXY_OBJECT
  5
2D
102
{ACAD_REACTORS
330
2A
102
}
330
2A
100
AcDbProxyObject
 90
      499
 91
      501
 93
      404
310
41D1DBDD5C985D5910240902404333333333333E33F0000000000000F9010740A9070040501641D405064090741402480A1B50
1001
ACAD
1000
AcDbSavedByObjectVersion
1070
     0
  0
ACAD_PROXY_OBJECT
  5
2E
102
{ACAD_REACTORS
330
2A
102
}
330
2A
100
AcDbProxyObject
 90
      499
 91
      501
 93
      492
310
4411DBDD5C985D5915DA5D1A115919D95CD0340902404333333333333E33F0000000000000F90107409019070040501600405405064090741402480A1B50
1001
ACAD
1000
AcDbSavedByObjectVersion
1070
     0
  0
ACAD_PROXY_OBJECT
  5
31
102
{ACAD_REACTORS
330
2A
102
}
330
2A
100
AcDbProxyObject
 90
      499
 91
      501
 93
      476
310
41921A5919195B90640502408333333333333E33F0000000000000F901079024090700405020000000000001110200405405064090740C02480A0340
1001
ACAD
1000
AcDbSavedByObjectVersion
1070
     0
  0
ACAD_PROXY_OBJECT
  5
3B
102
{ACAD_REACTORS
330
2A
102
}
330
2A
100
AcDbProxyObject
 90
      499
 91
      501
 93
      428
310
42529A5D1D195C93D999914409028333333333333E33F0000000000000F9010790141107004050150A41D405064090741402480A0350
1001
ACAD
1000
AcDbSavedByObjectVersion
1070
     0
  0
ACAD_PROXY_OBJECT
  5
38
102
{ACAD_REACTORS
330
2A
102
}
330
2A
100
AcDbProxyObject
 90
      499
 91
      501
 93
      444
310
42D31A5B995C185D1D195C9B90E409028333333333333E33F0000000000000F9010790141107004050750841D405064090741402483A0350
1001
ACAD
1000
AcDbSavedByObjectVersion
1070
     0
  0
ACAD_PROXY_OBJECT
  5
3C
102
{ACAD_REACTORS
330
2A
102
}
330
2A
100
AcDbProxyObject
 90
      499
 91
      501
 93
      444
310
42D3DD995C9A185B99D3D999915409028333333333333E33F0000000000000F9010790141107004050150941D405064090741402480A0350
1001
ACAD
1000
AcDbSavedByObjectVersion
1070
     0
  0
ACAD_PROXY_OBJECT
  5
33
102
{ACAD_REACTORS
330
2A
102
}
330
2A
100
AcDbProxyObject
 90
      499
 91
      501
 93
      428
310
425499585B1A5CDD1A58D08409038333333333333E33F0000000000000F9010740A907004050150800405405064090740C02480A1B40
1001
ACAD
1000
AcDbSavedByObjectVersion
1070
     0
  0
ACAD_PROXY_OBJECT
  5
42
102
{ACAD_REACTORS
330
2A
102
}
330
2A
100
AcDbProxyObject
 90
      499
 91
      501
 93
      420
310
4194DA1859195911B40902404333333333333E33F0000000000000F9010740A41107004050150800405405064090840C02480A0B40
1001
ACAD
1000
AcDbSavedByObjectVersion
1070
     0
  0
ACAD_PROXY_OBJECT
  5
41
102
{ACAD_REACTORS
330
2A
102
}
330
2A
100
AcDbProxyObject
 90
      499
 91
      501
 93
      516
310
4454DA18591959081DDA5D1A08195919D95CD1A40902404333333333333E33F0000000000000F901074090142907004050250800405405064090740C02480A0B40
1001
ACAD
1000
AcDbSavedByObjectVersion
1070
     0
  0
ACAD_PROXY_OBJECT
  5
3E
102
{ACAD_REACTORS
330
2A
102
}
330
2A
100
AcDbProxyObject
 90
      499
 91
      501
 93
      532
310
4394DA1859195CC81BD98811DC985E5174090240C333333333333E33F0000000000000F901079024090741D01000000000000111010841D405064090740C02480A0340
1001
ACAD
1000
AcDbSavedByObjectVersion
1070
     0
  0
ACAD_PROXY_OBJECT
  5
3F
102
{ACAD_REACTORS
330
2A
102
}
330
2A
100
AcDbProxyObject
 90
      499
 91
      501
 93
      476
310
41D4DAD95D18DA1E51840502408333333333333E33F0000000000000F901079024090741D01000000000000111010B41D405064090741802480A0340
1001
ACAD
1000
AcDbSavedByObjectVersion
1070
     0
  0
ACAD_PROXY_OBJECT
  5
37
102
{ACAD_REACTORS
330
2A
102
}
330
2A
100
AcDbProxyObject
 90
      499
 91
      501
 93
      412
310
41D51A1A58DAD95B90D409028333333333333E33F0000000000000F9010790141107004050150C41D405064090741402480A0350
1001
ACAD
1000
AcDbSavedByObjectVersion
1070
     0
  0
ACAD_PROXY_OBJECT
  5
30
102
{ACAD_REACTORS
330
2A
102
}
330
2A
100
AcDbProxyObject
 90
      499
 91
      501
 93
      420
310
4255DA5C99599C985B595059028333333333333E33F0000000000000F90107901411070040501600405405064090740C02480A0340
1001
ACAD
1000
AcDbSavedByObjectVersion
1070
     0
  0
ACAD_PROXY_OBJECT
  5
40
102
{ACAD_REACTORS
330
2A
102
}
330
2A
100
AcDbProxyObject
 90
      499
 91
      501
 93
      404
310
41560B54985E51940902404000000000000E03F0000000000000F9010740501907004050150841D405064090740C02480A1B40
1001
ACAD
1000
AcDbSavedByObjectVersion
1070
     0
  0
XRECORD
  5
459
102
{ACAD_REACTORS
330
44F
102
}
330
44F
100
AcDbXrecord
340
0
  0
XRECORD
  5
458
102
{ACAD_REACTORS
330
44F
102
}
330
44F
100
AcDbXrecord
 90
        0
  0
XRECORD
  5
46F
102
{ACAD_REACTORS
330
44F
102
}
330
44F
100
AcDbXrecord
1000
DSTYLE
1002
{
1070
   171
 70
     2
1070
   143
 40
25.4
1070
   274
 70
     2
1070
    41
 40
0.18
1070
   141
 40
0.09
1070
   271
 70
     4
1070
    43
 40
0.38
1070
   278
 70
    46
1070
    44
 40
0.18
1070
    42
 40
0.0625
1070
   147
 40
0.09
1070
    77
 70
     0
1070
   272
 70
     4
1070
    73
 70
     1
1070
   172
 70
     0
1070
    74
 70
     1
1070
   283
 70
     1
1070
   340
340
11
1070
   140
 40
0.18
1070
   284
 70
     0
1070
    78
 70
     0
1002
}
  0
XRECORD
  5
45A
102
{ACAD_REACTORS
330
44F
102
}
330
44F
100
AcDbXrecord
  1
{89fd24c1-adcd-4641-a4ff-3f263a8b531b}
  0
XRECORD
  5
452
102
{ACAD_REACTORS
330
44F
102
}
330
44F
100
AcDbXrecord
  1

  0
XRECORD
  5
457
102
{ACAD_REACTORS
330
44F
102
}
330
44F
100
AcDbXrecord
 90
        6
  0
XRECORD
  5
454
102
{ACAD_REACTORS
330
44F
102
}
330
44F
100
AcDbXrecord
340
1A
  0
XRECORD
  5
456
102
{ACAD_REACTORS
330
44F
102
}
330
44F
100
AcDbXrecord
 90
    10781
  0
XRECORD
  5
455
102
{ACAD_REACTORS
330
44F
102
}
330
44F
100
AcDbXrecord
340
19
  0
XRECORD
  5
45C
102
{ACAD_REACTORS
330
44F
102
}
330
44F
100
AcDbXrecord
 40
0.0
  0
XRECORD
  5
45F
102
{ACAD_REACTORS
330
44F
102
}
330
44F
100
AcDbXrecord
340
0
  0
XRECORD
  5
465
102
{ACAD_REACTORS
330
44F
102
}
330
44F
100
AcDbXrecord
 10
0.0
 20
0.0
 30
0.0
  0
XRECORD
  5
461
102
{ACAD_REACTORS
330
44F
102
}
330
44F
100
AcDbXrecord
 10
0.0
 20
0.0
 30
0.0
  0
XRECORD
  5
464
102
{ACAD_REACTORS
330
44F
102
}
330
44F
100
AcDbXrecord
 10
0.0
 20
0.0
 30
0.0
  0
XRECORD
  5
462
102
{ACAD_REACTORS
330
44F
102
}
330
44F
100
AcDbXrecord
 10
0.0
 20
0.0
 30
0.0
  0
XRECORD
  5
463
102
{ACAD_REACTORS
330
44F
102
}
330
44F
100
AcDbXrecord
 10
0.0
 20
0.0
 30
0.0
  0
XRECORD
  5
460
102
{ACAD_REACTORS
330
44F
102
}
330
44F
100
AcDbXrecord
 10
0.0
 20
0.0
 30
0.0
  0
XRECORD
  5
45D
102
{ACAD_REACTORS
330
44F
102
}
330
44F
100
AcDbXrecord
340
0
  0
XRECORD
  5
45E
102
{ACAD_REACTORS
330
44F
102
}
330
44F
100
AcDbXrecord
 70
     0
  0
XRECORD
  5
453
102
{ACAD_REACTORS
330
44F
102
}
330
44F
100
AcDbXrecord
  1

  0
XRECORD
  5
450
102
{ACAD_REACTORS
330
44F
102
}
330
44F
100
AcDbXrecord
 90
        1
  0
XRECORD
  5
451
102
{ACAD_REACTORS
330
44F
102
}
330
44F
100
AcDbXrecord
 90
       70
  0
XRECORD
  5
468
102
{ACAD_REACTORS
330
44F
102
}
330
44F
100
AcDbXrecord
340
0
  0
XRECORD
  5
46E
102
{ACAD_REACTORS
330
44F
102
}
330
44F
100
AcDbXrecord
 10
0.0
 20
0.0
 30
0.0
  0
XRECORD
  5
46A
102
{ACAD_REACTORS
330
44F
102
}
330
44F
100
AcDbXrecord
 10
0.0
 20
0.0
 30
0.0
  0
XRECORD
  5
46D
102
{ACAD_REACTORS
330
44F
102
}
330
44F
100
AcDbXrecord
 10
0.0
 20
0.0
 30
0.0
  0
XRECORD
  5
46B
102
{ACAD_REACTORS
330
44F
102
}
330
44F
100
AcDbXrecord
 10
0.0
 20
0.0
 30
0.0
  0
XRECORD
  5
46C
102
{ACAD_REACTORS
330
44F
102
}
330
44F
100
AcDbXrecord
 10
0.0
 20
0.0
 30
0.0
  0
XRECORD
  5
469
102
{ACAD_REACTORS
330
44F
102
}
330
44F
100
AcDbXrecord
 10
0.0
 20
0.0
 30
0.0
  0
XRECORD
  5
466
102
{ACAD_REACTORS
330
44F
102
}
330
44F
100
AcDbXrecord
340
0
  0
XRECORD
  5
467
102
{ACAD_REACTORS
330
44F
102
}
330
44F
100
AcDbXrecord
 70
     0
  0
XRECORD
  5
45B
102
{ACAD_REACTORS
330
44F
102
}
330
44F
100
AcDbXrecord
  1
{FAEB1C32-E019-11D5-929B-00C0DF256EC4}
  0
DICTIONARYVAR
  5
47A
102
{ACAD_REACTORS
330
470
102
}
330
470
100
DictionaryVariables
280
     0
  1
1:1
  0
DICTIONARYVAR
  5
472
102
{ACAD_REACTORS
330
470
102
}
330
470
100
DictionaryVariables
280
     0
  1
Standard
  0
DICTIONARYVAR
  5
471
102
{ACAD_REACTORS
330
470
102
}
330
470
100
DictionaryVariables
280
     0
  1
Standard
  0
DICTIONARYVAR
  5
475
102
{ACAD_REACTORS
330
470
102
}
330
470
100
DictionaryVariables
280
     0
  1
2
  0
DICTIONARYVAR
  5
476
102
{ACAD_REACTORS
330
470
102
}
330
470
100
DictionaryVariables
280
     0
  1
1
  0
DICTIONARYVAR
  5
47B
102
{ACAD_REACTORS
330
470
102
}
330
470
100
DictionaryVariables
280
     0
  1
1
  0
DICTIONARY
  5
47E
330
45
100
AcDbDictionary
280
     1
  3
ACAD_XREC_ROUNDTRIP
360
47F
  0
DICTIONARY
  5
47C
330
44
100
AcDbDictionary
280
     1
  3
ACAD_XREC_ROUNDTRIP
360
47D
  0
DICTIONARY
  5
480
330
46
100
AcDbDictionary
280
     1
  3
ACAD_XREC_ROUNDTRIP
360
481
  0
XRECORD
  5
47F
102
{ACAD_REACTORS
330
47E
102
}
330
47E
100
AcDbXrecord
102
MATERIAL
148
0.0
149
0.0
149
0.0
 93
        0
 94
      127
282
     0
 72
     1
 77
     1
171
     1
175
     1
179
     1
273
     0
  0
XRECORD
  5
47D
102
{ACAD_REACTORS
330
47C
102
}
330
47C
100
AcDbXrecord
102
MATERIAL
148
0.0
149
0.0
149
0.0
 93
        0
 94
      127
282
     0
 72
     1
 77
     1
171
     1
175
     1
179
     1
273
     0
  0
XRECORD
  5
481
102
{ACAD_REACTORS
330
480
102
}
330
480
100
AcDbXrecord
102
MATERIAL
148
0.0
149
0.0
149
0.0
 93
        0
 94
      127
282
     0
 72
     1
 77
     1
171
     1
175
     1
179
     1
273
     0
  0
ENDSEC
  0
EOF
